
1764023773: mosquitto version 2.0.22 starting
1764023773: Config loaded from /mosquitto/config/mosquitto.conf.
1764023773: Opening ipv4 listen socket on port 1883.
1764023773: mosquitto version 2.0.22 running
1764025574: Saving in-memory database to /mosquitto/data//mosquitto.db.
1764025836: New connection from 172.18.0.3:45276 on port 1883.
1764025836: Client <unknown> disconnected due to protocol error.
1764027320: mosquitto version 2.0.22 terminating
1764027320: Saving in-memory database to /mosquitto/data//mosquitto.db.
1764027322: mosquitto version 2.0.22 starting
1764027322: Config loaded from /mosquitto/config/mosquitto.conf.
1764027322: Opening ipv4 listen socket on port 1883.
1764027322: mosquitto version 2.0.22 running
1764027418: New connection from 172.18.0.3:49119 on port 1883.
1764027418: New client connected from 172.18.0.3:49119 as auto-F26A243E-CFD9-E871-398E-E5E9D53A48AE (p2, c1, k60).
1764029122: Saving in-memory database to /mosquitto/data//mosquitto.db.
1764033386: mosquitto version 2.0.22 terminating
1764033386: Saving in-memory database to /mosquitto/data//mosquitto.db.
1764094880: mosquitto version 2.0.22 starting
1764094880: Config loaded from /mosquitto/config/mosquitto.conf.
1764094880: Opening ipv4 listen socket on port 1883.
1764094880: mosquitto version 2.0.22 running
1764094887: New connection from 172.18.0.3:41175 on port 1883.
1764094887: New client connected from 172.18.0.3:41175 as auto-EB727999-4274-9FF1-3935-52CA3B050746 (p2, c1, k60).
1764094945: Client auto-EB727999-4274-9FF1-3935-52CA3B050746 closed its connection.
1764094952: New connection from 172.18.0.3:36387 on port 1883.
1764094952: New client connected from 172.18.0.3:36387 as auto-1B2942BE-7D3C-6C31-5BEA-606CF7BB6A0E (p2, c1, k60).
1764094952: Client auto-1B2942BE-7D3C-6C31-5BEA-606CF7BB6A0E closed its connection.
1764094960: New connection from 172.18.0.3:59017 on port 1883.
1764094960: New client connected from 172.18.0.3:59017 as auto-B459219E-B54B-A4D9-A6CA-056B2E72EC13 (p2, c1, k60).
1764094960: Client auto-B459219E-B54B-A4D9-A6CA-056B2E72EC13 closed its connection.
1764094967: New connection from 172.18.0.3:33033 on port 1883.
1764094967: New client connected from 172.18.0.3:33033 as auto-ECBD2A5F-5076-B43A-CDB2-ADC90CD9643E (p2, c1, k60).
1764094967: Client auto-ECBD2A5F-5076-B43A-CDB2-ADC90CD9643E closed its connection.
1764094974: New connection from 172.18.0.3:58827 on port 1883.
1764094974: New client connected from 172.18.0.3:58827 as auto-6DE14D58-804F-6E95-AE1B-C4DAA12E628F (p2, c1, k60).
1764094974: Client auto-6DE14D58-804F-6E95-AE1B-C4DAA12E628F closed its connection.
1764094982: New connection from 172.18.0.3:60145 on port 1883.
1764094982: New client connected from 172.18.0.3:60145 as auto-56E614FE-3ADC-56CD-39E3-57C6D392EEDA (p2, c1, k60).
1764094982: Client auto-56E614FE-3ADC-56CD-39E3-57C6D392EEDA closed its connection.
1764094991: New connection from 172.18.0.3:59513 on port 1883.
1764094991: New client connected from 172.18.0.3:59513 as auto-BBEB39FF-B964-32C2-FADA-C3DF2EB9E753 (p2, c1, k60).
1764094991: Client auto-BBEB39FF-B964-32C2-FADA-C3DF2EB9E753 closed its connection.
1764095000: New connection from 172.18.0.3:43849 on port 1883.
1764095000: New client connected from 172.18.0.3:43849 as auto-230A59EB-A7B5-8775-6E89-47EF298438ED (p2, c1, k60).
1764095000: Client auto-230A59EB-A7B5-8775-6E89-47EF298438ED closed its connection.
1764095013: New connection from 172.18.0.3:57005 on port 1883.
1764095013: New client connected from 172.18.0.3:57005 as auto-BE6D50F3-BB5A-4869-49A1-0C34504D9842 (p2, c1, k60).
1764095013: Client auto-BE6D50F3-BB5A-4869-49A1-0C34504D9842 closed its connection.
1764095033: New connection from 172.18.0.3:37531 on port 1883.
1764095033: New client connected from 172.18.0.3:37531 as auto-C58EA1E3-0EF3-0E79-D6FC-382A66E78D89 (p2, c1, k60).
1764095033: Client auto-C58EA1E3-0EF3-0E79-D6FC-382A66E78D89 closed its connection.
1764095065: New connection from 172.18.0.3:35595 on port 1883.
1764095065: New client connected from 172.18.0.3:35595 as auto-3857C41B-53A4-C488-1341-C12F83A58D0F (p2, c1, k60).
1764095065: Client auto-3857C41B-53A4-C488-1341-C12F83A58D0F closed its connection.
1764095123: New connection from 172.18.0.3:36543 on port 1883.
1764095123: New client connected from 172.18.0.3:36543 as auto-EF34DB53-E888-F14B-DFD8-E9D4241C01A6 (p2, c1, k60).
1764095123: Client auto-EF34DB53-E888-F14B-DFD8-E9D4241C01A6 closed its connection.
1764095190: New connection from 172.18.0.3:47607 on port 1883.
1764095190: New client connected from 172.18.0.3:47607 as auto-3C7A5A73-4433-F1DB-01E5-F96A707F1373 (p2, c1, k60).
1764095190: Client auto-3C7A5A73-4433-F1DB-01E5-F96A707F1373 closed its connection.
1764718027: mosquitto version 2.0.22 starting
1764718027: Config loaded from /mosquitto/config/mosquitto.conf.
1764718027: Opening ipv4 listen socket on port 1883.
1764718027: mosquitto version 2.0.22 running
1764719064: mosquitto version 2.0.22 terminating
1764719099: mosquitto version 2.0.22 starting
1764719099: Config loaded from /mosquitto/config/mosquitto.conf.
1764719099: Opening ipv4 listen socket on port 1883.
1764719099: mosquitto version 2.0.22 running
1764719414: mosquitto version 2.0.22 terminating
1764719427: mosquitto version 2.0.22 starting
1764719427: Config loaded from /mosquitto/config/mosquitto.conf.
1764719427: Opening ipv4 listen socket on port 1883.
1764719427: mosquitto version 2.0.22 running
1764721432: mosquitto version 2.0.22 terminating
1764721446: mosquitto version 2.0.22 starting
1764721446: Config loaded from /mosquitto/config/mosquitto.conf.
1764721446: Opening ipv4 listen socket on port 1883.
1764721446: mosquitto version 2.0.22 running
1764721447: New connection from 172.19.0.3:38305 on port 1883.
1764721447: New client connected from 172.19.0.3:38305 as auto-A20C819F-256D-A24B-D821-EF3B4DFB7F2D (p2, c1, k60).
1764721452: New connection from 172.19.0.4:51033 on port 1883.
1764721452: New client connected from 172.19.0.4:51033 as auto-6808D2CD-9E8E-B3B5-9627-1850E3DF4BF9 (p2, c1, k60).
1764721616: Client auto-A20C819F-256D-A24B-D821-EF3B4DFB7F2D closed its connection.
1764721616: Client auto-6808D2CD-9E8E-B3B5-9627-1850E3DF4BF9 closed its connection.
1764721628: New connection from 172.19.0.3:39945 on port 1883.
1764721629: New client connected from 172.19.0.3:39945 as auto-62AE2FEB-1467-4C63-512F-BA6C681D3129 (p2, c1, k60).
1764721634: New connection from 172.19.0.4:47509 on port 1883.
1764721634: New client connected from 172.19.0.4:47509 as auto-69639591-7FDF-5D76-9EC4-37DAB88518DC (p2, c1, k60).
1764721794: New connection from 172.19.0.6:50084 on port 1883.
1764721794: New client connected from 172.19.0.6:50084 as auto-0847438B-BB2B-E923-B29B-E61F4DA27FFC (p2, c1, k60).
1764721821: Client auto-0847438B-BB2B-E923-B29B-E61F4DA27FFC disconnected.
1764721828: New connection from 172.19.0.6:34422 on port 1883.
1764721828: New client connected from 172.19.0.6:34422 as auto-B200F308-2D5C-2DB3-D843-A152202FAA2E (p2, c1, k60).
1764721828: Client auto-B200F308-2D5C-2DB3-D843-A152202FAA2E disconnected.
1764721934: New connection from 172.19.0.6:53882 on port 1883.
1764721934: New client connected from 172.19.0.6:53882 as auto-979F2185-D4C3-AD4C-AE37-638E2A890E5F (p2, c1, k60).
1764721934: Client auto-979F2185-D4C3-AD4C-AE37-638E2A890E5F disconnected.
1764721943: New connection from 172.19.0.6:57240 on port 1883.
1764721943: New client connected from 172.19.0.6:57240 as auto-CA25C187-EFAB-24A6-459E-A14881C4829A (p2, c1, k60).
1764721957: Client auto-CA25C187-EFAB-24A6-459E-A14881C4829A disconnected.
1764722453: New connection from 172.19.0.6:58312 on port 1883.
1764722453: New client connected from 172.19.0.6:58312 as auto-55B84EB5-36E7-F032-CD69-7BE548E7119E (p2, c1, k60).
1764722614: Client auto-62AE2FEB-1467-4C63-512F-BA6C681D3129 closed its connection.
1764722810: Client auto-55B84EB5-36E7-F032-CD69-7BE548E7119E disconnected.
1764722835: Client auto-69639591-7FDF-5D76-9EC4-37DAB88518DC closed its connection.
1764722837: New connection from 172.19.0.3:40127 on port 1883.
1764722837: New client connected from 172.19.0.3:40127 as auto-E2A634D2-1C11-E48F-730A-EFE8F2126344 (p2, c1, k60).
1764722842: New connection from 172.19.0.4:48469 on port 1883.
1764722842: New client connected from 172.19.0.4:48469 as auto-C2249409-4AED-FAC8-5113-C5C271EDF7AD (p2, c1, k60).
1764722880: New connection from 172.19.0.3:53156 on port 1883.
1764722880: Client <unknown> closed its connection.
1764722917: Client auto-C2249409-4AED-FAC8-5113-C5C271EDF7AD closed its connection.
1764722928: New connection from 172.19.0.4:36191 on port 1883.
1764722928: New client connected from 172.19.0.4:36191 as auto-4BCE9DEE-48D7-80F1-12EA-D41B06AA1C3A (p2, c1, k60).
1764723947: Client auto-4BCE9DEE-48D7-80F1-12EA-D41B06AA1C3A closed its connection.
1764723947: Client auto-E2A634D2-1C11-E48F-730A-EFE8F2126344 closed its connection.
1764723963: New connection from 172.19.0.3:60961 on port 1883.
1764723963: New client connected from 172.19.0.3:60961 as auto-756B06A5-6D68-E05E-C09A-1F4D1A70A4DB (p2, c1, k60).
1764723967: New connection from 172.19.0.4:56371 on port 1883.
1764723967: New client connected from 172.19.0.4:56371 as auto-9CE3CA4A-D094-A85D-23FD-AC54324B2A01 (p2, c1, k60).
1764724395: Client auto-756B06A5-6D68-E05E-C09A-1F4D1A70A4DB closed its connection.
1764724402: New connection from 172.19.0.3:42861 on port 1883.
1764724402: New client connected from 172.19.0.3:42861 as auto-65F5CA9F-202F-4732-9FFE-23FDE7DED47C (p2, c1, k60).
1764724880: mosquitto version 2.0.22 terminating
1764724918: mosquitto version 2.0.22 starting
1764724918: Config loaded from /mosquitto/config/mosquitto.conf.
1764724918: Opening ipv4 listen socket on port 1883.
1764724918: mosquitto version 2.0.22 running
1764724923: New connection from 172.19.0.4:58563 on port 1883.
1764724923: New client connected from 172.19.0.4:58563 as auto-388FF001-5B78-24E5-1869-5DD01D205099 (p2, c1, k60).
1764724923: No will message specified.
1764724923: Sending CONNACK to auto-388FF001-5B78-24E5-1869-5DD01D205099 (0, 0)
1764724923: Received SUBSCRIBE from auto-388FF001-5B78-24E5-1869-5DD01D205099
1764724923: 	sensors                          /data (QoS 0)
1764724923: auto-388FF001-5B78-24E5-1869-5DD01D205099 0 sensors                          /data
1764724923: Sending SUBACK to auto-388FF001-5B78-24E5-1869-5DD01D205099
1764724926: New connection from 172.19.0.5:46015 on port 1883.
1764724926: New client connected from 172.19.0.5:46015 as auto-4F8D1B21-A05A-C3BB-375C-10718C044FBD (p2, c1, k60).
1764724926: No will message specified.
1764724926: Sending CONNACK to auto-4F8D1B21-A05A-C3BB-375C-10718C044FBD (0, 0)
1764724926: Received PUBLISH from auto-4F8D1B21-A05A-C3BB-375C-10718C044FBD (d0, q0, r0, m0, 'sensors/data', ... (17 bytes))
1764724931: Received PUBLISH from auto-4F8D1B21-A05A-C3BB-375C-10718C044FBD (d0, q0, r0, m0, 'sensors/data', ... (16 bytes))
1764724936: Received PUBLISH from auto-4F8D1B21-A05A-C3BB-375C-10718C044FBD (d0, q0, r0, m0, 'sensors/data', ... (17 bytes))
1764724941: Received PUBLISH from auto-4F8D1B21-A05A-C3BB-375C-10718C044FBD (d0, q0, r0, m0, 'sensors/data', ... (17 bytes))
1764724946: Received PUBLISH from auto-4F8D1B21-A05A-C3BB-375C-10718C044FBD (d0, q0, r0, m0, 'sensors/data', ... (17 bytes))
1764724951: Received PUBLISH from auto-4F8D1B21-A05A-C3BB-375C-10718C044FBD (d0, q0, r0, m0, 'sensors/data', ... (17 bytes))
1764796902: Received PUBLISH from auto-4F8D1B21-A05A-C3BB-375C-10718C044FBD (d0, q0, r0, m0, 'sensors/data', ... (17 bytes))
1764796907: Received PUBLISH from auto-4F8D1B21-A05A-C3BB-375C-10718C044FBD (d0, q0, r0, m0, 'sensors/data', ... (17 bytes))
1764796912: Received PUBLISH from auto-4F8D1B21-A05A-C3BB-375C-10718C044FBD (d0, q0, r0, m0, 'sensors/data', ... (15 bytes))
1764796917: Received PUBLISH from auto-4F8D1B21-A05A-C3BB-375C-10718C044FBD (d0, q0, r0, m0, 'sensors/data', ... (15 bytes))
1764796923: Received PUBLISH from auto-4F8D1B21-A05A-C3BB-375C-10718C044FBD (d0, q0, r0, m0, 'sensors/data', ... (17 bytes))
1764796928: Received PUBLISH from auto-4F8D1B21-A05A-C3BB-375C-10718C044FBD (d0, q0, r0, m0, 'sensors/data', ... (17 bytes))
1764796929: Received PINGREQ from auto-388FF001-5B78-24E5-1869-5DD01D205099
1764796929: Sending PINGRESP to auto-388FF001-5B78-24E5-1869-5DD01D205099
1764796933: Received PUBLISH from auto-4F8D1B21-A05A-C3BB-375C-10718C044FBD (d0, q0, r0, m0, 'sensors/data', ... (15 bytes))
1764796938: Received PUBLISH from auto-4F8D1B21-A05A-C3BB-375C-10718C044FBD (d0, q0, r0, m0, 'sensors/data', ... (16 bytes))
1764796943: Received PUBLISH from auto-4F8D1B21-A05A-C3BB-375C-10718C044FBD (d0, q0, r0, m0, 'sensors/data', ... (16 bytes))
1764796948: Received PUBLISH from auto-4F8D1B21-A05A-C3BB-375C-10718C044FBD (d0, q0, r0, m0, 'sensors/data', ... (17 bytes))
1764796950: Client auto-388FF001-5B78-24E5-1869-5DD01D205099 closed its connection.
1764796953: Received PUBLISH from auto-4F8D1B21-A05A-C3BB-375C-10718C044FBD (d0, q0, r0, m0, 'sensors/data', ... (17 bytes))
1764796958: Received PUBLISH from auto-4F8D1B21-A05A-C3BB-375C-10718C044FBD (d0, q0, r0, m0, 'sensors/data', ... (17 bytes))
1764796959: Client auto-4F8D1B21-A05A-C3BB-375C-10718C044FBD closed its connection.
1764796965: New connection from 172.19.0.3:53119 on port 1883.
1764796965: New client connected from 172.19.0.3:53119 as auto-C49028F3-35D9-C26E-A1AC-68D003D6D00B (p2, c1, k60).
1764796965: No will message specified.
1764796965: Sending CONNACK to auto-C49028F3-35D9-C26E-A1AC-68D003D6D00B (0, 0)
1764796965: Received SUBSCRIBE from auto-C49028F3-35D9-C26E-A1AC-68D003D6D00B
1764796965: 	sensors                          /data (QoS 0)
1764796965: auto-C49028F3-35D9-C26E-A1AC-68D003D6D00B 0 sensors                          /data
1764796965: Sending SUBACK to auto-C49028F3-35D9-C26E-A1AC-68D003D6D00B
1764796969: New connection from 172.19.0.4:44979 on port 1883.
1764796969: New client connected from 172.19.0.4:44979 as auto-9E48EE01-4307-D6B8-DFFF-70A41724D9F8 (p2, c1, k60).
1764796969: No will message specified.
1764796969: Sending CONNACK to auto-9E48EE01-4307-D6B8-DFFF-70A41724D9F8 (0, 0)
1764796969: Received PUBLISH from auto-9E48EE01-4307-D6B8-DFFF-70A41724D9F8 (d0, q0, r0, m0, 'sensors/data', ... (17 bytes))
1764796974: Received PUBLISH from auto-9E48EE01-4307-D6B8-DFFF-70A41724D9F8 (d0, q0, r0, m0, 'sensors/data', ... (16 bytes))
1764796979: Received PUBLISH from auto-9E48EE01-4307-D6B8-DFFF-70A41724D9F8 (d0, q0, r0, m0, 'sensors/data', ... (17 bytes))
1764796984: Received PUBLISH from auto-9E48EE01-4307-D6B8-DFFF-70A41724D9F8 (d0, q0, r0, m0, 'sensors/data', ... (17 bytes))
1764796989: Received PUBLISH from auto-9E48EE01-4307-D6B8-DFFF-70A41724D9F8 (d0, q0, r0, m0, 'sensors/data', ... (17 bytes))
1764796994: Received PUBLISH from auto-9E48EE01-4307-D6B8-DFFF-70A41724D9F8 (d0, q0, r0, m0, 'sensors/data', ... (16 bytes))
1764796999: Received PUBLISH from auto-9E48EE01-4307-D6B8-DFFF-70A41724D9F8 (d0, q0, r0, m0, 'sensors/data', ... (17 bytes))
1764797004: Received PUBLISH from auto-9E48EE01-4307-D6B8-DFFF-70A41724D9F8 (d0, q0, r0, m0, 'sensors/data', ... (17 bytes))
1764797009: Received PUBLISH from auto-9E48EE01-4307-D6B8-DFFF-70A41724D9F8 (d0, q0, r0, m0, 'sensors/data', ... (16 bytes))
1764797014: Received PUBLISH from auto-9E48EE01-4307-D6B8-DFFF-70A41724D9F8 (d0, q0, r0, m0, 'sensors/data', ... (17 bytes))
1764797019: Received PUBLISH from auto-9E48EE01-4307-D6B8-DFFF-70A41724D9F8 (d0, q0, r0, m0, 'sensors/data', ... (17 bytes))
1764797024: Received PUBLISH from auto-9E48EE01-4307-D6B8-DFFF-70A41724D9F8 (d0, q0, r0, m0, 'sensors/data', ... (17 bytes))
1764797025: Received PINGREQ from auto-C49028F3-35D9-C26E-A1AC-68D003D6D00B
1764797025: Sending PINGRESP to auto-C49028F3-35D9-C26E-A1AC-68D003D6D00B
1764797029: Received PUBLISH from auto-9E48EE01-4307-D6B8-DFFF-70A41724D9F8 (d0, q0, r0, m0, 'sensors/data', ... (17 bytes))
1764797035: Received PUBLISH from auto-9E48EE01-4307-D6B8-DFFF-70A41724D9F8 (d0, q0, r0, m0, 'sensors/data', ... (17 bytes))
1764797040: Received PUBLISH from auto-9E48EE01-4307-D6B8-DFFF-70A41724D9F8 (d0, q0, r0, m0, 'sensors/data', ... (17 bytes))
1764797045: Received PUBLISH from auto-9E48EE01-4307-D6B8-DFFF-70A41724D9F8 (d0, q0, r0, m0, 'sensors/data', ... (17 bytes))
1764797050: Received PUBLISH from auto-9E48EE01-4307-D6B8-DFFF-70A41724D9F8 (d0, q0, r0, m0, 'sensors/data', ... (17 bytes))
1764797055: Received PUBLISH from auto-9E48EE01-4307-D6B8-DFFF-70A41724D9F8 (d0, q0, r0, m0, 'sensors/data', ... (17 bytes))
1764797060: Received PUBLISH from auto-9E48EE01-4307-D6B8-DFFF-70A41724D9F8 (d0, q0, r0, m0, 'sensors/data', ... (17 bytes))
1764797065: Received PUBLISH from auto-9E48EE01-4307-D6B8-DFFF-70A41724D9F8 (d0, q0, r0, m0, 'sensors/data', ... (17 bytes))
1764797070: Received PUBLISH from auto-9E48EE01-4307-D6B8-DFFF-70A41724D9F8 (d0, q0, r0, m0, 'sensors/data', ... (16 bytes))
1764797075: Received PUBLISH from auto-9E48EE01-4307-D6B8-DFFF-70A41724D9F8 (d0, q0, r0, m0, 'sensors/data', ... (17 bytes))
1764797080: Received PUBLISH from auto-9E48EE01-4307-D6B8-DFFF-70A41724D9F8 (d0, q0, r0, m0, 'sensors/data', ... (17 bytes))
1764797085: Received PUBLISH from auto-9E48EE01-4307-D6B8-DFFF-70A41724D9F8 (d0, q0, r0, m0, 'sensors/data', ... (16 bytes))
1764797086: Received PINGREQ from auto-C49028F3-35D9-C26E-A1AC-68D003D6D00B
1764797086: Sending PINGRESP to auto-C49028F3-35D9-C26E-A1AC-68D003D6D00B
1764797090: Received PUBLISH from auto-9E48EE01-4307-D6B8-DFFF-70A41724D9F8 (d0, q0, r0, m0, 'sensors/data', ... (17 bytes))
1764797095: Received PUBLISH from auto-9E48EE01-4307-D6B8-DFFF-70A41724D9F8 (d0, q0, r0, m0, 'sensors/data', ... (17 bytes))
1764797101: Received PUBLISH from auto-9E48EE01-4307-D6B8-DFFF-70A41724D9F8 (d0, q0, r0, m0, 'sensors/data', ... (16 bytes))
1764797106: Received PUBLISH from auto-9E48EE01-4307-D6B8-DFFF-70A41724D9F8 (d0, q0, r0, m0, 'sensors/data', ... (17 bytes))
1764797111: Received PUBLISH from auto-9E48EE01-4307-D6B8-DFFF-70A41724D9F8 (d0, q0, r0, m0, 'sensors/data', ... (16 bytes))
1764797116: Received PUBLISH from auto-9E48EE01-4307-D6B8-DFFF-70A41724D9F8 (d0, q0, r0, m0, 'sensors/data', ... (15 bytes))
1764797121: Received PUBLISH from auto-9E48EE01-4307-D6B8-DFFF-70A41724D9F8 (d0, q0, r0, m0, 'sensors/data', ... (17 bytes))
1764797126: Received PUBLISH from auto-9E48EE01-4307-D6B8-DFFF-70A41724D9F8 (d0, q0, r0, m0, 'sensors/data', ... (16 bytes))
1764797131: Received PUBLISH from auto-9E48EE01-4307-D6B8-DFFF-70A41724D9F8 (d0, q0, r0, m0, 'sensors/data', ... (16 bytes))
1764797136: Received PUBLISH from auto-9E48EE01-4307-D6B8-DFFF-70A41724D9F8 (d0, q0, r0, m0, 'sensors/data', ... (17 bytes))
1764797141: Received PUBLISH from auto-9E48EE01-4307-D6B8-DFFF-70A41724D9F8 (d0, q0, r0, m0, 'sensors/data', ... (17 bytes))
1764797146: Received PUBLISH from auto-9E48EE01-4307-D6B8-DFFF-70A41724D9F8 (d0, q0, r0, m0, 'sensors/data', ... (17 bytes))
1764797146: Received PINGREQ from auto-C49028F3-35D9-C26E-A1AC-68D003D6D00B
1764797146: Sending PINGRESP to auto-C49028F3-35D9-C26E-A1AC-68D003D6D00B
1764797151: Received PUBLISH from auto-9E48EE01-4307-D6B8-DFFF-70A41724D9F8 (d0, q0, r0, m0, 'sensors/data', ... (16 bytes))
1764797156: Received PUBLISH from auto-9E48EE01-4307-D6B8-DFFF-70A41724D9F8 (d0, q0, r0, m0, 'sensors/data', ... (16 bytes))
1764797161: Received PUBLISH from auto-9E48EE01-4307-D6B8-DFFF-70A41724D9F8 (d0, q0, r0, m0, 'sensors/data', ... (16 bytes))
1764797167: Received PUBLISH from auto-9E48EE01-4307-D6B8-DFFF-70A41724D9F8 (d0, q0, r0, m0, 'sensors/data', ... (16 bytes))
1764797172: Received PUBLISH from auto-9E48EE01-4307-D6B8-DFFF-70A41724D9F8 (d0, q0, r0, m0, 'sensors/data', ... (17 bytes))
1764797177: Received PUBLISH from auto-9E48EE01-4307-D6B8-DFFF-70A41724D9F8 (d0, q0, r0, m0, 'sensors/data', ... (17 bytes))
1764797182: Received PUBLISH from auto-9E48EE01-4307-D6B8-DFFF-70A41724D9F8 (d0, q0, r0, m0, 'sensors/data', ... (17 bytes))
1764797187: Received PUBLISH from auto-9E48EE01-4307-D6B8-DFFF-70A41724D9F8 (d0, q0, r0, m0, 'sensors/data', ... (17 bytes))
1764797192: Received PUBLISH from auto-9E48EE01-4307-D6B8-DFFF-70A41724D9F8 (d0, q0, r0, m0, 'sensors/data', ... (17 bytes))
1764797197: Received PUBLISH from auto-9E48EE01-4307-D6B8-DFFF-70A41724D9F8 (d0, q0, r0, m0, 'sensors/data', ... (16 bytes))
1764797202: Received PUBLISH from auto-9E48EE01-4307-D6B8-DFFF-70A41724D9F8 (d0, q0, r0, m0, 'sensors/data', ... (16 bytes))
1764797207: Received PINGREQ from auto-C49028F3-35D9-C26E-A1AC-68D003D6D00B
1764797207: Sending PINGRESP to auto-C49028F3-35D9-C26E-A1AC-68D003D6D00B
1764797207: Received PUBLISH from auto-9E48EE01-4307-D6B8-DFFF-70A41724D9F8 (d0, q0, r0, m0, 'sensors/data', ... (16 bytes))
1764797212: Received PUBLISH from auto-9E48EE01-4307-D6B8-DFFF-70A41724D9F8 (d0, q0, r0, m0, 'sensors/data', ... (17 bytes))
1764797217: Received PUBLISH from auto-9E48EE01-4307-D6B8-DFFF-70A41724D9F8 (d0, q0, r0, m0, 'sensors/data', ... (17 bytes))
1764797222: Received PUBLISH from auto-9E48EE01-4307-D6B8-DFFF-70A41724D9F8 (d0, q0, r0, m0, 'sensors/data', ... (17 bytes))
1764797227: Received PUBLISH from auto-9E48EE01-4307-D6B8-DFFF-70A41724D9F8 (d0, q0, r0, m0, 'sensors/data', ... (17 bytes))
1764797233: Received PUBLISH from auto-9E48EE01-4307-D6B8-DFFF-70A41724D9F8 (d0, q0, r0, m0, 'sensors/data', ... (16 bytes))
1764797238: Received PUBLISH from auto-9E48EE01-4307-D6B8-DFFF-70A41724D9F8 (d0, q0, r0, m0, 'sensors/data', ... (17 bytes))
1764797243: Received PUBLISH from auto-9E48EE01-4307-D6B8-DFFF-70A41724D9F8 (d0, q0, r0, m0, 'sensors/data', ... (17 bytes))
1764797248: Received PUBLISH from auto-9E48EE01-4307-D6B8-DFFF-70A41724D9F8 (d0, q0, r0, m0, 'sensors/data', ... (16 bytes))
1764797253: Received PUBLISH from auto-9E48EE01-4307-D6B8-DFFF-70A41724D9F8 (d0, q0, r0, m0, 'sensors/data', ... (17 bytes))
1764797258: Received PUBLISH from auto-9E48EE01-4307-D6B8-DFFF-70A41724D9F8 (d0, q0, r0, m0, 'sensors/data', ... (17 bytes))
1764797263: Received PUBLISH from auto-9E48EE01-4307-D6B8-DFFF-70A41724D9F8 (d0, q0, r0, m0, 'sensors/data', ... (17 bytes))
1764797267: Received PINGREQ from auto-C49028F3-35D9-C26E-A1AC-68D003D6D00B
1764797267: Sending PINGRESP to auto-C49028F3-35D9-C26E-A1AC-68D003D6D00B
1764797268: Received PUBLISH from auto-9E48EE01-4307-D6B8-DFFF-70A41724D9F8 (d0, q0, r0, m0, 'sensors/data', ... (17 bytes))
1764797273: Received PUBLISH from auto-9E48EE01-4307-D6B8-DFFF-70A41724D9F8 (d0, q0, r0, m0, 'sensors/data', ... (16 bytes))
1764797278: Received PUBLISH from auto-9E48EE01-4307-D6B8-DFFF-70A41724D9F8 (d0, q0, r0, m0, 'sensors/data', ... (17 bytes))
1764797283: Received PUBLISH from auto-9E48EE01-4307-D6B8-DFFF-70A41724D9F8 (d0, q0, r0, m0, 'sensors/data', ... (17 bytes))
1764797288: Received PUBLISH from auto-9E48EE01-4307-D6B8-DFFF-70A41724D9F8 (d0, q0, r0, m0, 'sensors/data', ... (16 bytes))
1764797293: Received PUBLISH from auto-9E48EE01-4307-D6B8-DFFF-70A41724D9F8 (d0, q0, r0, m0, 'sensors/data', ... (17 bytes))
1764797298: Received PUBLISH from auto-9E48EE01-4307-D6B8-DFFF-70A41724D9F8 (d0, q0, r0, m0, 'sensors/data', ... (17 bytes))
1764797304: Received PUBLISH from auto-9E48EE01-4307-D6B8-DFFF-70A41724D9F8 (d0, q0, r0, m0, 'sensors/data', ... (16 bytes))
1764797309: Received PUBLISH from auto-9E48EE01-4307-D6B8-DFFF-70A41724D9F8 (d0, q0, r0, m0, 'sensors/data', ... (16 bytes))
1764797314: Received PUBLISH from auto-9E48EE01-4307-D6B8-DFFF-70A41724D9F8 (d0, q0, r0, m0, 'sensors/data', ... (17 bytes))
1764797319: Received PUBLISH from auto-9E48EE01-4307-D6B8-DFFF-70A41724D9F8 (d0, q0, r0, m0, 'sensors/data', ... (16 bytes))
1764797324: Received PUBLISH from auto-9E48EE01-4307-D6B8-DFFF-70A41724D9F8 (d0, q0, r0, m0, 'sensors/data', ... (17 bytes))
1764797328: Received PINGREQ from auto-C49028F3-35D9-C26E-A1AC-68D003D6D00B
1764797328: Sending PINGRESP to auto-C49028F3-35D9-C26E-A1AC-68D003D6D00B
1764797329: Received PUBLISH from auto-9E48EE01-4307-D6B8-DFFF-70A41724D9F8 (d0, q0, r0, m0, 'sensors/data', ... (17 bytes))
1764797334: Received PUBLISH from auto-9E48EE01-4307-D6B8-DFFF-70A41724D9F8 (d0, q0, r0, m0, 'sensors/data', ... (17 bytes))
1764797339: Received PUBLISH from auto-9E48EE01-4307-D6B8-DFFF-70A41724D9F8 (d0, q0, r0, m0, 'sensors/data', ... (17 bytes))
1764797344: Received PUBLISH from auto-9E48EE01-4307-D6B8-DFFF-70A41724D9F8 (d0, q0, r0, m0, 'sensors/data', ... (17 bytes))
1764797349: Received PUBLISH from auto-9E48EE01-4307-D6B8-DFFF-70A41724D9F8 (d0, q0, r0, m0, 'sensors/data', ... (15 bytes))
1764797354: Received PUBLISH from auto-9E48EE01-4307-D6B8-DFFF-70A41724D9F8 (d0, q0, r0, m0, 'sensors/data', ... (17 bytes))
1764797359: Received PUBLISH from auto-9E48EE01-4307-D6B8-DFFF-70A41724D9F8 (d0, q0, r0, m0, 'sensors/data', ... (17 bytes))
1764797364: Received PUBLISH from auto-9E48EE01-4307-D6B8-DFFF-70A41724D9F8 (d0, q0, r0, m0, 'sensors/data', ... (16 bytes))
1764797370: Received PUBLISH from auto-9E48EE01-4307-D6B8-DFFF-70A41724D9F8 (d0, q0, r0, m0, 'sensors/data', ... (16 bytes))
1764797375: Received PUBLISH from auto-9E48EE01-4307-D6B8-DFFF-70A41724D9F8 (d0, q0, r0, m0, 'sensors/data', ... (17 bytes))
1764797380: Received PUBLISH from auto-9E48EE01-4307-D6B8-DFFF-70A41724D9F8 (d0, q0, r0, m0, 'sensors/data', ... (16 bytes))
1764797385: Received PUBLISH from auto-9E48EE01-4307-D6B8-DFFF-70A41724D9F8 (d0, q0, r0, m0, 'sensors/data', ... (16 bytes))
1764797388: Received PINGREQ from auto-C49028F3-35D9-C26E-A1AC-68D003D6D00B
1764797388: Sending PINGRESP to auto-C49028F3-35D9-C26E-A1AC-68D003D6D00B
1764797390: Received PUBLISH from auto-9E48EE01-4307-D6B8-DFFF-70A41724D9F8 (d0, q0, r0, m0, 'sensors/data', ... (16 bytes))
1764797395: Received PUBLISH from auto-9E48EE01-4307-D6B8-DFFF-70A41724D9F8 (d0, q0, r0, m0, 'sensors/data', ... (17 bytes))
1764797400: Received PUBLISH from auto-9E48EE01-4307-D6B8-DFFF-70A41724D9F8 (d0, q0, r0, m0, 'sensors/data', ... (17 bytes))
1764797405: Received PUBLISH from auto-9E48EE01-4307-D6B8-DFFF-70A41724D9F8 (d0, q0, r0, m0, 'sensors/data', ... (17 bytes))
1764797410: Received PUBLISH from auto-9E48EE01-4307-D6B8-DFFF-70A41724D9F8 (d0, q0, r0, m0, 'sensors/data', ... (16 bytes))
1764797415: Received PUBLISH from auto-9E48EE01-4307-D6B8-DFFF-70A41724D9F8 (d0, q0, r0, m0, 'sensors/data', ... (16 bytes))
1764797420: Received PUBLISH from auto-9E48EE01-4307-D6B8-DFFF-70A41724D9F8 (d0, q0, r0, m0, 'sensors/data', ... (17 bytes))
1764797425: Received PUBLISH from auto-9E48EE01-4307-D6B8-DFFF-70A41724D9F8 (d0, q0, r0, m0, 'sensors/data', ... (17 bytes))
1764797430: Received PUBLISH from auto-9E48EE01-4307-D6B8-DFFF-70A41724D9F8 (d0, q0, r0, m0, 'sensors/data', ... (17 bytes))
1764797436: Received PUBLISH from auto-9E48EE01-4307-D6B8-DFFF-70A41724D9F8 (d0, q0, r0, m0, 'sensors/data', ... (16 bytes))
1764797441: Received PUBLISH from auto-9E48EE01-4307-D6B8-DFFF-70A41724D9F8 (d0, q0, r0, m0, 'sensors/data', ... (16 bytes))
1764797446: Received PUBLISH from auto-9E48EE01-4307-D6B8-DFFF-70A41724D9F8 (d0, q0, r0, m0, 'sensors/data', ... (17 bytes))
1764797448: Received PINGREQ from auto-C49028F3-35D9-C26E-A1AC-68D003D6D00B
1764797448: Sending PINGRESP to auto-C49028F3-35D9-C26E-A1AC-68D003D6D00B
1764797451: Received PUBLISH from auto-9E48EE01-4307-D6B8-DFFF-70A41724D9F8 (d0, q0, r0, m0, 'sensors/data', ... (17 bytes))
1764797456: Received PUBLISH from auto-9E48EE01-4307-D6B8-DFFF-70A41724D9F8 (d0, q0, r0, m0, 'sensors/data', ... (17 bytes))
1764797461: Received PUBLISH from auto-9E48EE01-4307-D6B8-DFFF-70A41724D9F8 (d0, q0, r0, m0, 'sensors/data', ... (17 bytes))
1764797466: Received PUBLISH from auto-9E48EE01-4307-D6B8-DFFF-70A41724D9F8 (d0, q0, r0, m0, 'sensors/data', ... (16 bytes))
1764797471: Received PUBLISH from auto-9E48EE01-4307-D6B8-DFFF-70A41724D9F8 (d0, q0, r0, m0, 'sensors/data', ... (16 bytes))
1764797476: Received PUBLISH from auto-9E48EE01-4307-D6B8-DFFF-70A41724D9F8 (d0, q0, r0, m0, 'sensors/data', ... (17 bytes))
1764797481: Received PUBLISH from auto-9E48EE01-4307-D6B8-DFFF-70A41724D9F8 (d0, q0, r0, m0, 'sensors/data', ... (16 bytes))
1764797486: Received PUBLISH from auto-9E48EE01-4307-D6B8-DFFF-70A41724D9F8 (d0, q0, r0, m0, 'sensors/data', ... (17 bytes))
1764797491: Received PUBLISH from auto-9E48EE01-4307-D6B8-DFFF-70A41724D9F8 (d0, q0, r0, m0, 'sensors/data', ... (17 bytes))
1764797496: Received PUBLISH from auto-9E48EE01-4307-D6B8-DFFF-70A41724D9F8 (d0, q0, r0, m0, 'sensors/data', ... (17 bytes))
1764797502: Received PUBLISH from auto-9E48EE01-4307-D6B8-DFFF-70A41724D9F8 (d0, q0, r0, m0, 'sensors/data', ... (17 bytes))
1764797507: Received PUBLISH from auto-9E48EE01-4307-D6B8-DFFF-70A41724D9F8 (d0, q0, r0, m0, 'sensors/data', ... (17 bytes))
1764797509: Received PINGREQ from auto-C49028F3-35D9-C26E-A1AC-68D003D6D00B
1764797509: Sending PINGRESP to auto-C49028F3-35D9-C26E-A1AC-68D003D6D00B
1764797512: Received PUBLISH from auto-9E48EE01-4307-D6B8-DFFF-70A41724D9F8 (d0, q0, r0, m0, 'sensors/data', ... (16 bytes))
1764797517: Received PUBLISH from auto-9E48EE01-4307-D6B8-DFFF-70A41724D9F8 (d0, q0, r0, m0, 'sensors/data', ... (16 bytes))
1764797522: Received PUBLISH from auto-9E48EE01-4307-D6B8-DFFF-70A41724D9F8 (d0, q0, r0, m0, 'sensors/data', ... (16 bytes))
1764797527: Received PUBLISH from auto-9E48EE01-4307-D6B8-DFFF-70A41724D9F8 (d0, q0, r0, m0, 'sensors/data', ... (17 bytes))
1764797532: Received PUBLISH from auto-9E48EE01-4307-D6B8-DFFF-70A41724D9F8 (d0, q0, r0, m0, 'sensors/data', ... (17 bytes))
1764797537: Received PUBLISH from auto-9E48EE01-4307-D6B8-DFFF-70A41724D9F8 (d0, q0, r0, m0, 'sensors/data', ... (17 bytes))
1764797542: Received PUBLISH from auto-9E48EE01-4307-D6B8-DFFF-70A41724D9F8 (d0, q0, r0, m0, 'sensors/data', ... (16 bytes))
1764797547: Received PUBLISH from auto-9E48EE01-4307-D6B8-DFFF-70A41724D9F8 (d0, q0, r0, m0, 'sensors/data', ... (16 bytes))
1764797552: Received PUBLISH from auto-9E48EE01-4307-D6B8-DFFF-70A41724D9F8 (d0, q0, r0, m0, 'sensors/data', ... (17 bytes))
1764797557: Received PUBLISH from auto-9E48EE01-4307-D6B8-DFFF-70A41724D9F8 (d0, q0, r0, m0, 'sensors/data', ... (17 bytes))
1764797562: Received PUBLISH from auto-9E48EE01-4307-D6B8-DFFF-70A41724D9F8 (d0, q0, r0, m0, 'sensors/data', ... (17 bytes))
1764797568: Received PUBLISH from auto-9E48EE01-4307-D6B8-DFFF-70A41724D9F8 (d0, q0, r0, m0, 'sensors/data', ... (17 bytes))
1764797569: Received PINGREQ from auto-C49028F3-35D9-C26E-A1AC-68D003D6D00B
1764797569: Sending PINGRESP to auto-C49028F3-35D9-C26E-A1AC-68D003D6D00B
1764797573: Received PUBLISH from auto-9E48EE01-4307-D6B8-DFFF-70A41724D9F8 (d0, q0, r0, m0, 'sensors/data', ... (17 bytes))
1764797578: Received PUBLISH from auto-9E48EE01-4307-D6B8-DFFF-70A41724D9F8 (d0, q0, r0, m0, 'sensors/data', ... (16 bytes))
1764797583: Received PUBLISH from auto-9E48EE01-4307-D6B8-DFFF-70A41724D9F8 (d0, q0, r0, m0, 'sensors/data', ... (17 bytes))
1764797588: Received PUBLISH from auto-9E48EE01-4307-D6B8-DFFF-70A41724D9F8 (d0, q0, r0, m0, 'sensors/data', ... (17 bytes))
1764797593: Received PUBLISH from auto-9E48EE01-4307-D6B8-DFFF-70A41724D9F8 (d0, q0, r0, m0, 'sensors/data', ... (16 bytes))
1764797598: Received PUBLISH from auto-9E48EE01-4307-D6B8-DFFF-70A41724D9F8 (d0, q0, r0, m0, 'sensors/data', ... (17 bytes))
1764797603: Received PUBLISH from auto-9E48EE01-4307-D6B8-DFFF-70A41724D9F8 (d0, q0, r0, m0, 'sensors/data', ... (17 bytes))
1764797608: Received PUBLISH from auto-9E48EE01-4307-D6B8-DFFF-70A41724D9F8 (d0, q0, r0, m0, 'sensors/data', ... (17 bytes))
1764797613: Received PUBLISH from auto-9E48EE01-4307-D6B8-DFFF-70A41724D9F8 (d0, q0, r0, m0, 'sensors/data', ... (17 bytes))
1764797618: Received PUBLISH from auto-9E48EE01-4307-D6B8-DFFF-70A41724D9F8 (d0, q0, r0, m0, 'sensors/data', ... (16 bytes))
1764797623: Received PUBLISH from auto-9E48EE01-4307-D6B8-DFFF-70A41724D9F8 (d0, q0, r0, m0, 'sensors/data', ... (17 bytes))
1764797628: Received PUBLISH from auto-9E48EE01-4307-D6B8-DFFF-70A41724D9F8 (d0, q0, r0, m0, 'sensors/data', ... (16 bytes))
1764797630: Received PINGREQ from auto-C49028F3-35D9-C26E-A1AC-68D003D6D00B
1764797630: Sending PINGRESP to auto-C49028F3-35D9-C26E-A1AC-68D003D6D00B
1764797634: Received PUBLISH from auto-9E48EE01-4307-D6B8-DFFF-70A41724D9F8 (d0, q0, r0, m0, 'sensors/data', ... (15 bytes))
1764797639: Received PUBLISH from auto-9E48EE01-4307-D6B8-DFFF-70A41724D9F8 (d0, q0, r0, m0, 'sensors/data', ... (17 bytes))
1764797644: Received PUBLISH from auto-9E48EE01-4307-D6B8-DFFF-70A41724D9F8 (d0, q0, r0, m0, 'sensors/data', ... (17 bytes))
1764797649: Received PUBLISH from auto-9E48EE01-4307-D6B8-DFFF-70A41724D9F8 (d0, q0, r0, m0, 'sensors/data', ... (16 bytes))
1764797654: Received PUBLISH from auto-9E48EE01-4307-D6B8-DFFF-70A41724D9F8 (d0, q0, r0, m0, 'sensors/data', ... (16 bytes))
1764797659: Received PUBLISH from auto-9E48EE01-4307-D6B8-DFFF-70A41724D9F8 (d0, q0, r0, m0, 'sensors/data', ... (17 bytes))
1764797664: Received PUBLISH from auto-9E48EE01-4307-D6B8-DFFF-70A41724D9F8 (d0, q0, r0, m0, 'sensors/data', ... (17 bytes))
1764797669: Received PUBLISH from auto-9E48EE01-4307-D6B8-DFFF-70A41724D9F8 (d0, q0, r0, m0, 'sensors/data', ... (16 bytes))
1764797674: Received PUBLISH from auto-9E48EE01-4307-D6B8-DFFF-70A41724D9F8 (d0, q0, r0, m0, 'sensors/data', ... (17 bytes))
1764797679: Received PUBLISH from auto-9E48EE01-4307-D6B8-DFFF-70A41724D9F8 (d0, q0, r0, m0, 'sensors/data', ... (17 bytes))
1764797684: Received PUBLISH from auto-9E48EE01-4307-D6B8-DFFF-70A41724D9F8 (d0, q0, r0, m0, 'sensors/data', ... (17 bytes))
1764797689: Received PUBLISH from auto-9E48EE01-4307-D6B8-DFFF-70A41724D9F8 (d0, q0, r0, m0, 'sensors/data', ... (16 bytes))
1764797690: Received PINGREQ from auto-C49028F3-35D9-C26E-A1AC-68D003D6D00B
1764797690: Sending PINGRESP to auto-C49028F3-35D9-C26E-A1AC-68D003D6D00B
1764797694: Received PUBLISH from auto-9E48EE01-4307-D6B8-DFFF-70A41724D9F8 (d0, q0, r0, m0, 'sensors/data', ... (17 bytes))
1764797699: Received PUBLISH from auto-9E48EE01-4307-D6B8-DFFF-70A41724D9F8 (d0, q0, r0, m0, 'sensors/data', ... (17 bytes))
1764797705: Received PUBLISH from auto-9E48EE01-4307-D6B8-DFFF-70A41724D9F8 (d0, q0, r0, m0, 'sensors/data', ... (17 bytes))
1764797710: Received PUBLISH from auto-9E48EE01-4307-D6B8-DFFF-70A41724D9F8 (d0, q0, r0, m0, 'sensors/data', ... (17 bytes))
1764797715: Received PUBLISH from auto-9E48EE01-4307-D6B8-DFFF-70A41724D9F8 (d0, q0, r0, m0, 'sensors/data', ... (16 bytes))
1764797720: Received PUBLISH from auto-9E48EE01-4307-D6B8-DFFF-70A41724D9F8 (d0, q0, r0, m0, 'sensors/data', ... (17 bytes))
1764797725: Received PUBLISH from auto-9E48EE01-4307-D6B8-DFFF-70A41724D9F8 (d0, q0, r0, m0, 'sensors/data', ... (17 bytes))
1764797730: Received PUBLISH from auto-9E48EE01-4307-D6B8-DFFF-70A41724D9F8 (d0, q0, r0, m0, 'sensors/data', ... (17 bytes))
1764797735: Received PUBLISH from auto-9E48EE01-4307-D6B8-DFFF-70A41724D9F8 (d0, q0, r0, m0, 'sensors/data', ... (17 bytes))
1764797740: Received PUBLISH from auto-9E48EE01-4307-D6B8-DFFF-70A41724D9F8 (d0, q0, r0, m0, 'sensors/data', ... (17 bytes))
1764797745: Received PUBLISH from auto-9E48EE01-4307-D6B8-DFFF-70A41724D9F8 (d0, q0, r0, m0, 'sensors/data', ... (16 bytes))
1764797750: Received PUBLISH from auto-9E48EE01-4307-D6B8-DFFF-70A41724D9F8 (d0, q0, r0, m0, 'sensors/data', ... (17 bytes))
1764797751: Received PINGREQ from auto-C49028F3-35D9-C26E-A1AC-68D003D6D00B
1764797751: Sending PINGRESP to auto-C49028F3-35D9-C26E-A1AC-68D003D6D00B
1764797755: Received PUBLISH from auto-9E48EE01-4307-D6B8-DFFF-70A41724D9F8 (d0, q0, r0, m0, 'sensors/data', ... (17 bytes))
1764797760: Received PUBLISH from auto-9E48EE01-4307-D6B8-DFFF-70A41724D9F8 (d0, q0, r0, m0, 'sensors/data', ... (16 bytes))
1764797765: Received PUBLISH from auto-9E48EE01-4307-D6B8-DFFF-70A41724D9F8 (d0, q0, r0, m0, 'sensors/data', ... (17 bytes))
1764797771: Received PUBLISH from auto-9E48EE01-4307-D6B8-DFFF-70A41724D9F8 (d0, q0, r0, m0, 'sensors/data', ... (16 bytes))
1764797776: Received PUBLISH from auto-9E48EE01-4307-D6B8-DFFF-70A41724D9F8 (d0, q0, r0, m0, 'sensors/data', ... (17 bytes))
1764797781: Received PUBLISH from auto-9E48EE01-4307-D6B8-DFFF-70A41724D9F8 (d0, q0, r0, m0, 'sensors/data', ... (16 bytes))
1764797786: Received PUBLISH from auto-9E48EE01-4307-D6B8-DFFF-70A41724D9F8 (d0, q0, r0, m0, 'sensors/data', ... (17 bytes))
1764797791: Received PUBLISH from auto-9E48EE01-4307-D6B8-DFFF-70A41724D9F8 (d0, q0, r0, m0, 'sensors/data', ... (17 bytes))
1764797796: Received PUBLISH from auto-9E48EE01-4307-D6B8-DFFF-70A41724D9F8 (d0, q0, r0, m0, 'sensors/data', ... (15 bytes))
1764797801: Received PUBLISH from auto-9E48EE01-4307-D6B8-DFFF-70A41724D9F8 (d0, q0, r0, m0, 'sensors/data', ... (16 bytes))
1764797806: Received PUBLISH from auto-9E48EE01-4307-D6B8-DFFF-70A41724D9F8 (d0, q0, r0, m0, 'sensors/data', ... (17 bytes))
1764797811: Received PINGREQ from auto-C49028F3-35D9-C26E-A1AC-68D003D6D00B
1764797811: Sending PINGRESP to auto-C49028F3-35D9-C26E-A1AC-68D003D6D00B
1764797811: Received PUBLISH from auto-9E48EE01-4307-D6B8-DFFF-70A41724D9F8 (d0, q0, r0, m0, 'sensors/data', ... (17 bytes))
1764797816: Received PUBLISH from auto-9E48EE01-4307-D6B8-DFFF-70A41724D9F8 (d0, q0, r0, m0, 'sensors/data', ... (17 bytes))
1764797821: Received PUBLISH from auto-9E48EE01-4307-D6B8-DFFF-70A41724D9F8 (d0, q0, r0, m0, 'sensors/data', ... (17 bytes))
1764797826: Received PUBLISH from auto-9E48EE01-4307-D6B8-DFFF-70A41724D9F8 (d0, q0, r0, m0, 'sensors/data', ... (16 bytes))
1764797831: Received PUBLISH from auto-9E48EE01-4307-D6B8-DFFF-70A41724D9F8 (d0, q0, r0, m0, 'sensors/data', ... (17 bytes))
1764797837: Received PUBLISH from auto-9E48EE01-4307-D6B8-DFFF-70A41724D9F8 (d0, q0, r0, m0, 'sensors/data', ... (16 bytes))
1764797842: Received PUBLISH from auto-9E48EE01-4307-D6B8-DFFF-70A41724D9F8 (d0, q0, r0, m0, 'sensors/data', ... (17 bytes))
1764797847: Received PUBLISH from auto-9E48EE01-4307-D6B8-DFFF-70A41724D9F8 (d0, q0, r0, m0, 'sensors/data', ... (16 bytes))
1764797852: Received PUBLISH from auto-9E48EE01-4307-D6B8-DFFF-70A41724D9F8 (d0, q0, r0, m0, 'sensors/data', ... (15 bytes))
1764797857: Received PUBLISH from auto-9E48EE01-4307-D6B8-DFFF-70A41724D9F8 (d0, q0, r0, m0, 'sensors/data', ... (14 bytes))
1764797862: Received PUBLISH from auto-9E48EE01-4307-D6B8-DFFF-70A41724D9F8 (d0, q0, r0, m0, 'sensors/data', ... (17 bytes))
1764797867: Received PUBLISH from auto-9E48EE01-4307-D6B8-DFFF-70A41724D9F8 (d0, q0, r0, m0, 'sensors/data', ... (17 bytes))
1764797871: Received PINGREQ from auto-C49028F3-35D9-C26E-A1AC-68D003D6D00B
1764797871: Sending PINGRESP to auto-C49028F3-35D9-C26E-A1AC-68D003D6D00B
1764797872: Received PUBLISH from auto-9E48EE01-4307-D6B8-DFFF-70A41724D9F8 (d0, q0, r0, m0, 'sensors/data', ... (17 bytes))
1764797877: Received PUBLISH from auto-9E48EE01-4307-D6B8-DFFF-70A41724D9F8 (d0, q0, r0, m0, 'sensors/data', ... (17 bytes))
1764797882: Received PUBLISH from auto-9E48EE01-4307-D6B8-DFFF-70A41724D9F8 (d0, q0, r0, m0, 'sensors/data', ... (16 bytes))
1764797887: Received PUBLISH from auto-9E48EE01-4307-D6B8-DFFF-70A41724D9F8 (d0, q0, r0, m0, 'sensors/data', ... (17 bytes))
1764797892: Received PUBLISH from auto-9E48EE01-4307-D6B8-DFFF-70A41724D9F8 (d0, q0, r0, m0, 'sensors/data', ... (17 bytes))
1764797897: Received PUBLISH from auto-9E48EE01-4307-D6B8-DFFF-70A41724D9F8 (d0, q0, r0, m0, 'sensors/data', ... (17 bytes))
1764797903: Received PUBLISH from auto-9E48EE01-4307-D6B8-DFFF-70A41724D9F8 (d0, q0, r0, m0, 'sensors/data', ... (16 bytes))
1764797908: Received PUBLISH from auto-9E48EE01-4307-D6B8-DFFF-70A41724D9F8 (d0, q0, r0, m0, 'sensors/data', ... (17 bytes))
1764797913: Received PUBLISH from auto-9E48EE01-4307-D6B8-DFFF-70A41724D9F8 (d0, q0, r0, m0, 'sensors/data', ... (17 bytes))
1764797918: Received PUBLISH from auto-9E48EE01-4307-D6B8-DFFF-70A41724D9F8 (d0, q0, r0, m0, 'sensors/data', ... (17 bytes))
1764797923: Received PUBLISH from auto-9E48EE01-4307-D6B8-DFFF-70A41724D9F8 (d0, q0, r0, m0, 'sensors/data', ... (17 bytes))
1764797928: Received PUBLISH from auto-9E48EE01-4307-D6B8-DFFF-70A41724D9F8 (d0, q0, r0, m0, 'sensors/data', ... (17 bytes))
1764797932: Received PINGREQ from auto-C49028F3-35D9-C26E-A1AC-68D003D6D00B
1764797932: Sending PINGRESP to auto-C49028F3-35D9-C26E-A1AC-68D003D6D00B
1764797933: Received PUBLISH from auto-9E48EE01-4307-D6B8-DFFF-70A41724D9F8 (d0, q0, r0, m0, 'sensors/data', ... (16 bytes))
1764797938: Received PUBLISH from auto-9E48EE01-4307-D6B8-DFFF-70A41724D9F8 (d0, q0, r0, m0, 'sensors/data', ... (16 bytes))
1764797943: Received PUBLISH from auto-9E48EE01-4307-D6B8-DFFF-70A41724D9F8 (d0, q0, r0, m0, 'sensors/data', ... (17 bytes))
1764797948: Received PUBLISH from auto-9E48EE01-4307-D6B8-DFFF-70A41724D9F8 (d0, q0, r0, m0, 'sensors/data', ... (17 bytes))
1764797953: Received PUBLISH from auto-9E48EE01-4307-D6B8-DFFF-70A41724D9F8 (d0, q0, r0, m0, 'sensors/data', ... (17 bytes))
1764797958: Received PUBLISH from auto-9E48EE01-4307-D6B8-DFFF-70A41724D9F8 (d0, q0, r0, m0, 'sensors/data', ... (17 bytes))
1764797963: Received PUBLISH from auto-9E48EE01-4307-D6B8-DFFF-70A41724D9F8 (d0, q0, r0, m0, 'sensors/data', ... (16 bytes))
1764797969: Received PUBLISH from auto-9E48EE01-4307-D6B8-DFFF-70A41724D9F8 (d0, q0, r0, m0, 'sensors/data', ... (17 bytes))
1764797974: Received PUBLISH from auto-9E48EE01-4307-D6B8-DFFF-70A41724D9F8 (d0, q0, r0, m0, 'sensors/data', ... (17 bytes))
1764797979: Received PUBLISH from auto-9E48EE01-4307-D6B8-DFFF-70A41724D9F8 (d0, q0, r0, m0, 'sensors/data', ... (17 bytes))
1764797984: Received PUBLISH from auto-9E48EE01-4307-D6B8-DFFF-70A41724D9F8 (d0, q0, r0, m0, 'sensors/data', ... (17 bytes))
1764797989: Received PUBLISH from auto-9E48EE01-4307-D6B8-DFFF-70A41724D9F8 (d0, q0, r0, m0, 'sensors/data', ... (17 bytes))
1764797992: Received PINGREQ from auto-C49028F3-35D9-C26E-A1AC-68D003D6D00B
1764797992: Sending PINGRESP to auto-C49028F3-35D9-C26E-A1AC-68D003D6D00B
1764797994: Received PUBLISH from auto-9E48EE01-4307-D6B8-DFFF-70A41724D9F8 (d0, q0, r0, m0, 'sensors/data', ... (17 bytes))
1764797999: Received PUBLISH from auto-9E48EE01-4307-D6B8-DFFF-70A41724D9F8 (d0, q0, r0, m0, 'sensors/data', ... (16 bytes))
1764798004: Received PUBLISH from auto-9E48EE01-4307-D6B8-DFFF-70A41724D9F8 (d0, q0, r0, m0, 'sensors/data', ... (16 bytes))
1764798009: Received PUBLISH from auto-9E48EE01-4307-D6B8-DFFF-70A41724D9F8 (d0, q0, r0, m0, 'sensors/data', ... (17 bytes))
1764798014: Received PUBLISH from auto-9E48EE01-4307-D6B8-DFFF-70A41724D9F8 (d0, q0, r0, m0, 'sensors/data', ... (17 bytes))
1764798019: Received PUBLISH from auto-9E48EE01-4307-D6B8-DFFF-70A41724D9F8 (d0, q0, r0, m0, 'sensors/data', ... (17 bytes))
1764798024: Received PUBLISH from auto-9E48EE01-4307-D6B8-DFFF-70A41724D9F8 (d0, q0, r0, m0, 'sensors/data', ... (17 bytes))
1764798029: Received PUBLISH from auto-9E48EE01-4307-D6B8-DFFF-70A41724D9F8 (d0, q0, r0, m0, 'sensors/data', ... (17 bytes))
1764798034: Received PUBLISH from auto-9E48EE01-4307-D6B8-DFFF-70A41724D9F8 (d0, q0, r0, m0, 'sensors/data', ... (16 bytes))
1764798040: Received PUBLISH from auto-9E48EE01-4307-D6B8-DFFF-70A41724D9F8 (d0, q0, r0, m0, 'sensors/data', ... (16 bytes))
1764798045: Received PUBLISH from auto-9E48EE01-4307-D6B8-DFFF-70A41724D9F8 (d0, q0, r0, m0, 'sensors/data', ... (16 bytes))
1764798050: Received PUBLISH from auto-9E48EE01-4307-D6B8-DFFF-70A41724D9F8 (d0, q0, r0, m0, 'sensors/data', ... (17 bytes))
1764798053: Received PINGREQ from auto-C49028F3-35D9-C26E-A1AC-68D003D6D00B
1764798053: Sending PINGRESP to auto-C49028F3-35D9-C26E-A1AC-68D003D6D00B
1764798055: Received PUBLISH from auto-9E48EE01-4307-D6B8-DFFF-70A41724D9F8 (d0, q0, r0, m0, 'sensors/data', ... (17 bytes))
1764798060: Received PUBLISH from auto-9E48EE01-4307-D6B8-DFFF-70A41724D9F8 (d0, q0, r0, m0, 'sensors/data', ... (17 bytes))
1764798065: Received PUBLISH from auto-9E48EE01-4307-D6B8-DFFF-70A41724D9F8 (d0, q0, r0, m0, 'sensors/data', ... (17 bytes))
1764798070: Received PUBLISH from auto-9E48EE01-4307-D6B8-DFFF-70A41724D9F8 (d0, q0, r0, m0, 'sensors/data', ... (17 bytes))
1764798075: Received PUBLISH from auto-9E48EE01-4307-D6B8-DFFF-70A41724D9F8 (d0, q0, r0, m0, 'sensors/data', ... (17 bytes))
1764798080: Received PUBLISH from auto-9E48EE01-4307-D6B8-DFFF-70A41724D9F8 (d0, q0, r0, m0, 'sensors/data', ... (17 bytes))
1764798085: Received PUBLISH from auto-9E48EE01-4307-D6B8-DFFF-70A41724D9F8 (d0, q0, r0, m0, 'sensors/data', ... (17 bytes))
1764798090: Received PUBLISH from auto-9E48EE01-4307-D6B8-DFFF-70A41724D9F8 (d0, q0, r0, m0, 'sensors/data', ... (17 bytes))
1764798095: Received PUBLISH from auto-9E48EE01-4307-D6B8-DFFF-70A41724D9F8 (d0, q0, r0, m0, 'sensors/data', ... (17 bytes))
1764798097: Client auto-C49028F3-35D9-C26E-A1AC-68D003D6D00B closed its connection.
1764798100: Received PUBLISH from auto-9E48EE01-4307-D6B8-DFFF-70A41724D9F8 (d0, q0, r0, m0, 'sensors/data', ... (17 bytes))
1764798106: Received PUBLISH from auto-9E48EE01-4307-D6B8-DFFF-70A41724D9F8 (d0, q0, r0, m0, 'sensors/data', ... (16 bytes))
1764798111: Client auto-9E48EE01-4307-D6B8-DFFF-70A41724D9F8 closed its connection.
1764798122: mosquitto version 2.0.22 terminating
1764798234: mosquitto version 2.0.22 starting
1764798234: Config loaded from /mosquitto/config/mosquitto.conf.
1764798234: Opening ipv4 listen socket on port 1883.
1764798234: mosquitto version 2.0.22 running
1764798237: New connection from 172.19.0.3:37157 on port 1883.
1764798237: New client connected from 172.19.0.3:37157 as auto-B5B4B443-A617-95AD-675F-906C41D2036E (p2, c1, k60).
1764798237: No will message specified.
1764798237: Sending CONNACK to auto-B5B4B443-A617-95AD-675F-906C41D2036E (0, 0)
1764798237: Received SUBSCRIBE from auto-B5B4B443-A617-95AD-675F-906C41D2036E
1764798237: 	sensors                          /data (QoS 0)
1764798237: auto-B5B4B443-A617-95AD-675F-906C41D2036E 0 sensors                          /data
1764798237: Sending SUBACK to auto-B5B4B443-A617-95AD-675F-906C41D2036E
1764798240: New connection from 172.19.0.4:36717 on port 1883.
1764798240: New client connected from 172.19.0.4:36717 as auto-66850F08-96C4-BC87-B99A-C26E9356C463 (p2, c1, k60).
1764798240: No will message specified.
1764798240: Sending CONNACK to auto-66850F08-96C4-BC87-B99A-C26E9356C463 (0, 0)
1764798240: Received PUBLISH from auto-66850F08-96C4-BC87-B99A-C26E9356C463 (d0, q0, r0, m0, 'sensors/data', ... (17 bytes))
1764798245: Received PUBLISH from auto-66850F08-96C4-BC87-B99A-C26E9356C463 (d0, q0, r0, m0, 'sensors/data', ... (17 bytes))
1764798250: Received PUBLISH from auto-66850F08-96C4-BC87-B99A-C26E9356C463 (d0, q0, r0, m0, 'sensors/data', ... (16 bytes))
1764798255: Received PUBLISH from auto-66850F08-96C4-BC87-B99A-C26E9356C463 (d0, q0, r0, m0, 'sensors/data', ... (17 bytes))
1764798260: Received PUBLISH from auto-66850F08-96C4-BC87-B99A-C26E9356C463 (d0, q0, r0, m0, 'sensors/data', ... (17 bytes))
1764798265: Received PUBLISH from auto-66850F08-96C4-BC87-B99A-C26E9356C463 (d0, q0, r0, m0, 'sensors/data', ... (17 bytes))
1764798270: Received PUBLISH from auto-66850F08-96C4-BC87-B99A-C26E9356C463 (d0, q0, r0, m0, 'sensors/data', ... (17 bytes))
1764798276: Received PUBLISH from auto-66850F08-96C4-BC87-B99A-C26E9356C463 (d0, q0, r0, m0, 'sensors/data', ... (17 bytes))
1764798281: Received PUBLISH from auto-66850F08-96C4-BC87-B99A-C26E9356C463 (d0, q0, r0, m0, 'sensors/data', ... (17 bytes))
1764798286: Received PUBLISH from auto-66850F08-96C4-BC87-B99A-C26E9356C463 (d0, q0, r0, m0, 'sensors/data', ... (16 bytes))
1764798291: Received PUBLISH from auto-66850F08-96C4-BC87-B99A-C26E9356C463 (d0, q0, r0, m0, 'sensors/data', ... (17 bytes))
1764798296: Received PUBLISH from auto-66850F08-96C4-BC87-B99A-C26E9356C463 (d0, q0, r0, m0, 'sensors/data', ... (17 bytes))
1764798297: Received PINGREQ from auto-B5B4B443-A617-95AD-675F-906C41D2036E
1764798297: Sending PINGRESP to auto-B5B4B443-A617-95AD-675F-906C41D2036E
1764798301: Received PUBLISH from auto-66850F08-96C4-BC87-B99A-C26E9356C463 (d0, q0, r0, m0, 'sensors/data', ... (16 bytes))
1764798306: Received PUBLISH from auto-66850F08-96C4-BC87-B99A-C26E9356C463 (d0, q0, r0, m0, 'sensors/data', ... (17 bytes))
1764798307: Client auto-B5B4B443-A617-95AD-675F-906C41D2036E closed its connection.
1764798311: Received PUBLISH from auto-66850F08-96C4-BC87-B99A-C26E9356C463 (d0, q0, r0, m0, 'sensors/data', ... (17 bytes))
1764798316: Received PUBLISH from auto-66850F08-96C4-BC87-B99A-C26E9356C463 (d0, q0, r0, m0, 'sensors/data', ... (17 bytes))
1764798320: Client auto-66850F08-96C4-BC87-B99A-C26E9356C463 closed its connection.
1764798332: mosquitto version 2.0.22 terminating
1764798863: mosquitto version 2.0.22 starting
1764798863: Config loaded from /mosquitto/config/mosquitto.conf.
1764798863: Opening ipv4 listen socket on port 1883.
1764798863: mosquitto version 2.0.22 running
1764798866: New connection from 172.19.0.3:45307 on port 1883.
1764798866: New client connected from 172.19.0.3:45307 as auto-30ECB2F5-E92D-8D78-BB60-23E53ADE9D8B (p2, c1, k60).
1764798866: No will message specified.
1764798866: Sending CONNACK to auto-30ECB2F5-E92D-8D78-BB60-23E53ADE9D8B (0, 0)
1764798866: Received SUBSCRIBE from auto-30ECB2F5-E92D-8D78-BB60-23E53ADE9D8B
1764798866: 	sensors                          /data (QoS 0)
1764798866: auto-30ECB2F5-E92D-8D78-BB60-23E53ADE9D8B 0 sensors                          /data
1764798866: Sending SUBACK to auto-30ECB2F5-E92D-8D78-BB60-23E53ADE9D8B
1764798926: Received PINGREQ from auto-30ECB2F5-E92D-8D78-BB60-23E53ADE9D8B
1764798926: Sending PINGRESP to auto-30ECB2F5-E92D-8D78-BB60-23E53ADE9D8B
1764798987: Received PINGREQ from auto-30ECB2F5-E92D-8D78-BB60-23E53ADE9D8B
1764798987: Sending PINGRESP to auto-30ECB2F5-E92D-8D78-BB60-23E53ADE9D8B
1764799012: Client auto-30ECB2F5-E92D-8D78-BB60-23E53ADE9D8B closed its connection.
1764799026: mosquitto version 2.0.22 terminating
1764799090: mosquitto version 2.0.22 starting
1764799090: Config loaded from /mosquitto/config/mosquitto.conf.
1764799090: Opening ipv4 listen socket on port 1883.
1764799090: mosquitto version 2.0.22 running
1764799093: New connection from 172.19.0.3:60265 on port 1883.
1764799093: New client connected from 172.19.0.3:60265 as auto-9AA18E02-B2B3-064B-C60D-FBE61AC4098A (p2, c1, k60).
1764799093: No will message specified.
1764799093: Sending CONNACK to auto-9AA18E02-B2B3-064B-C60D-FBE61AC4098A (0, 0)
1764799093: Received SUBSCRIBE from auto-9AA18E02-B2B3-064B-C60D-FBE61AC4098A
1764799093: 	sensors                          /data (QoS 0)
1764799093: auto-9AA18E02-B2B3-064B-C60D-FBE61AC4098A 0 sensors                          /data
1764799093: Sending SUBACK to auto-9AA18E02-B2B3-064B-C60D-FBE61AC4098A
1764799096: New connection from 172.19.0.4:59907 on port 1883.
1764799096: New client connected from 172.19.0.4:59907 as auto-9B5B9810-129E-25D5-C579-A081799C3A31 (p2, c1, k60).
1764799096: No will message specified.
1764799096: Sending CONNACK to auto-9B5B9810-129E-25D5-C579-A081799C3A31 (0, 0)
1764799096: Received PUBLISH from auto-9B5B9810-129E-25D5-C579-A081799C3A31 (d0, q0, r0, m0, 'sensors/data', ... (16 bytes))
1764799101: Received PUBLISH from auto-9B5B9810-129E-25D5-C579-A081799C3A31 (d0, q0, r0, m0, 'sensors/data', ... (16 bytes))
1764799106: Received PUBLISH from auto-9B5B9810-129E-25D5-C579-A081799C3A31 (d0, q0, r0, m0, 'sensors/data', ... (17 bytes))
1764799111: Received PUBLISH from auto-9B5B9810-129E-25D5-C579-A081799C3A31 (d0, q0, r0, m0, 'sensors/data', ... (17 bytes))
1764799116: Received PUBLISH from auto-9B5B9810-129E-25D5-C579-A081799C3A31 (d0, q0, r0, m0, 'sensors/data', ... (17 bytes))
1764799121: Received PUBLISH from auto-9B5B9810-129E-25D5-C579-A081799C3A31 (d0, q0, r0, m0, 'sensors/data', ... (17 bytes))
1764799126: Received PUBLISH from auto-9B5B9810-129E-25D5-C579-A081799C3A31 (d0, q0, r0, m0, 'sensors/data', ... (17 bytes))
1764799132: Received PUBLISH from auto-9B5B9810-129E-25D5-C579-A081799C3A31 (d0, q0, r0, m0, 'sensors/data', ... (17 bytes))
1764799137: Received PUBLISH from auto-9B5B9810-129E-25D5-C579-A081799C3A31 (d0, q0, r0, m0, 'sensors/data', ... (17 bytes))
1764799142: Received PUBLISH from auto-9B5B9810-129E-25D5-C579-A081799C3A31 (d0, q0, r0, m0, 'sensors/data', ... (16 bytes))
1764799147: Received PUBLISH from auto-9B5B9810-129E-25D5-C579-A081799C3A31 (d0, q0, r0, m0, 'sensors/data', ... (17 bytes))
1764799152: Received PUBLISH from auto-9B5B9810-129E-25D5-C579-A081799C3A31 (d0, q0, r0, m0, 'sensors/data', ... (17 bytes))
1764799153: Received PINGREQ from auto-9AA18E02-B2B3-064B-C60D-FBE61AC4098A
1764799153: Sending PINGRESP to auto-9AA18E02-B2B3-064B-C60D-FBE61AC4098A
1764799157: Received PUBLISH from auto-9B5B9810-129E-25D5-C579-A081799C3A31 (d0, q0, r0, m0, 'sensors/data', ... (17 bytes))
1764799162: Received PUBLISH from auto-9B5B9810-129E-25D5-C579-A081799C3A31 (d0, q0, r0, m0, 'sensors/data', ... (17 bytes))
1764799167: Received PUBLISH from auto-9B5B9810-129E-25D5-C579-A081799C3A31 (d0, q0, r0, m0, 'sensors/data', ... (17 bytes))
1764799172: Received PUBLISH from auto-9B5B9810-129E-25D5-C579-A081799C3A31 (d0, q0, r0, m0, 'sensors/data', ... (17 bytes))
1764799177: Received PUBLISH from auto-9B5B9810-129E-25D5-C579-A081799C3A31 (d0, q0, r0, m0, 'sensors/data', ... (17 bytes))
1764799182: Received PUBLISH from auto-9B5B9810-129E-25D5-C579-A081799C3A31 (d0, q0, r0, m0, 'sensors/data', ... (16 bytes))
1764799187: Received PUBLISH from auto-9B5B9810-129E-25D5-C579-A081799C3A31 (d0, q0, r0, m0, 'sensors/data', ... (17 bytes))
1764799192: Received PUBLISH from auto-9B5B9810-129E-25D5-C579-A081799C3A31 (d0, q0, r0, m0, 'sensors/data', ... (16 bytes))
1764799198: Received PUBLISH from auto-9B5B9810-129E-25D5-C579-A081799C3A31 (d0, q0, r0, m0, 'sensors/data', ... (17 bytes))
1764799203: Received PUBLISH from auto-9B5B9810-129E-25D5-C579-A081799C3A31 (d0, q0, r0, m0, 'sensors/data', ... (17 bytes))
1764799208: Received PUBLISH from auto-9B5B9810-129E-25D5-C579-A081799C3A31 (d0, q0, r0, m0, 'sensors/data', ... (17 bytes))
1764799213: Received PUBLISH from auto-9B5B9810-129E-25D5-C579-A081799C3A31 (d0, q0, r0, m0, 'sensors/data', ... (16 bytes))
1764799213: Received PINGREQ from auto-9AA18E02-B2B3-064B-C60D-FBE61AC4098A
1764799213: Sending PINGRESP to auto-9AA18E02-B2B3-064B-C60D-FBE61AC4098A
1764799218: Received PUBLISH from auto-9B5B9810-129E-25D5-C579-A081799C3A31 (d0, q0, r0, m0, 'sensors/data', ... (17 bytes))
1764799223: Received PUBLISH from auto-9B5B9810-129E-25D5-C579-A081799C3A31 (d0, q0, r0, m0, 'sensors/data', ... (17 bytes))
1764799228: Received PUBLISH from auto-9B5B9810-129E-25D5-C579-A081799C3A31 (d0, q0, r0, m0, 'sensors/data', ... (17 bytes))
1764799233: Received PUBLISH from auto-9B5B9810-129E-25D5-C579-A081799C3A31 (d0, q0, r0, m0, 'sensors/data', ... (17 bytes))
1764799238: Received PUBLISH from auto-9B5B9810-129E-25D5-C579-A081799C3A31 (d0, q0, r0, m0, 'sensors/data', ... (16 bytes))
1764799243: Received PUBLISH from auto-9B5B9810-129E-25D5-C579-A081799C3A31 (d0, q0, r0, m0, 'sensors/data', ... (16 bytes))
1764799248: Received PUBLISH from auto-9B5B9810-129E-25D5-C579-A081799C3A31 (d0, q0, r0, m0, 'sensors/data', ... (17 bytes))
1764799253: Received PUBLISH from auto-9B5B9810-129E-25D5-C579-A081799C3A31 (d0, q0, r0, m0, 'sensors/data', ... (16 bytes))
1764799258: Received PUBLISH from auto-9B5B9810-129E-25D5-C579-A081799C3A31 (d0, q0, r0, m0, 'sensors/data', ... (17 bytes))
1764799264: Received PUBLISH from auto-9B5B9810-129E-25D5-C579-A081799C3A31 (d0, q0, r0, m0, 'sensors/data', ... (16 bytes))
1764799269: Received PUBLISH from auto-9B5B9810-129E-25D5-C579-A081799C3A31 (d0, q0, r0, m0, 'sensors/data', ... (17 bytes))
1764799274: Received PUBLISH from auto-9B5B9810-129E-25D5-C579-A081799C3A31 (d0, q0, r0, m0, 'sensors/data', ... (17 bytes))
1764799274: Received PINGREQ from auto-9AA18E02-B2B3-064B-C60D-FBE61AC4098A
1764799274: Sending PINGRESP to auto-9AA18E02-B2B3-064B-C60D-FBE61AC4098A
1764799279: Received PUBLISH from auto-9B5B9810-129E-25D5-C579-A081799C3A31 (d0, q0, r0, m0, 'sensors/data', ... (17 bytes))
1764799284: Received PUBLISH from auto-9B5B9810-129E-25D5-C579-A081799C3A31 (d0, q0, r0, m0, 'sensors/data', ... (17 bytes))
1764799289: Received PUBLISH from auto-9B5B9810-129E-25D5-C579-A081799C3A31 (d0, q0, r0, m0, 'sensors/data', ... (17 bytes))
1764799294: Received PUBLISH from auto-9B5B9810-129E-25D5-C579-A081799C3A31 (d0, q0, r0, m0, 'sensors/data', ... (16 bytes))
1764799299: Received PUBLISH from auto-9B5B9810-129E-25D5-C579-A081799C3A31 (d0, q0, r0, m0, 'sensors/data', ... (17 bytes))
1764799304: Received PUBLISH from auto-9B5B9810-129E-25D5-C579-A081799C3A31 (d0, q0, r0, m0, 'sensors/data', ... (15 bytes))
1764799309: Received PUBLISH from auto-9B5B9810-129E-25D5-C579-A081799C3A31 (d0, q0, r0, m0, 'sensors/data', ... (16 bytes))
1764799314: Received PUBLISH from auto-9B5B9810-129E-25D5-C579-A081799C3A31 (d0, q0, r0, m0, 'sensors/data', ... (16 bytes))
1764799319: Received PUBLISH from auto-9B5B9810-129E-25D5-C579-A081799C3A31 (d0, q0, r0, m0, 'sensors/data', ... (17 bytes))
1764799324: Received PUBLISH from auto-9B5B9810-129E-25D5-C579-A081799C3A31 (d0, q0, r0, m0, 'sensors/data', ... (17 bytes))
1764799329: Received PUBLISH from auto-9B5B9810-129E-25D5-C579-A081799C3A31 (d0, q0, r0, m0, 'sensors/data', ... (17 bytes))
1764799334: Received PINGREQ from auto-9AA18E02-B2B3-064B-C60D-FBE61AC4098A
1764799334: Sending PINGRESP to auto-9AA18E02-B2B3-064B-C60D-FBE61AC4098A
1764799335: Received PUBLISH from auto-9B5B9810-129E-25D5-C579-A081799C3A31 (d0, q0, r0, m0, 'sensors/data', ... (16 bytes))
1764799340: Received PUBLISH from auto-9B5B9810-129E-25D5-C579-A081799C3A31 (d0, q0, r0, m0, 'sensors/data', ... (17 bytes))
1764799345: Received PUBLISH from auto-9B5B9810-129E-25D5-C579-A081799C3A31 (d0, q0, r0, m0, 'sensors/data', ... (17 bytes))
1764799350: Received PUBLISH from auto-9B5B9810-129E-25D5-C579-A081799C3A31 (d0, q0, r0, m0, 'sensors/data', ... (16 bytes))
1764799353: Client auto-9AA18E02-B2B3-064B-C60D-FBE61AC4098A closed its connection.
1764799355: Received PUBLISH from auto-9B5B9810-129E-25D5-C579-A081799C3A31 (d0, q0, r0, m0, 'sensors/data', ... (17 bytes))
1764799360: Received PUBLISH from auto-9B5B9810-129E-25D5-C579-A081799C3A31 (d0, q0, r0, m0, 'sensors/data', ... (16 bytes))
1764799365: Received PUBLISH from auto-9B5B9810-129E-25D5-C579-A081799C3A31 (d0, q0, r0, m0, 'sensors/data', ... (17 bytes))
1764799366: Client auto-9B5B9810-129E-25D5-C579-A081799C3A31 closed its connection.
1764799378: mosquitto version 2.0.22 terminating
1764799468: mosquitto version 2.0.22 starting
1764799468: Config loaded from /mosquitto/config/mosquitto.conf.
1764799468: Opening ipv4 listen socket on port 1883.
1764799468: mosquitto version 2.0.22 running
1764799471: New connection from 172.19.0.3:48931 on port 1883.
1764799471: New client connected from 172.19.0.3:48931 as auto-F44F9E3F-EE3B-827F-BF57-51DAE6F3C82B (p2, c1, k60).
1764799471: No will message specified.
1764799471: Sending CONNACK to auto-F44F9E3F-EE3B-827F-BF57-51DAE6F3C82B (0, 0)
1764799471: Received SUBSCRIBE from auto-F44F9E3F-EE3B-827F-BF57-51DAE6F3C82B
1764799471: 	sensors                          /data (QoS 0)
1764799471: auto-F44F9E3F-EE3B-827F-BF57-51DAE6F3C82B 0 sensors                          /data
1764799471: Sending SUBACK to auto-F44F9E3F-EE3B-827F-BF57-51DAE6F3C82B
1764799474: New connection from 172.19.0.4:54201 on port 1883.
1764799474: New client connected from 172.19.0.4:54201 as auto-34991478-55ED-80B4-0FA7-519634D73063 (p2, c1, k60).
1764799474: No will message specified.
1764799474: Sending CONNACK to auto-34991478-55ED-80B4-0FA7-519634D73063 (0, 0)
1764799475: Received PUBLISH from auto-34991478-55ED-80B4-0FA7-519634D73063 (d0, q0, r0, m0, 'sensors/data', ... (44 bytes))
1764799480: Received PUBLISH from auto-34991478-55ED-80B4-0FA7-519634D73063 (d0, q0, r0, m0, 'sensors/data', ... (43 bytes))
1764799485: Received PUBLISH from auto-34991478-55ED-80B4-0FA7-519634D73063 (d0, q0, r0, m0, 'sensors/data', ... (43 bytes))
1764799490: Received PUBLISH from auto-34991478-55ED-80B4-0FA7-519634D73063 (d0, q0, r0, m0, 'sensors/data', ... (43 bytes))
1764799495: Received PUBLISH from auto-34991478-55ED-80B4-0FA7-519634D73063 (d0, q0, r0, m0, 'sensors/data', ... (43 bytes))
1764799500: Received PUBLISH from auto-34991478-55ED-80B4-0FA7-519634D73063 (d0, q0, r0, m0, 'sensors/data', ... (44 bytes))
1764799505: Received PUBLISH from auto-34991478-55ED-80B4-0FA7-519634D73063 (d0, q0, r0, m0, 'sensors/data', ... (43 bytes))
1764799510: Received PUBLISH from auto-34991478-55ED-80B4-0FA7-519634D73063 (d0, q0, r0, m0, 'sensors/data', ... (42 bytes))
1764799515: Received PUBLISH from auto-34991478-55ED-80B4-0FA7-519634D73063 (d0, q0, r0, m0, 'sensors/data', ... (43 bytes))
1764799520: Received PUBLISH from auto-34991478-55ED-80B4-0FA7-519634D73063 (d0, q0, r0, m0, 'sensors/data', ... (44 bytes))
1764799525: Received PUBLISH from auto-34991478-55ED-80B4-0FA7-519634D73063 (d0, q0, r0, m0, 'sensors/data', ... (42 bytes))
1764799530: Received PUBLISH from auto-34991478-55ED-80B4-0FA7-519634D73063 (d0, q0, r0, m0, 'sensors/data', ... (43 bytes))
1764799532: Received PINGREQ from auto-F44F9E3F-EE3B-827F-BF57-51DAE6F3C82B
1764799532: Sending PINGRESP to auto-F44F9E3F-EE3B-827F-BF57-51DAE6F3C82B
1764799535: Received PUBLISH from auto-34991478-55ED-80B4-0FA7-519634D73063 (d0, q0, r0, m0, 'sensors/data', ... (42 bytes))
1764799541: Received PUBLISH from auto-34991478-55ED-80B4-0FA7-519634D73063 (d0, q0, r0, m0, 'sensors/data', ... (44 bytes))
1764799546: Received PUBLISH from auto-34991478-55ED-80B4-0FA7-519634D73063 (d0, q0, r0, m0, 'sensors/data', ... (44 bytes))
1764799551: Received PUBLISH from auto-34991478-55ED-80B4-0FA7-519634D73063 (d0, q0, r0, m0, 'sensors/data', ... (43 bytes))
1764799556: Received PUBLISH from auto-34991478-55ED-80B4-0FA7-519634D73063 (d0, q0, r0, m0, 'sensors/data', ... (39 bytes))
1764799561: Received PUBLISH from auto-34991478-55ED-80B4-0FA7-519634D73063 (d0, q0, r0, m0, 'sensors/data', ... (44 bytes))
1764799566: Received PUBLISH from auto-34991478-55ED-80B4-0FA7-519634D73063 (d0, q0, r0, m0, 'sensors/data', ... (42 bytes))
1764799571: Received PUBLISH from auto-34991478-55ED-80B4-0FA7-519634D73063 (d0, q0, r0, m0, 'sensors/data', ... (43 bytes))
1764799576: Received PUBLISH from auto-34991478-55ED-80B4-0FA7-519634D73063 (d0, q0, r0, m0, 'sensors/data', ... (43 bytes))
1764799581: Received PUBLISH from auto-34991478-55ED-80B4-0FA7-519634D73063 (d0, q0, r0, m0, 'sensors/data', ... (42 bytes))
1764799586: Received PUBLISH from auto-34991478-55ED-80B4-0FA7-519634D73063 (d0, q0, r0, m0, 'sensors/data', ... (42 bytes))
1764799591: Received PUBLISH from auto-34991478-55ED-80B4-0FA7-519634D73063 (d0, q0, r0, m0, 'sensors/data', ... (42 bytes))
1764799592: Received PINGREQ from auto-F44F9E3F-EE3B-827F-BF57-51DAE6F3C82B
1764799592: Sending PINGRESP to auto-F44F9E3F-EE3B-827F-BF57-51DAE6F3C82B
1764799596: Received PUBLISH from auto-34991478-55ED-80B4-0FA7-519634D73063 (d0, q0, r0, m0, 'sensors/data', ... (44 bytes))
1764799601: Received PUBLISH from auto-34991478-55ED-80B4-0FA7-519634D73063 (d0, q0, r0, m0, 'sensors/data', ... (43 bytes))
1764799607: Received PUBLISH from auto-34991478-55ED-80B4-0FA7-519634D73063 (d0, q0, r0, m0, 'sensors/data', ... (43 bytes))
1764799612: Received PUBLISH from auto-34991478-55ED-80B4-0FA7-519634D73063 (d0, q0, r0, m0, 'sensors/data', ... (42 bytes))
1764799617: Received PUBLISH from auto-34991478-55ED-80B4-0FA7-519634D73063 (d0, q0, r0, m0, 'sensors/data', ... (41 bytes))
1764799622: Received PUBLISH from auto-34991478-55ED-80B4-0FA7-519634D73063 (d0, q0, r0, m0, 'sensors/data', ... (44 bytes))
1764799627: Received PUBLISH from auto-34991478-55ED-80B4-0FA7-519634D73063 (d0, q0, r0, m0, 'sensors/data', ... (43 bytes))
1764799632: Received PUBLISH from auto-34991478-55ED-80B4-0FA7-519634D73063 (d0, q0, r0, m0, 'sensors/data', ... (41 bytes))
1764799637: Received PUBLISH from auto-34991478-55ED-80B4-0FA7-519634D73063 (d0, q0, r0, m0, 'sensors/data', ... (43 bytes))
1764799642: Received PUBLISH from auto-34991478-55ED-80B4-0FA7-519634D73063 (d0, q0, r0, m0, 'sensors/data', ... (42 bytes))
1764799647: Received PUBLISH from auto-34991478-55ED-80B4-0FA7-519634D73063 (d0, q0, r0, m0, 'sensors/data', ... (41 bytes))
1764799652: Received PUBLISH from auto-34991478-55ED-80B4-0FA7-519634D73063 (d0, q0, r0, m0, 'sensors/data', ... (42 bytes))
1764799653: Received PINGREQ from auto-F44F9E3F-EE3B-827F-BF57-51DAE6F3C82B
1764799653: Sending PINGRESP to auto-F44F9E3F-EE3B-827F-BF57-51DAE6F3C82B
1764799657: Received PUBLISH from auto-34991478-55ED-80B4-0FA7-519634D73063 (d0, q0, r0, m0, 'sensors/data', ... (42 bytes))
1764799662: Received PUBLISH from auto-34991478-55ED-80B4-0FA7-519634D73063 (d0, q0, r0, m0, 'sensors/data', ... (41 bytes))
1764799667: Received PUBLISH from auto-34991478-55ED-80B4-0FA7-519634D73063 (d0, q0, r0, m0, 'sensors/data', ... (43 bytes))
1764799672: Received PUBLISH from auto-34991478-55ED-80B4-0FA7-519634D73063 (d0, q0, r0, m0, 'sensors/data', ... (44 bytes))
1764799678: Received PUBLISH from auto-34991478-55ED-80B4-0FA7-519634D73063 (d0, q0, r0, m0, 'sensors/data', ... (43 bytes))
1764799683: Received PUBLISH from auto-34991478-55ED-80B4-0FA7-519634D73063 (d0, q0, r0, m0, 'sensors/data', ... (42 bytes))
1764799688: Received PUBLISH from auto-34991478-55ED-80B4-0FA7-519634D73063 (d0, q0, r0, m0, 'sensors/data', ... (43 bytes))
1764799693: Received PUBLISH from auto-34991478-55ED-80B4-0FA7-519634D73063 (d0, q0, r0, m0, 'sensors/data', ... (43 bytes))
1764799698: Received PUBLISH from auto-34991478-55ED-80B4-0FA7-519634D73063 (d0, q0, r0, m0, 'sensors/data', ... (44 bytes))
1764799703: Received PUBLISH from auto-34991478-55ED-80B4-0FA7-519634D73063 (d0, q0, r0, m0, 'sensors/data', ... (43 bytes))
1764799708: Received PUBLISH from auto-34991478-55ED-80B4-0FA7-519634D73063 (d0, q0, r0, m0, 'sensors/data', ... (41 bytes))
1764799713: Received PINGREQ from auto-F44F9E3F-EE3B-827F-BF57-51DAE6F3C82B
1764799713: Sending PINGRESP to auto-F44F9E3F-EE3B-827F-BF57-51DAE6F3C82B
1764799713: Received PUBLISH from auto-34991478-55ED-80B4-0FA7-519634D73063 (d0, q0, r0, m0, 'sensors/data', ... (43 bytes))
1764799718: Received PUBLISH from auto-34991478-55ED-80B4-0FA7-519634D73063 (d0, q0, r0, m0, 'sensors/data', ... (43 bytes))
1764799723: Received PUBLISH from auto-34991478-55ED-80B4-0FA7-519634D73063 (d0, q0, r0, m0, 'sensors/data', ... (42 bytes))
1764799728: Received PUBLISH from auto-34991478-55ED-80B4-0FA7-519634D73063 (d0, q0, r0, m0, 'sensors/data', ... (42 bytes))
1764799733: Received PUBLISH from auto-34991478-55ED-80B4-0FA7-519634D73063 (d0, q0, r0, m0, 'sensors/data', ... (43 bytes))
1764799738: Received PUBLISH from auto-34991478-55ED-80B4-0FA7-519634D73063 (d0, q0, r0, m0, 'sensors/data', ... (42 bytes))
1764799744: Received PUBLISH from auto-34991478-55ED-80B4-0FA7-519634D73063 (d0, q0, r0, m0, 'sensors/data', ... (43 bytes))
1764799749: Received PUBLISH from auto-34991478-55ED-80B4-0FA7-519634D73063 (d0, q0, r0, m0, 'sensors/data', ... (43 bytes))
1764799754: Received PUBLISH from auto-34991478-55ED-80B4-0FA7-519634D73063 (d0, q0, r0, m0, 'sensors/data', ... (43 bytes))
1764799759: Received PUBLISH from auto-34991478-55ED-80B4-0FA7-519634D73063 (d0, q0, r0, m0, 'sensors/data', ... (42 bytes))
1764799764: Received PUBLISH from auto-34991478-55ED-80B4-0FA7-519634D73063 (d0, q0, r0, m0, 'sensors/data', ... (43 bytes))
1764799769: Received PUBLISH from auto-34991478-55ED-80B4-0FA7-519634D73063 (d0, q0, r0, m0, 'sensors/data', ... (42 bytes))
1764799773: Received PINGREQ from auto-F44F9E3F-EE3B-827F-BF57-51DAE6F3C82B
1764799773: Sending PINGRESP to auto-F44F9E3F-EE3B-827F-BF57-51DAE6F3C82B
1764799774: Received PUBLISH from auto-34991478-55ED-80B4-0FA7-519634D73063 (d0, q0, r0, m0, 'sensors/data', ... (43 bytes))
1764799779: Received PUBLISH from auto-34991478-55ED-80B4-0FA7-519634D73063 (d0, q0, r0, m0, 'sensors/data', ... (41 bytes))
1764799784: Received PUBLISH from auto-34991478-55ED-80B4-0FA7-519634D73063 (d0, q0, r0, m0, 'sensors/data', ... (43 bytes))
1764799789: Received PUBLISH from auto-34991478-55ED-80B4-0FA7-519634D73063 (d0, q0, r0, m0, 'sensors/data', ... (41 bytes))
1764799794: Received PUBLISH from auto-34991478-55ED-80B4-0FA7-519634D73063 (d0, q0, r0, m0, 'sensors/data', ... (41 bytes))
1764799799: Received PUBLISH from auto-34991478-55ED-80B4-0FA7-519634D73063 (d0, q0, r0, m0, 'sensors/data', ... (43 bytes))
1764799804: Received PUBLISH from auto-34991478-55ED-80B4-0FA7-519634D73063 (d0, q0, r0, m0, 'sensors/data', ... (43 bytes))
1764799810: Received PUBLISH from auto-34991478-55ED-80B4-0FA7-519634D73063 (d0, q0, r0, m0, 'sensors/data', ... (43 bytes))
1764799815: Received PUBLISH from auto-34991478-55ED-80B4-0FA7-519634D73063 (d0, q0, r0, m0, 'sensors/data', ... (44 bytes))
1764799820: Received PUBLISH from auto-34991478-55ED-80B4-0FA7-519634D73063 (d0, q0, r0, m0, 'sensors/data', ... (42 bytes))
1764799825: Received PUBLISH from auto-34991478-55ED-80B4-0FA7-519634D73063 (d0, q0, r0, m0, 'sensors/data', ... (43 bytes))
1764799830: Received PUBLISH from auto-34991478-55ED-80B4-0FA7-519634D73063 (d0, q0, r0, m0, 'sensors/data', ... (44 bytes))
1764799834: Received PINGREQ from auto-F44F9E3F-EE3B-827F-BF57-51DAE6F3C82B
1764799834: Sending PINGRESP to auto-F44F9E3F-EE3B-827F-BF57-51DAE6F3C82B
1764799835: Received PUBLISH from auto-34991478-55ED-80B4-0FA7-519634D73063 (d0, q0, r0, m0, 'sensors/data', ... (43 bytes))
1764799840: Received PUBLISH from auto-34991478-55ED-80B4-0FA7-519634D73063 (d0, q0, r0, m0, 'sensors/data', ... (43 bytes))
1764799845: Received PUBLISH from auto-34991478-55ED-80B4-0FA7-519634D73063 (d0, q0, r0, m0, 'sensors/data', ... (42 bytes))
1764799850: Received PUBLISH from auto-34991478-55ED-80B4-0FA7-519634D73063 (d0, q0, r0, m0, 'sensors/data', ... (42 bytes))
1764799855: Received PUBLISH from auto-34991478-55ED-80B4-0FA7-519634D73063 (d0, q0, r0, m0, 'sensors/data', ... (44 bytes))
1764799860: Received PUBLISH from auto-34991478-55ED-80B4-0FA7-519634D73063 (d0, q0, r0, m0, 'sensors/data', ... (42 bytes))
1764799865: Received PUBLISH from auto-34991478-55ED-80B4-0FA7-519634D73063 (d0, q0, r0, m0, 'sensors/data', ... (43 bytes))
1764799867: Client auto-F44F9E3F-EE3B-827F-BF57-51DAE6F3C82B closed its connection.
1764799870: Received PUBLISH from auto-34991478-55ED-80B4-0FA7-519634D73063 (d0, q0, r0, m0, 'sensors/data', ... (44 bytes))
1764799876: Received PUBLISH from auto-34991478-55ED-80B4-0FA7-519634D73063 (d0, q0, r0, m0, 'sensors/data', ... (43 bytes))
1764799880: Client auto-34991478-55ED-80B4-0FA7-519634D73063 closed its connection.
1764799892: mosquitto version 2.0.22 terminating
1764800135: mosquitto version 2.0.22 starting
1764800135: Config loaded from /mosquitto/config/mosquitto.conf.
1764800135: Opening ipv4 listen socket on port 1883.
1764800135: mosquitto version 2.0.22 running
1764800141: New connection from 172.19.0.3:43789 on port 1883.
1764800141: New client connected from 172.19.0.3:43789 as auto-B41AB8C8-0F21-7627-404D-3C2AD88BA291 (p2, c1, k60).
1764800141: No will message specified.
1764800141: Sending CONNACK to auto-B41AB8C8-0F21-7627-404D-3C2AD88BA291 (0, 0)
1764800141: Received PUBLISH from auto-B41AB8C8-0F21-7627-404D-3C2AD88BA291 (d0, q0, r0, m0, 'sensors/data', ... (42 bytes))
1764800146: Received PUBLISH from auto-B41AB8C8-0F21-7627-404D-3C2AD88BA291 (d0, q0, r0, m0, 'sensors/data', ... (40 bytes))
1764800151: Received PUBLISH from auto-B41AB8C8-0F21-7627-404D-3C2AD88BA291 (d0, q0, r0, m0, 'sensors/data', ... (43 bytes))
1764800156: Received PUBLISH from auto-B41AB8C8-0F21-7627-404D-3C2AD88BA291 (d0, q0, r0, m0, 'sensors/data', ... (41 bytes))
1764800161: Received PUBLISH from auto-B41AB8C8-0F21-7627-404D-3C2AD88BA291 (d0, q0, r0, m0, 'sensors/data', ... (44 bytes))
1764800166: Received PUBLISH from auto-B41AB8C8-0F21-7627-404D-3C2AD88BA291 (d0, q0, r0, m0, 'sensors/data', ... (43 bytes))
1764800171: Received PUBLISH from auto-B41AB8C8-0F21-7627-404D-3C2AD88BA291 (d0, q0, r0, m0, 'sensors/data', ... (43 bytes))
1764800176: Received PUBLISH from auto-B41AB8C8-0F21-7627-404D-3C2AD88BA291 (d0, q0, r0, m0, 'sensors/data', ... (43 bytes))
1764800181: Received PUBLISH from auto-B41AB8C8-0F21-7627-404D-3C2AD88BA291 (d0, q0, r0, m0, 'sensors/data', ... (42 bytes))
1764800186: Received PUBLISH from auto-B41AB8C8-0F21-7627-404D-3C2AD88BA291 (d0, q0, r0, m0, 'sensors/data', ... (43 bytes))
1764800191: Received PUBLISH from auto-B41AB8C8-0F21-7627-404D-3C2AD88BA291 (d0, q0, r0, m0, 'sensors/data', ... (44 bytes))
1764800197: Received PUBLISH from auto-B41AB8C8-0F21-7627-404D-3C2AD88BA291 (d0, q0, r0, m0, 'sensors/data', ... (43 bytes))
1764800202: Received PUBLISH from auto-B41AB8C8-0F21-7627-404D-3C2AD88BA291 (d0, q0, r0, m0, 'sensors/data', ... (43 bytes))
1764800207: Received PUBLISH from auto-B41AB8C8-0F21-7627-404D-3C2AD88BA291 (d0, q0, r0, m0, 'sensors/data', ... (42 bytes))
1764800212: Received PUBLISH from auto-B41AB8C8-0F21-7627-404D-3C2AD88BA291 (d0, q0, r0, m0, 'sensors/data', ... (40 bytes))
1764800217: Received PUBLISH from auto-B41AB8C8-0F21-7627-404D-3C2AD88BA291 (d0, q0, r0, m0, 'sensors/data', ... (42 bytes))
1764800222: Received PUBLISH from auto-B41AB8C8-0F21-7627-404D-3C2AD88BA291 (d0, q0, r0, m0, 'sensors/data', ... (43 bytes))
1764800227: Received PUBLISH from auto-B41AB8C8-0F21-7627-404D-3C2AD88BA291 (d0, q0, r0, m0, 'sensors/data', ... (42 bytes))
1764800232: Received PUBLISH from auto-B41AB8C8-0F21-7627-404D-3C2AD88BA291 (d0, q0, r0, m0, 'sensors/data', ... (41 bytes))
1764800237: Received PUBLISH from auto-B41AB8C8-0F21-7627-404D-3C2AD88BA291 (d0, q0, r0, m0, 'sensors/data', ... (43 bytes))
1764800242: Received PUBLISH from auto-B41AB8C8-0F21-7627-404D-3C2AD88BA291 (d0, q0, r0, m0, 'sensors/data', ... (43 bytes))
1764800247: Received PUBLISH from auto-B41AB8C8-0F21-7627-404D-3C2AD88BA291 (d0, q0, r0, m0, 'sensors/data', ... (43 bytes))
1764800252: Received PUBLISH from auto-B41AB8C8-0F21-7627-404D-3C2AD88BA291 (d0, q0, r0, m0, 'sensors/data', ... (42 bytes))
1764800257: Received PUBLISH from auto-B41AB8C8-0F21-7627-404D-3C2AD88BA291 (d0, q0, r0, m0, 'sensors/data', ... (42 bytes))
1764800263: Received PUBLISH from auto-B41AB8C8-0F21-7627-404D-3C2AD88BA291 (d0, q0, r0, m0, 'sensors/data', ... (41 bytes))
1764800268: Received PUBLISH from auto-B41AB8C8-0F21-7627-404D-3C2AD88BA291 (d0, q0, r0, m0, 'sensors/data', ... (43 bytes))
1764800273: Received PUBLISH from auto-B41AB8C8-0F21-7627-404D-3C2AD88BA291 (d0, q0, r0, m0, 'sensors/data', ... (44 bytes))
1764800278: Received PUBLISH from auto-B41AB8C8-0F21-7627-404D-3C2AD88BA291 (d0, q0, r0, m0, 'sensors/data', ... (43 bytes))
1764800283: Received PUBLISH from auto-B41AB8C8-0F21-7627-404D-3C2AD88BA291 (d0, q0, r0, m0, 'sensors/data', ... (43 bytes))
1764800288: Received PUBLISH from auto-B41AB8C8-0F21-7627-404D-3C2AD88BA291 (d0, q0, r0, m0, 'sensors/data', ... (43 bytes))
1764800293: Received PUBLISH from auto-B41AB8C8-0F21-7627-404D-3C2AD88BA291 (d0, q0, r0, m0, 'sensors/data', ... (42 bytes))
1764800298: Received PUBLISH from auto-B41AB8C8-0F21-7627-404D-3C2AD88BA291 (d0, q0, r0, m0, 'sensors/data', ... (42 bytes))
1764800303: Received PUBLISH from auto-B41AB8C8-0F21-7627-404D-3C2AD88BA291 (d0, q0, r0, m0, 'sensors/data', ... (43 bytes))
1764800308: Received PUBLISH from auto-B41AB8C8-0F21-7627-404D-3C2AD88BA291 (d0, q0, r0, m0, 'sensors/data', ... (41 bytes))
1764800313: Received PUBLISH from auto-B41AB8C8-0F21-7627-404D-3C2AD88BA291 (d0, q0, r0, m0, 'sensors/data', ... (41 bytes))
1764800318: Received PUBLISH from auto-B41AB8C8-0F21-7627-404D-3C2AD88BA291 (d0, q0, r0, m0, 'sensors/data', ... (42 bytes))
1764800323: Received PUBLISH from auto-B41AB8C8-0F21-7627-404D-3C2AD88BA291 (d0, q0, r0, m0, 'sensors/data', ... (44 bytes))
1764800329: Received PUBLISH from auto-B41AB8C8-0F21-7627-404D-3C2AD88BA291 (d0, q0, r0, m0, 'sensors/data', ... (44 bytes))
1764800334: Received PUBLISH from auto-B41AB8C8-0F21-7627-404D-3C2AD88BA291 (d0, q0, r0, m0, 'sensors/data', ... (43 bytes))
1764800339: Received PUBLISH from auto-B41AB8C8-0F21-7627-404D-3C2AD88BA291 (d0, q0, r0, m0, 'sensors/data', ... (44 bytes))
1764800344: Received PUBLISH from auto-B41AB8C8-0F21-7627-404D-3C2AD88BA291 (d0, q0, r0, m0, 'sensors/data', ... (42 bytes))
1764800349: Received PUBLISH from auto-B41AB8C8-0F21-7627-404D-3C2AD88BA291 (d0, q0, r0, m0, 'sensors/data', ... (42 bytes))
1764800354: Received PUBLISH from auto-B41AB8C8-0F21-7627-404D-3C2AD88BA291 (d0, q0, r0, m0, 'sensors/data', ... (44 bytes))
1764800359: Received PUBLISH from auto-B41AB8C8-0F21-7627-404D-3C2AD88BA291 (d0, q0, r0, m0, 'sensors/data', ... (44 bytes))
1764800364: Received PUBLISH from auto-B41AB8C8-0F21-7627-404D-3C2AD88BA291 (d0, q0, r0, m0, 'sensors/data', ... (42 bytes))
1764800369: Received PUBLISH from auto-B41AB8C8-0F21-7627-404D-3C2AD88BA291 (d0, q0, r0, m0, 'sensors/data', ... (42 bytes))
1764800374: Received PUBLISH from auto-B41AB8C8-0F21-7627-404D-3C2AD88BA291 (d0, q0, r0, m0, 'sensors/data', ... (43 bytes))
1764800379: Received PUBLISH from auto-B41AB8C8-0F21-7627-404D-3C2AD88BA291 (d0, q0, r0, m0, 'sensors/data', ... (43 bytes))
1764800384: Received PUBLISH from auto-B41AB8C8-0F21-7627-404D-3C2AD88BA291 (d0, q0, r0, m0, 'sensors/data', ... (42 bytes))
1764800389: Received PUBLISH from auto-B41AB8C8-0F21-7627-404D-3C2AD88BA291 (d0, q0, r0, m0, 'sensors/data', ... (43 bytes))
1764800395: Received PUBLISH from auto-B41AB8C8-0F21-7627-404D-3C2AD88BA291 (d0, q0, r0, m0, 'sensors/data', ... (41 bytes))
1764800400: Received PUBLISH from auto-B41AB8C8-0F21-7627-404D-3C2AD88BA291 (d0, q0, r0, m0, 'sensors/data', ... (41 bytes))
1764800405: Received PUBLISH from auto-B41AB8C8-0F21-7627-404D-3C2AD88BA291 (d0, q0, r0, m0, 'sensors/data', ... (42 bytes))
1764800410: Received PUBLISH from auto-B41AB8C8-0F21-7627-404D-3C2AD88BA291 (d0, q0, r0, m0, 'sensors/data', ... (42 bytes))
1764800415: Received PUBLISH from auto-B41AB8C8-0F21-7627-404D-3C2AD88BA291 (d0, q0, r0, m0, 'sensors/data', ... (42 bytes))
1764800420: Received PUBLISH from auto-B41AB8C8-0F21-7627-404D-3C2AD88BA291 (d0, q0, r0, m0, 'sensors/data', ... (43 bytes))
1764800425: Received PUBLISH from auto-B41AB8C8-0F21-7627-404D-3C2AD88BA291 (d0, q0, r0, m0, 'sensors/data', ... (43 bytes))
1764800430: Received PUBLISH from auto-B41AB8C8-0F21-7627-404D-3C2AD88BA291 (d0, q0, r0, m0, 'sensors/data', ... (43 bytes))
1764800435: Received PUBLISH from auto-B41AB8C8-0F21-7627-404D-3C2AD88BA291 (d0, q0, r0, m0, 'sensors/data', ... (42 bytes))
1764800440: Received PUBLISH from auto-B41AB8C8-0F21-7627-404D-3C2AD88BA291 (d0, q0, r0, m0, 'sensors/data', ... (44 bytes))
1764800445: Received PUBLISH from auto-B41AB8C8-0F21-7627-404D-3C2AD88BA291 (d0, q0, r0, m0, 'sensors/data', ... (42 bytes))
1764800450: Received PUBLISH from auto-B41AB8C8-0F21-7627-404D-3C2AD88BA291 (d0, q0, r0, m0, 'sensors/data', ... (42 bytes))
1764800455: Received PUBLISH from auto-B41AB8C8-0F21-7627-404D-3C2AD88BA291 (d0, q0, r0, m0, 'sensors/data', ... (42 bytes))
1764800461: Received PUBLISH from auto-B41AB8C8-0F21-7627-404D-3C2AD88BA291 (d0, q0, r0, m0, 'sensors/data', ... (43 bytes))
1764800466: Received PUBLISH from auto-B41AB8C8-0F21-7627-404D-3C2AD88BA291 (d0, q0, r0, m0, 'sensors/data', ... (43 bytes))
1764800471: Received PUBLISH from auto-B41AB8C8-0F21-7627-404D-3C2AD88BA291 (d0, q0, r0, m0, 'sensors/data', ... (43 bytes))
1764800476: Received PUBLISH from auto-B41AB8C8-0F21-7627-404D-3C2AD88BA291 (d0, q0, r0, m0, 'sensors/data', ... (43 bytes))
1764800481: Received PUBLISH from auto-B41AB8C8-0F21-7627-404D-3C2AD88BA291 (d0, q0, r0, m0, 'sensors/data', ... (43 bytes))
1764800486: Received PUBLISH from auto-B41AB8C8-0F21-7627-404D-3C2AD88BA291 (d0, q0, r0, m0, 'sensors/data', ... (40 bytes))
1764800491: Received PUBLISH from auto-B41AB8C8-0F21-7627-404D-3C2AD88BA291 (d0, q0, r0, m0, 'sensors/data', ... (39 bytes))
1764800496: Received PUBLISH from auto-B41AB8C8-0F21-7627-404D-3C2AD88BA291 (d0, q0, r0, m0, 'sensors/data', ... (44 bytes))
1764800501: Received PUBLISH from auto-B41AB8C8-0F21-7627-404D-3C2AD88BA291 (d0, q0, r0, m0, 'sensors/data', ... (43 bytes))
1764800506: Received PUBLISH from auto-B41AB8C8-0F21-7627-404D-3C2AD88BA291 (d0, q0, r0, m0, 'sensors/data', ... (42 bytes))
1764800511: Received PUBLISH from auto-B41AB8C8-0F21-7627-404D-3C2AD88BA291 (d0, q0, r0, m0, 'sensors/data', ... (43 bytes))
1764800516: Received PUBLISH from auto-B41AB8C8-0F21-7627-404D-3C2AD88BA291 (d0, q0, r0, m0, 'sensors/data', ... (43 bytes))
1764800521: Received PUBLISH from auto-B41AB8C8-0F21-7627-404D-3C2AD88BA291 (d0, q0, r0, m0, 'sensors/data', ... (41 bytes))
1764800526: Received PUBLISH from auto-B41AB8C8-0F21-7627-404D-3C2AD88BA291 (d0, q0, r0, m0, 'sensors/data', ... (43 bytes))
1764800532: Received PUBLISH from auto-B41AB8C8-0F21-7627-404D-3C2AD88BA291 (d0, q0, r0, m0, 'sensors/data', ... (44 bytes))
1764800537: Received PUBLISH from auto-B41AB8C8-0F21-7627-404D-3C2AD88BA291 (d0, q0, r0, m0, 'sensors/data', ... (42 bytes))
1764800542: Received PUBLISH from auto-B41AB8C8-0F21-7627-404D-3C2AD88BA291 (d0, q0, r0, m0, 'sensors/data', ... (43 bytes))
1764800547: Received PUBLISH from auto-B41AB8C8-0F21-7627-404D-3C2AD88BA291 (d0, q0, r0, m0, 'sensors/data', ... (42 bytes))
1764800552: Received PUBLISH from auto-B41AB8C8-0F21-7627-404D-3C2AD88BA291 (d0, q0, r0, m0, 'sensors/data', ... (43 bytes))
1764800557: Received PUBLISH from auto-B41AB8C8-0F21-7627-404D-3C2AD88BA291 (d0, q0, r0, m0, 'sensors/data', ... (39 bytes))
1764800562: Received PUBLISH from auto-B41AB8C8-0F21-7627-404D-3C2AD88BA291 (d0, q0, r0, m0, 'sensors/data', ... (42 bytes))
1764800567: Received PUBLISH from auto-B41AB8C8-0F21-7627-404D-3C2AD88BA291 (d0, q0, r0, m0, 'sensors/data', ... (43 bytes))
1764800572: Received PUBLISH from auto-B41AB8C8-0F21-7627-404D-3C2AD88BA291 (d0, q0, r0, m0, 'sensors/data', ... (43 bytes))
1764800573: Client auto-B41AB8C8-0F21-7627-404D-3C2AD88BA291 closed its connection.
1764800579: New connection from 172.19.0.3:44427 on port 1883.
1764800579: New client connected from 172.19.0.3:44427 as auto-A5CAEEC7-55A8-193F-4826-E9D5C4EBCA38 (p2, c1, k60).
1764800579: No will message specified.
1764800579: Sending CONNACK to auto-A5CAEEC7-55A8-193F-4826-E9D5C4EBCA38 (0, 0)
1764800579: Received PUBLISH from auto-A5CAEEC7-55A8-193F-4826-E9D5C4EBCA38 (d0, q0, r0, m0, 'sensors/data', ... (43 bytes))
1764800584: Received PUBLISH from auto-A5CAEEC7-55A8-193F-4826-E9D5C4EBCA38 (d0, q0, r0, m0, 'sensors/data', ... (43 bytes))
1764800589: Received PUBLISH from auto-A5CAEEC7-55A8-193F-4826-E9D5C4EBCA38 (d0, q0, r0, m0, 'sensors/data', ... (44 bytes))
1764800594: Received PUBLISH from auto-A5CAEEC7-55A8-193F-4826-E9D5C4EBCA38 (d0, q0, r0, m0, 'sensors/data', ... (43 bytes))
1764800599: Received PUBLISH from auto-A5CAEEC7-55A8-193F-4826-E9D5C4EBCA38 (d0, q0, r0, m0, 'sensors/data', ... (43 bytes))
1764800605: Received PUBLISH from auto-A5CAEEC7-55A8-193F-4826-E9D5C4EBCA38 (d0, q0, r0, m0, 'sensors/data', ... (41 bytes))
1764800610: Client auto-A5CAEEC7-55A8-193F-4826-E9D5C4EBCA38 closed its connection.
1764800611: mosquitto version 2.0.22 terminating
1764800685: mosquitto version 2.0.22 starting
1764800685: Config loaded from /mosquitto/config/mosquitto.conf.
1764800685: Opening ipv4 listen socket on port 1883.
1764800685: mosquitto version 2.0.22 running
1764800691: New connection from 172.19.0.3:58783 on port 1883.
1764800691: New client connected from 172.19.0.3:58783 as auto-A1287847-D654-DCFE-41E9-9930514AB9C9 (p2, c1, k60).
1764800691: No will message specified.
1764800691: Sending CONNACK to auto-A1287847-D654-DCFE-41E9-9930514AB9C9 (0, 0)
1764800691: Received PUBLISH from auto-A1287847-D654-DCFE-41E9-9930514AB9C9 (d0, q0, r0, m0, 'sensors/data', ... (43 bytes))
1764800696: Received PUBLISH from auto-A1287847-D654-DCFE-41E9-9930514AB9C9 (d0, q0, r0, m0, 'sensors/data', ... (44 bytes))
1764800701: Received PUBLISH from auto-A1287847-D654-DCFE-41E9-9930514AB9C9 (d0, q0, r0, m0, 'sensors/data', ... (41 bytes))
1764800706: Received PUBLISH from auto-A1287847-D654-DCFE-41E9-9930514AB9C9 (d0, q0, r0, m0, 'sensors/data', ... (43 bytes))
1764800711: Received PUBLISH from auto-A1287847-D654-DCFE-41E9-9930514AB9C9 (d0, q0, r0, m0, 'sensors/data', ... (43 bytes))
1764800716: Received PUBLISH from auto-A1287847-D654-DCFE-41E9-9930514AB9C9 (d0, q0, r0, m0, 'sensors/data', ... (44 bytes))
1764800721: Received PUBLISH from auto-A1287847-D654-DCFE-41E9-9930514AB9C9 (d0, q0, r0, m0, 'sensors/data', ... (44 bytes))
1764800726: Received PUBLISH from auto-A1287847-D654-DCFE-41E9-9930514AB9C9 (d0, q0, r0, m0, 'sensors/data', ... (44 bytes))
1764800731: Received PUBLISH from auto-A1287847-D654-DCFE-41E9-9930514AB9C9 (d0, q0, r0, m0, 'sensors/data', ... (43 bytes))
1764800736: Received PUBLISH from auto-A1287847-D654-DCFE-41E9-9930514AB9C9 (d0, q0, r0, m0, 'sensors/data', ... (44 bytes))
1764800741: Received PUBLISH from auto-A1287847-D654-DCFE-41E9-9930514AB9C9 (d0, q0, r0, m0, 'sensors/data', ... (42 bytes))
1764800746: Received PUBLISH from auto-A1287847-D654-DCFE-41E9-9930514AB9C9 (d0, q0, r0, m0, 'sensors/data', ... (42 bytes))
1764800752: Received PUBLISH from auto-A1287847-D654-DCFE-41E9-9930514AB9C9 (d0, q0, r0, m0, 'sensors/data', ... (44 bytes))
1764800757: Received PUBLISH from auto-A1287847-D654-DCFE-41E9-9930514AB9C9 (d0, q0, r0, m0, 'sensors/data', ... (43 bytes))
1764800762: Received PUBLISH from auto-A1287847-D654-DCFE-41E9-9930514AB9C9 (d0, q0, r0, m0, 'sensors/data', ... (43 bytes))
1764800767: Received PUBLISH from auto-A1287847-D654-DCFE-41E9-9930514AB9C9 (d0, q0, r0, m0, 'sensors/data', ... (43 bytes))
1764800772: Received PUBLISH from auto-A1287847-D654-DCFE-41E9-9930514AB9C9 (d0, q0, r0, m0, 'sensors/data', ... (43 bytes))
1764800777: Received PUBLISH from auto-A1287847-D654-DCFE-41E9-9930514AB9C9 (d0, q0, r0, m0, 'sensors/data', ... (43 bytes))
1764800782: Received PUBLISH from auto-A1287847-D654-DCFE-41E9-9930514AB9C9 (d0, q0, r0, m0, 'sensors/data', ... (41 bytes))
1764800783: Client auto-A1287847-D654-DCFE-41E9-9930514AB9C9 closed its connection.
1764800784: mosquitto version 2.0.22 terminating
1764800849: mosquitto version 2.0.22 starting
1764800849: Config loaded from /mosquitto/config/mosquitto.conf.
1764800849: Opening ipv4 listen socket on port 1883.
1764800849: mosquitto version 2.0.22 running
1764800852: New connection from 172.19.0.3:42447 on port 1883.
1764800852: New client connected from 172.19.0.3:42447 as auto-5F5F5830-8D4D-39DE-5AEB-1CF60ECF50A2 (p2, c1, k60).
1764800852: No will message specified.
1764800852: Sending CONNACK to auto-5F5F5830-8D4D-39DE-5AEB-1CF60ECF50A2 (0, 0)
1764800852: Received SUBSCRIBE from auto-5F5F5830-8D4D-39DE-5AEB-1CF60ECF50A2
1764800852: 	sensors/data (QoS 0)
1764800852: auto-5F5F5830-8D4D-39DE-5AEB-1CF60ECF50A2 0 sensors/data
1764800852: Sending SUBACK to auto-5F5F5830-8D4D-39DE-5AEB-1CF60ECF50A2
1764800855: New connection from 172.19.0.4:36101 on port 1883.
1764800855: New client connected from 172.19.0.4:36101 as auto-F10A1684-60B8-BAEE-8A8E-6755CFEDF536 (p2, c1, k60).
1764800855: No will message specified.
1764800855: Sending CONNACK to auto-F10A1684-60B8-BAEE-8A8E-6755CFEDF536 (0, 0)
1764800855: Received PUBLISH from auto-F10A1684-60B8-BAEE-8A8E-6755CFEDF536 (d0, q0, r0, m0, 'sensors/data', ... (44 bytes))
1764800855: Sending PUBLISH to auto-5F5F5830-8D4D-39DE-5AEB-1CF60ECF50A2 (d0, q0, r0, m0, 'sensors/data', ... (44 bytes))
1764800860: Received PUBLISH from auto-F10A1684-60B8-BAEE-8A8E-6755CFEDF536 (d0, q0, r0, m0, 'sensors/data', ... (42 bytes))
1764800860: Sending PUBLISH to auto-5F5F5830-8D4D-39DE-5AEB-1CF60ECF50A2 (d0, q0, r0, m0, 'sensors/data', ... (42 bytes))
1764800865: Received PUBLISH from auto-F10A1684-60B8-BAEE-8A8E-6755CFEDF536 (d0, q0, r0, m0, 'sensors/data', ... (42 bytes))
1764800865: Sending PUBLISH to auto-5F5F5830-8D4D-39DE-5AEB-1CF60ECF50A2 (d0, q0, r0, m0, 'sensors/data', ... (42 bytes))
1764800870: Received PUBLISH from auto-F10A1684-60B8-BAEE-8A8E-6755CFEDF536 (d0, q0, r0, m0, 'sensors/data', ... (43 bytes))
1764800870: Sending PUBLISH to auto-5F5F5830-8D4D-39DE-5AEB-1CF60ECF50A2 (d0, q0, r0, m0, 'sensors/data', ... (43 bytes))
1764800875: Received PUBLISH from auto-F10A1684-60B8-BAEE-8A8E-6755CFEDF536 (d0, q0, r0, m0, 'sensors/data', ... (43 bytes))
1764800875: Sending PUBLISH to auto-5F5F5830-8D4D-39DE-5AEB-1CF60ECF50A2 (d0, q0, r0, m0, 'sensors/data', ... (43 bytes))
1764800880: Received PUBLISH from auto-F10A1684-60B8-BAEE-8A8E-6755CFEDF536 (d0, q0, r0, m0, 'sensors/data', ... (44 bytes))
1764800880: Sending PUBLISH to auto-5F5F5830-8D4D-39DE-5AEB-1CF60ECF50A2 (d0, q0, r0, m0, 'sensors/data', ... (44 bytes))
1764800886: Received PUBLISH from auto-F10A1684-60B8-BAEE-8A8E-6755CFEDF536 (d0, q0, r0, m0, 'sensors/data', ... (42 bytes))
1764800886: Sending PUBLISH to auto-5F5F5830-8D4D-39DE-5AEB-1CF60ECF50A2 (d0, q0, r0, m0, 'sensors/data', ... (42 bytes))
1764800891: Received PUBLISH from auto-F10A1684-60B8-BAEE-8A8E-6755CFEDF536 (d0, q0, r0, m0, 'sensors/data', ... (42 bytes))
1764800891: Sending PUBLISH to auto-5F5F5830-8D4D-39DE-5AEB-1CF60ECF50A2 (d0, q0, r0, m0, 'sensors/data', ... (42 bytes))
1764800896: Received PUBLISH from auto-F10A1684-60B8-BAEE-8A8E-6755CFEDF536 (d0, q0, r0, m0, 'sensors/data', ... (43 bytes))
1764800896: Sending PUBLISH to auto-5F5F5830-8D4D-39DE-5AEB-1CF60ECF50A2 (d0, q0, r0, m0, 'sensors/data', ... (43 bytes))
1764800901: Received PUBLISH from auto-F10A1684-60B8-BAEE-8A8E-6755CFEDF536 (d0, q0, r0, m0, 'sensors/data', ... (42 bytes))
1764800901: Sending PUBLISH to auto-5F5F5830-8D4D-39DE-5AEB-1CF60ECF50A2 (d0, q0, r0, m0, 'sensors/data', ... (42 bytes))
1764800906: Received PUBLISH from auto-F10A1684-60B8-BAEE-8A8E-6755CFEDF536 (d0, q0, r0, m0, 'sensors/data', ... (41 bytes))
1764800906: Sending PUBLISH to auto-5F5F5830-8D4D-39DE-5AEB-1CF60ECF50A2 (d0, q0, r0, m0, 'sensors/data', ... (41 bytes))
1764800911: Received PUBLISH from auto-F10A1684-60B8-BAEE-8A8E-6755CFEDF536 (d0, q0, r0, m0, 'sensors/data', ... (42 bytes))
1764800911: Sending PUBLISH to auto-5F5F5830-8D4D-39DE-5AEB-1CF60ECF50A2 (d0, q0, r0, m0, 'sensors/data', ... (42 bytes))
1764800912: Received PINGREQ from auto-5F5F5830-8D4D-39DE-5AEB-1CF60ECF50A2
1764800912: Sending PINGRESP to auto-5F5F5830-8D4D-39DE-5AEB-1CF60ECF50A2
1764800916: Received PUBLISH from auto-F10A1684-60B8-BAEE-8A8E-6755CFEDF536 (d0, q0, r0, m0, 'sensors/data', ... (42 bytes))
1764800916: Sending PUBLISH to auto-5F5F5830-8D4D-39DE-5AEB-1CF60ECF50A2 (d0, q0, r0, m0, 'sensors/data', ... (42 bytes))
1764800921: Received PUBLISH from auto-F10A1684-60B8-BAEE-8A8E-6755CFEDF536 (d0, q0, r0, m0, 'sensors/data', ... (43 bytes))
1764800921: Sending PUBLISH to auto-5F5F5830-8D4D-39DE-5AEB-1CF60ECF50A2 (d0, q0, r0, m0, 'sensors/data', ... (43 bytes))
1764800926: Received PUBLISH from auto-F10A1684-60B8-BAEE-8A8E-6755CFEDF536 (d0, q0, r0, m0, 'sensors/data', ... (43 bytes))
1764800926: Sending PUBLISH to auto-5F5F5830-8D4D-39DE-5AEB-1CF60ECF50A2 (d0, q0, r0, m0, 'sensors/data', ... (43 bytes))
1764800931: Received PUBLISH from auto-F10A1684-60B8-BAEE-8A8E-6755CFEDF536 (d0, q0, r0, m0, 'sensors/data', ... (44 bytes))
1764800931: Sending PUBLISH to auto-5F5F5830-8D4D-39DE-5AEB-1CF60ECF50A2 (d0, q0, r0, m0, 'sensors/data', ... (44 bytes))
1764800936: Received PUBLISH from auto-F10A1684-60B8-BAEE-8A8E-6755CFEDF536 (d0, q0, r0, m0, 'sensors/data', ... (43 bytes))
1764800936: Sending PUBLISH to auto-5F5F5830-8D4D-39DE-5AEB-1CF60ECF50A2 (d0, q0, r0, m0, 'sensors/data', ... (43 bytes))
1764800941: Received PUBLISH from auto-F10A1684-60B8-BAEE-8A8E-6755CFEDF536 (d0, q0, r0, m0, 'sensors/data', ... (42 bytes))
1764800941: Sending PUBLISH to auto-5F5F5830-8D4D-39DE-5AEB-1CF60ECF50A2 (d0, q0, r0, m0, 'sensors/data', ... (42 bytes))
1764800946: Received PUBLISH from auto-F10A1684-60B8-BAEE-8A8E-6755CFEDF536 (d0, q0, r0, m0, 'sensors/data', ... (43 bytes))
1764800946: Sending PUBLISH to auto-5F5F5830-8D4D-39DE-5AEB-1CF60ECF50A2 (d0, q0, r0, m0, 'sensors/data', ... (43 bytes))
1764800952: Received PUBLISH from auto-F10A1684-60B8-BAEE-8A8E-6755CFEDF536 (d0, q0, r0, m0, 'sensors/data', ... (43 bytes))
1764800952: Sending PUBLISH to auto-5F5F5830-8D4D-39DE-5AEB-1CF60ECF50A2 (d0, q0, r0, m0, 'sensors/data', ... (43 bytes))
1764800957: Received PUBLISH from auto-F10A1684-60B8-BAEE-8A8E-6755CFEDF536 (d0, q0, r0, m0, 'sensors/data', ... (43 bytes))
1764800957: Sending PUBLISH to auto-5F5F5830-8D4D-39DE-5AEB-1CF60ECF50A2 (d0, q0, r0, m0, 'sensors/data', ... (43 bytes))
1764800962: Received PUBLISH from auto-F10A1684-60B8-BAEE-8A8E-6755CFEDF536 (d0, q0, r0, m0, 'sensors/data', ... (43 bytes))
1764800962: Sending PUBLISH to auto-5F5F5830-8D4D-39DE-5AEB-1CF60ECF50A2 (d0, q0, r0, m0, 'sensors/data', ... (43 bytes))
1764800967: Received PUBLISH from auto-F10A1684-60B8-BAEE-8A8E-6755CFEDF536 (d0, q0, r0, m0, 'sensors/data', ... (43 bytes))
1764800967: Sending PUBLISH to auto-5F5F5830-8D4D-39DE-5AEB-1CF60ECF50A2 (d0, q0, r0, m0, 'sensors/data', ... (43 bytes))
1764800972: Received PUBLISH from auto-F10A1684-60B8-BAEE-8A8E-6755CFEDF536 (d0, q0, r0, m0, 'sensors/data', ... (42 bytes))
1764800972: Sending PUBLISH to auto-5F5F5830-8D4D-39DE-5AEB-1CF60ECF50A2 (d0, q0, r0, m0, 'sensors/data', ... (42 bytes))
1764800973: Received PINGREQ from auto-5F5F5830-8D4D-39DE-5AEB-1CF60ECF50A2
1764800973: Sending PINGRESP to auto-5F5F5830-8D4D-39DE-5AEB-1CF60ECF50A2
1764800977: Received PUBLISH from auto-F10A1684-60B8-BAEE-8A8E-6755CFEDF536 (d0, q0, r0, m0, 'sensors/data', ... (42 bytes))
1764800977: Sending PUBLISH to auto-5F5F5830-8D4D-39DE-5AEB-1CF60ECF50A2 (d0, q0, r0, m0, 'sensors/data', ... (42 bytes))
1764800982: Received PUBLISH from auto-F10A1684-60B8-BAEE-8A8E-6755CFEDF536 (d0, q0, r0, m0, 'sensors/data', ... (44 bytes))
1764800982: Sending PUBLISH to auto-5F5F5830-8D4D-39DE-5AEB-1CF60ECF50A2 (d0, q0, r0, m0, 'sensors/data', ... (44 bytes))
1764800987: Received PUBLISH from auto-F10A1684-60B8-BAEE-8A8E-6755CFEDF536 (d0, q0, r0, m0, 'sensors/data', ... (43 bytes))
1764800987: Sending PUBLISH to auto-5F5F5830-8D4D-39DE-5AEB-1CF60ECF50A2 (d0, q0, r0, m0, 'sensors/data', ... (43 bytes))
1764800992: Received PUBLISH from auto-F10A1684-60B8-BAEE-8A8E-6755CFEDF536 (d0, q0, r0, m0, 'sensors/data', ... (43 bytes))
1764800992: Sending PUBLISH to auto-5F5F5830-8D4D-39DE-5AEB-1CF60ECF50A2 (d0, q0, r0, m0, 'sensors/data', ... (43 bytes))
1764800997: Received PUBLISH from auto-F10A1684-60B8-BAEE-8A8E-6755CFEDF536 (d0, q0, r0, m0, 'sensors/data', ... (43 bytes))
1764800997: Sending PUBLISH to auto-5F5F5830-8D4D-39DE-5AEB-1CF60ECF50A2 (d0, q0, r0, m0, 'sensors/data', ... (43 bytes))
1764801002: Received PUBLISH from auto-F10A1684-60B8-BAEE-8A8E-6755CFEDF536 (d0, q0, r0, m0, 'sensors/data', ... (43 bytes))
1764801002: Sending PUBLISH to auto-5F5F5830-8D4D-39DE-5AEB-1CF60ECF50A2 (d0, q0, r0, m0, 'sensors/data', ... (43 bytes))
1764801007: Received PUBLISH from auto-F10A1684-60B8-BAEE-8A8E-6755CFEDF536 (d0, q0, r0, m0, 'sensors/data', ... (43 bytes))
1764801007: Sending PUBLISH to auto-5F5F5830-8D4D-39DE-5AEB-1CF60ECF50A2 (d0, q0, r0, m0, 'sensors/data', ... (43 bytes))
1764801012: Received PUBLISH from auto-F10A1684-60B8-BAEE-8A8E-6755CFEDF536 (d0, q0, r0, m0, 'sensors/data', ... (42 bytes))
1764801012: Sending PUBLISH to auto-5F5F5830-8D4D-39DE-5AEB-1CF60ECF50A2 (d0, q0, r0, m0, 'sensors/data', ... (42 bytes))
1764801017: Received PUBLISH from auto-F10A1684-60B8-BAEE-8A8E-6755CFEDF536 (d0, q0, r0, m0, 'sensors/data', ... (43 bytes))
1764801017: Sending PUBLISH to auto-5F5F5830-8D4D-39DE-5AEB-1CF60ECF50A2 (d0, q0, r0, m0, 'sensors/data', ... (43 bytes))
1764801023: Received PUBLISH from auto-F10A1684-60B8-BAEE-8A8E-6755CFEDF536 (d0, q0, r0, m0, 'sensors/data', ... (42 bytes))
1764801023: Sending PUBLISH to auto-5F5F5830-8D4D-39DE-5AEB-1CF60ECF50A2 (d0, q0, r0, m0, 'sensors/data', ... (42 bytes))
1764801028: Received PUBLISH from auto-F10A1684-60B8-BAEE-8A8E-6755CFEDF536 (d0, q0, r0, m0, 'sensors/data', ... (43 bytes))
1764801028: Sending PUBLISH to auto-5F5F5830-8D4D-39DE-5AEB-1CF60ECF50A2 (d0, q0, r0, m0, 'sensors/data', ... (43 bytes))
1764801033: Received PUBLISH from auto-F10A1684-60B8-BAEE-8A8E-6755CFEDF536 (d0, q0, r0, m0, 'sensors/data', ... (43 bytes))
1764801033: Sending PUBLISH to auto-5F5F5830-8D4D-39DE-5AEB-1CF60ECF50A2 (d0, q0, r0, m0, 'sensors/data', ... (43 bytes))
1764801034: Received PINGREQ from auto-5F5F5830-8D4D-39DE-5AEB-1CF60ECF50A2
1764801034: Sending PINGRESP to auto-5F5F5830-8D4D-39DE-5AEB-1CF60ECF50A2
1764801038: Received PUBLISH from auto-F10A1684-60B8-BAEE-8A8E-6755CFEDF536 (d0, q0, r0, m0, 'sensors/data', ... (43 bytes))
1764801038: Sending PUBLISH to auto-5F5F5830-8D4D-39DE-5AEB-1CF60ECF50A2 (d0, q0, r0, m0, 'sensors/data', ... (43 bytes))
1764801043: Received PUBLISH from auto-F10A1684-60B8-BAEE-8A8E-6755CFEDF536 (d0, q0, r0, m0, 'sensors/data', ... (44 bytes))
1764801043: Sending PUBLISH to auto-5F5F5830-8D4D-39DE-5AEB-1CF60ECF50A2 (d0, q0, r0, m0, 'sensors/data', ... (44 bytes))
1764801048: Received PUBLISH from auto-F10A1684-60B8-BAEE-8A8E-6755CFEDF536 (d0, q0, r0, m0, 'sensors/data', ... (43 bytes))
1764801048: Sending PUBLISH to auto-5F5F5830-8D4D-39DE-5AEB-1CF60ECF50A2 (d0, q0, r0, m0, 'sensors/data', ... (43 bytes))
1764801053: Received PUBLISH from auto-F10A1684-60B8-BAEE-8A8E-6755CFEDF536 (d0, q0, r0, m0, 'sensors/data', ... (43 bytes))
1764801053: Sending PUBLISH to auto-5F5F5830-8D4D-39DE-5AEB-1CF60ECF50A2 (d0, q0, r0, m0, 'sensors/data', ... (43 bytes))
1764801058: Received PUBLISH from auto-F10A1684-60B8-BAEE-8A8E-6755CFEDF536 (d0, q0, r0, m0, 'sensors/data', ... (43 bytes))
1764801058: Sending PUBLISH to auto-5F5F5830-8D4D-39DE-5AEB-1CF60ECF50A2 (d0, q0, r0, m0, 'sensors/data', ... (43 bytes))
1764801063: Received PUBLISH from auto-F10A1684-60B8-BAEE-8A8E-6755CFEDF536 (d0, q0, r0, m0, 'sensors/data', ... (43 bytes))
1764801063: Sending PUBLISH to auto-5F5F5830-8D4D-39DE-5AEB-1CF60ECF50A2 (d0, q0, r0, m0, 'sensors/data', ... (43 bytes))
1764801068: Received PUBLISH from auto-F10A1684-60B8-BAEE-8A8E-6755CFEDF536 (d0, q0, r0, m0, 'sensors/data', ... (43 bytes))
1764801068: Sending PUBLISH to auto-5F5F5830-8D4D-39DE-5AEB-1CF60ECF50A2 (d0, q0, r0, m0, 'sensors/data', ... (43 bytes))
1764801073: Received PUBLISH from auto-F10A1684-60B8-BAEE-8A8E-6755CFEDF536 (d0, q0, r0, m0, 'sensors/data', ... (44 bytes))
1764801073: Sending PUBLISH to auto-5F5F5830-8D4D-39DE-5AEB-1CF60ECF50A2 (d0, q0, r0, m0, 'sensors/data', ... (44 bytes))
1764801078: Received PUBLISH from auto-F10A1684-60B8-BAEE-8A8E-6755CFEDF536 (d0, q0, r0, m0, 'sensors/data', ... (44 bytes))
1764801078: Sending PUBLISH to auto-5F5F5830-8D4D-39DE-5AEB-1CF60ECF50A2 (d0, q0, r0, m0, 'sensors/data', ... (44 bytes))
1764801083: Received PUBLISH from auto-F10A1684-60B8-BAEE-8A8E-6755CFEDF536 (d0, q0, r0, m0, 'sensors/data', ... (43 bytes))
1764801083: Sending PUBLISH to auto-5F5F5830-8D4D-39DE-5AEB-1CF60ECF50A2 (d0, q0, r0, m0, 'sensors/data', ... (43 bytes))
1764801089: Received PUBLISH from auto-F10A1684-60B8-BAEE-8A8E-6755CFEDF536 (d0, q0, r0, m0, 'sensors/data', ... (44 bytes))
1764801089: Sending PUBLISH to auto-5F5F5830-8D4D-39DE-5AEB-1CF60ECF50A2 (d0, q0, r0, m0, 'sensors/data', ... (44 bytes))
1764801094: Received PUBLISH from auto-F10A1684-60B8-BAEE-8A8E-6755CFEDF536 (d0, q0, r0, m0, 'sensors/data', ... (44 bytes))
1764801094: Sending PUBLISH to auto-5F5F5830-8D4D-39DE-5AEB-1CF60ECF50A2 (d0, q0, r0, m0, 'sensors/data', ... (44 bytes))
1764801095: Received PINGREQ from auto-5F5F5830-8D4D-39DE-5AEB-1CF60ECF50A2
1764801095: Sending PINGRESP to auto-5F5F5830-8D4D-39DE-5AEB-1CF60ECF50A2
1764801099: Received PUBLISH from auto-F10A1684-60B8-BAEE-8A8E-6755CFEDF536 (d0, q0, r0, m0, 'sensors/data', ... (43 bytes))
1764801099: Sending PUBLISH to auto-5F5F5830-8D4D-39DE-5AEB-1CF60ECF50A2 (d0, q0, r0, m0, 'sensors/data', ... (43 bytes))
1764801104: Received PUBLISH from auto-F10A1684-60B8-BAEE-8A8E-6755CFEDF536 (d0, q0, r0, m0, 'sensors/data', ... (44 bytes))
1764801104: Sending PUBLISH to auto-5F5F5830-8D4D-39DE-5AEB-1CF60ECF50A2 (d0, q0, r0, m0, 'sensors/data', ... (44 bytes))
1764801109: Received PUBLISH from auto-F10A1684-60B8-BAEE-8A8E-6755CFEDF536 (d0, q0, r0, m0, 'sensors/data', ... (44 bytes))
1764801109: Sending PUBLISH to auto-5F5F5830-8D4D-39DE-5AEB-1CF60ECF50A2 (d0, q0, r0, m0, 'sensors/data', ... (44 bytes))
1764801114: Received PUBLISH from auto-F10A1684-60B8-BAEE-8A8E-6755CFEDF536 (d0, q0, r0, m0, 'sensors/data', ... (43 bytes))
1764801114: Sending PUBLISH to auto-5F5F5830-8D4D-39DE-5AEB-1CF60ECF50A2 (d0, q0, r0, m0, 'sensors/data', ... (43 bytes))
1764801119: Received PUBLISH from auto-F10A1684-60B8-BAEE-8A8E-6755CFEDF536 (d0, q0, r0, m0, 'sensors/data', ... (43 bytes))
1764801119: Sending PUBLISH to auto-5F5F5830-8D4D-39DE-5AEB-1CF60ECF50A2 (d0, q0, r0, m0, 'sensors/data', ... (43 bytes))
1764801124: Received PUBLISH from auto-F10A1684-60B8-BAEE-8A8E-6755CFEDF536 (d0, q0, r0, m0, 'sensors/data', ... (44 bytes))
1764801124: Sending PUBLISH to auto-5F5F5830-8D4D-39DE-5AEB-1CF60ECF50A2 (d0, q0, r0, m0, 'sensors/data', ... (44 bytes))
1764801129: Received PUBLISH from auto-F10A1684-60B8-BAEE-8A8E-6755CFEDF536 (d0, q0, r0, m0, 'sensors/data', ... (42 bytes))
1764801129: Sending PUBLISH to auto-5F5F5830-8D4D-39DE-5AEB-1CF60ECF50A2 (d0, q0, r0, m0, 'sensors/data', ... (42 bytes))
1764801134: Received PUBLISH from auto-F10A1684-60B8-BAEE-8A8E-6755CFEDF536 (d0, q0, r0, m0, 'sensors/data', ... (43 bytes))
1764801134: Sending PUBLISH to auto-5F5F5830-8D4D-39DE-5AEB-1CF60ECF50A2 (d0, q0, r0, m0, 'sensors/data', ... (43 bytes))
1764801139: Received PUBLISH from auto-F10A1684-60B8-BAEE-8A8E-6755CFEDF536 (d0, q0, r0, m0, 'sensors/data', ... (43 bytes))
1764801139: Sending PUBLISH to auto-5F5F5830-8D4D-39DE-5AEB-1CF60ECF50A2 (d0, q0, r0, m0, 'sensors/data', ... (43 bytes))
1764801144: Received PUBLISH from auto-F10A1684-60B8-BAEE-8A8E-6755CFEDF536 (d0, q0, r0, m0, 'sensors/data', ... (44 bytes))
1764801144: Sending PUBLISH to auto-5F5F5830-8D4D-39DE-5AEB-1CF60ECF50A2 (d0, q0, r0, m0, 'sensors/data', ... (44 bytes))
1764801149: Received PUBLISH from auto-F10A1684-60B8-BAEE-8A8E-6755CFEDF536 (d0, q0, r0, m0, 'sensors/data', ... (42 bytes))
1764801149: Sending PUBLISH to auto-5F5F5830-8D4D-39DE-5AEB-1CF60ECF50A2 (d0, q0, r0, m0, 'sensors/data', ... (42 bytes))
1764801155: Received PUBLISH from auto-F10A1684-60B8-BAEE-8A8E-6755CFEDF536 (d0, q0, r0, m0, 'sensors/data', ... (42 bytes))
1764801155: Sending PUBLISH to auto-5F5F5830-8D4D-39DE-5AEB-1CF60ECF50A2 (d0, q0, r0, m0, 'sensors/data', ... (42 bytes))
1764801156: Received PINGREQ from auto-5F5F5830-8D4D-39DE-5AEB-1CF60ECF50A2
1764801156: Sending PINGRESP to auto-5F5F5830-8D4D-39DE-5AEB-1CF60ECF50A2
1764801160: Received PUBLISH from auto-F10A1684-60B8-BAEE-8A8E-6755CFEDF536 (d0, q0, r0, m0, 'sensors/data', ... (43 bytes))
1764801160: Sending PUBLISH to auto-5F5F5830-8D4D-39DE-5AEB-1CF60ECF50A2 (d0, q0, r0, m0, 'sensors/data', ... (43 bytes))
1764801165: Received PUBLISH from auto-F10A1684-60B8-BAEE-8A8E-6755CFEDF536 (d0, q0, r0, m0, 'sensors/data', ... (44 bytes))
1764801165: Sending PUBLISH to auto-5F5F5830-8D4D-39DE-5AEB-1CF60ECF50A2 (d0, q0, r0, m0, 'sensors/data', ... (44 bytes))
1764801170: Received PUBLISH from auto-F10A1684-60B8-BAEE-8A8E-6755CFEDF536 (d0, q0, r0, m0, 'sensors/data', ... (42 bytes))
1764801170: Sending PUBLISH to auto-5F5F5830-8D4D-39DE-5AEB-1CF60ECF50A2 (d0, q0, r0, m0, 'sensors/data', ... (42 bytes))
1764801175: Received PUBLISH from auto-F10A1684-60B8-BAEE-8A8E-6755CFEDF536 (d0, q0, r0, m0, 'sensors/data', ... (42 bytes))
1764801175: Sending PUBLISH to auto-5F5F5830-8D4D-39DE-5AEB-1CF60ECF50A2 (d0, q0, r0, m0, 'sensors/data', ... (42 bytes))
1764801180: Received PUBLISH from auto-F10A1684-60B8-BAEE-8A8E-6755CFEDF536 (d0, q0, r0, m0, 'sensors/data', ... (43 bytes))
1764801180: Sending PUBLISH to auto-5F5F5830-8D4D-39DE-5AEB-1CF60ECF50A2 (d0, q0, r0, m0, 'sensors/data', ... (43 bytes))
1764801185: Received PUBLISH from auto-F10A1684-60B8-BAEE-8A8E-6755CFEDF536 (d0, q0, r0, m0, 'sensors/data', ... (42 bytes))
1764801185: Sending PUBLISH to auto-5F5F5830-8D4D-39DE-5AEB-1CF60ECF50A2 (d0, q0, r0, m0, 'sensors/data', ... (42 bytes))
1764801190: Received PUBLISH from auto-F10A1684-60B8-BAEE-8A8E-6755CFEDF536 (d0, q0, r0, m0, 'sensors/data', ... (44 bytes))
1764801190: Sending PUBLISH to auto-5F5F5830-8D4D-39DE-5AEB-1CF60ECF50A2 (d0, q0, r0, m0, 'sensors/data', ... (44 bytes))
1764801195: Received PUBLISH from auto-F10A1684-60B8-BAEE-8A8E-6755CFEDF536 (d0, q0, r0, m0, 'sensors/data', ... (41 bytes))
1764801195: Sending PUBLISH to auto-5F5F5830-8D4D-39DE-5AEB-1CF60ECF50A2 (d0, q0, r0, m0, 'sensors/data', ... (41 bytes))
1764801200: Received PUBLISH from auto-F10A1684-60B8-BAEE-8A8E-6755CFEDF536 (d0, q0, r0, m0, 'sensors/data', ... (43 bytes))
1764801200: Sending PUBLISH to auto-5F5F5830-8D4D-39DE-5AEB-1CF60ECF50A2 (d0, q0, r0, m0, 'sensors/data', ... (43 bytes))
1764801205: Received PUBLISH from auto-F10A1684-60B8-BAEE-8A8E-6755CFEDF536 (d0, q0, r0, m0, 'sensors/data', ... (43 bytes))
1764801205: Sending PUBLISH to auto-5F5F5830-8D4D-39DE-5AEB-1CF60ECF50A2 (d0, q0, r0, m0, 'sensors/data', ... (43 bytes))
1764801210: Received PUBLISH from auto-F10A1684-60B8-BAEE-8A8E-6755CFEDF536 (d0, q0, r0, m0, 'sensors/data', ... (42 bytes))
1764801210: Sending PUBLISH to auto-5F5F5830-8D4D-39DE-5AEB-1CF60ECF50A2 (d0, q0, r0, m0, 'sensors/data', ... (42 bytes))
1764801215: Received PUBLISH from auto-F10A1684-60B8-BAEE-8A8E-6755CFEDF536 (d0, q0, r0, m0, 'sensors/data', ... (44 bytes))
1764801215: Sending PUBLISH to auto-5F5F5830-8D4D-39DE-5AEB-1CF60ECF50A2 (d0, q0, r0, m0, 'sensors/data', ... (44 bytes))
1764801217: Received PINGREQ from auto-5F5F5830-8D4D-39DE-5AEB-1CF60ECF50A2
1764801217: Sending PINGRESP to auto-5F5F5830-8D4D-39DE-5AEB-1CF60ECF50A2
1764801221: Received PUBLISH from auto-F10A1684-60B8-BAEE-8A8E-6755CFEDF536 (d0, q0, r0, m0, 'sensors/data', ... (43 bytes))
1764801221: Sending PUBLISH to auto-5F5F5830-8D4D-39DE-5AEB-1CF60ECF50A2 (d0, q0, r0, m0, 'sensors/data', ... (43 bytes))
1764801226: Received PUBLISH from auto-F10A1684-60B8-BAEE-8A8E-6755CFEDF536 (d0, q0, r0, m0, 'sensors/data', ... (43 bytes))
1764801226: Sending PUBLISH to auto-5F5F5830-8D4D-39DE-5AEB-1CF60ECF50A2 (d0, q0, r0, m0, 'sensors/data', ... (43 bytes))
1764801231: Received PUBLISH from auto-F10A1684-60B8-BAEE-8A8E-6755CFEDF536 (d0, q0, r0, m0, 'sensors/data', ... (44 bytes))
1764801231: Sending PUBLISH to auto-5F5F5830-8D4D-39DE-5AEB-1CF60ECF50A2 (d0, q0, r0, m0, 'sensors/data', ... (44 bytes))
1764801236: Received PUBLISH from auto-F10A1684-60B8-BAEE-8A8E-6755CFEDF536 (d0, q0, r0, m0, 'sensors/data', ... (43 bytes))
1764801236: Sending PUBLISH to auto-5F5F5830-8D4D-39DE-5AEB-1CF60ECF50A2 (d0, q0, r0, m0, 'sensors/data', ... (43 bytes))
1764801241: Received PUBLISH from auto-F10A1684-60B8-BAEE-8A8E-6755CFEDF536 (d0, q0, r0, m0, 'sensors/data', ... (43 bytes))
1764801241: Sending PUBLISH to auto-5F5F5830-8D4D-39DE-5AEB-1CF60ECF50A2 (d0, q0, r0, m0, 'sensors/data', ... (43 bytes))
1764801246: Received PUBLISH from auto-F10A1684-60B8-BAEE-8A8E-6755CFEDF536 (d0, q0, r0, m0, 'sensors/data', ... (42 bytes))
1764801246: Sending PUBLISH to auto-5F5F5830-8D4D-39DE-5AEB-1CF60ECF50A2 (d0, q0, r0, m0, 'sensors/data', ... (42 bytes))
1764801251: Received PUBLISH from auto-F10A1684-60B8-BAEE-8A8E-6755CFEDF536 (d0, q0, r0, m0, 'sensors/data', ... (43 bytes))
1764801251: Sending PUBLISH to auto-5F5F5830-8D4D-39DE-5AEB-1CF60ECF50A2 (d0, q0, r0, m0, 'sensors/data', ... (43 bytes))
1764801256: Received PUBLISH from auto-F10A1684-60B8-BAEE-8A8E-6755CFEDF536 (d0, q0, r0, m0, 'sensors/data', ... (42 bytes))
1764801256: Sending PUBLISH to auto-5F5F5830-8D4D-39DE-5AEB-1CF60ECF50A2 (d0, q0, r0, m0, 'sensors/data', ... (42 bytes))
1764801261: Received PUBLISH from auto-F10A1684-60B8-BAEE-8A8E-6755CFEDF536 (d0, q0, r0, m0, 'sensors/data', ... (42 bytes))
1764801261: Sending PUBLISH to auto-5F5F5830-8D4D-39DE-5AEB-1CF60ECF50A2 (d0, q0, r0, m0, 'sensors/data', ... (42 bytes))
1764801266: Received PUBLISH from auto-F10A1684-60B8-BAEE-8A8E-6755CFEDF536 (d0, q0, r0, m0, 'sensors/data', ... (43 bytes))
1764801266: Sending PUBLISH to auto-5F5F5830-8D4D-39DE-5AEB-1CF60ECF50A2 (d0, q0, r0, m0, 'sensors/data', ... (43 bytes))
1764801271: Received PUBLISH from auto-F10A1684-60B8-BAEE-8A8E-6755CFEDF536 (d0, q0, r0, m0, 'sensors/data', ... (43 bytes))
1764801271: Sending PUBLISH to auto-5F5F5830-8D4D-39DE-5AEB-1CF60ECF50A2 (d0, q0, r0, m0, 'sensors/data', ... (43 bytes))
1764801276: Received PUBLISH from auto-F10A1684-60B8-BAEE-8A8E-6755CFEDF536 (d0, q0, r0, m0, 'sensors/data', ... (42 bytes))
1764801276: Sending PUBLISH to auto-5F5F5830-8D4D-39DE-5AEB-1CF60ECF50A2 (d0, q0, r0, m0, 'sensors/data', ... (42 bytes))
1764801277: Received PINGREQ from auto-5F5F5830-8D4D-39DE-5AEB-1CF60ECF50A2
1764801277: Sending PINGRESP to auto-5F5F5830-8D4D-39DE-5AEB-1CF60ECF50A2
1764801281: Received PUBLISH from auto-F10A1684-60B8-BAEE-8A8E-6755CFEDF536 (d0, q0, r0, m0, 'sensors/data', ... (43 bytes))
1764801281: Sending PUBLISH to auto-5F5F5830-8D4D-39DE-5AEB-1CF60ECF50A2 (d0, q0, r0, m0, 'sensors/data', ... (43 bytes))
1764801287: Received PUBLISH from auto-F10A1684-60B8-BAEE-8A8E-6755CFEDF536 (d0, q0, r0, m0, 'sensors/data', ... (40 bytes))
1764801287: Sending PUBLISH to auto-5F5F5830-8D4D-39DE-5AEB-1CF60ECF50A2 (d0, q0, r0, m0, 'sensors/data', ... (40 bytes))
1764801292: Received PUBLISH from auto-F10A1684-60B8-BAEE-8A8E-6755CFEDF536 (d0, q0, r0, m0, 'sensors/data', ... (42 bytes))
1764801292: Sending PUBLISH to auto-5F5F5830-8D4D-39DE-5AEB-1CF60ECF50A2 (d0, q0, r0, m0, 'sensors/data', ... (42 bytes))
1764801297: Received PUBLISH from auto-F10A1684-60B8-BAEE-8A8E-6755CFEDF536 (d0, q0, r0, m0, 'sensors/data', ... (43 bytes))
1764801297: Sending PUBLISH to auto-5F5F5830-8D4D-39DE-5AEB-1CF60ECF50A2 (d0, q0, r0, m0, 'sensors/data', ... (43 bytes))
1764801302: Received PUBLISH from auto-F10A1684-60B8-BAEE-8A8E-6755CFEDF536 (d0, q0, r0, m0, 'sensors/data', ... (42 bytes))
1764801302: Sending PUBLISH to auto-5F5F5830-8D4D-39DE-5AEB-1CF60ECF50A2 (d0, q0, r0, m0, 'sensors/data', ... (42 bytes))
1764801307: Received PUBLISH from auto-F10A1684-60B8-BAEE-8A8E-6755CFEDF536 (d0, q0, r0, m0, 'sensors/data', ... (42 bytes))
1764801307: Sending PUBLISH to auto-5F5F5830-8D4D-39DE-5AEB-1CF60ECF50A2 (d0, q0, r0, m0, 'sensors/data', ... (42 bytes))
1764801312: Received PUBLISH from auto-F10A1684-60B8-BAEE-8A8E-6755CFEDF536 (d0, q0, r0, m0, 'sensors/data', ... (43 bytes))
1764801312: Sending PUBLISH to auto-5F5F5830-8D4D-39DE-5AEB-1CF60ECF50A2 (d0, q0, r0, m0, 'sensors/data', ... (43 bytes))
1764801317: Received PUBLISH from auto-F10A1684-60B8-BAEE-8A8E-6755CFEDF536 (d0, q0, r0, m0, 'sensors/data', ... (43 bytes))
1764801317: Sending PUBLISH to auto-5F5F5830-8D4D-39DE-5AEB-1CF60ECF50A2 (d0, q0, r0, m0, 'sensors/data', ... (43 bytes))
1764801322: Received PUBLISH from auto-F10A1684-60B8-BAEE-8A8E-6755CFEDF536 (d0, q0, r0, m0, 'sensors/data', ... (42 bytes))
1764801322: Sending PUBLISH to auto-5F5F5830-8D4D-39DE-5AEB-1CF60ECF50A2 (d0, q0, r0, m0, 'sensors/data', ... (42 bytes))
1764801327: Received PUBLISH from auto-F10A1684-60B8-BAEE-8A8E-6755CFEDF536 (d0, q0, r0, m0, 'sensors/data', ... (43 bytes))
1764801327: Sending PUBLISH to auto-5F5F5830-8D4D-39DE-5AEB-1CF60ECF50A2 (d0, q0, r0, m0, 'sensors/data', ... (43 bytes))
1764801332: Received PUBLISH from auto-F10A1684-60B8-BAEE-8A8E-6755CFEDF536 (d0, q0, r0, m0, 'sensors/data', ... (44 bytes))
1764801332: Sending PUBLISH to auto-5F5F5830-8D4D-39DE-5AEB-1CF60ECF50A2 (d0, q0, r0, m0, 'sensors/data', ... (44 bytes))
1764801337: Received PUBLISH from auto-F10A1684-60B8-BAEE-8A8E-6755CFEDF536 (d0, q0, r0, m0, 'sensors/data', ... (42 bytes))
1764801337: Sending PUBLISH to auto-5F5F5830-8D4D-39DE-5AEB-1CF60ECF50A2 (d0, q0, r0, m0, 'sensors/data', ... (42 bytes))
1764801338: Received PINGREQ from auto-5F5F5830-8D4D-39DE-5AEB-1CF60ECF50A2
1764801338: Sending PINGRESP to auto-5F5F5830-8D4D-39DE-5AEB-1CF60ECF50A2
1764801342: Received PUBLISH from auto-F10A1684-60B8-BAEE-8A8E-6755CFEDF536 (d0, q0, r0, m0, 'sensors/data', ... (43 bytes))
1764801342: Sending PUBLISH to auto-5F5F5830-8D4D-39DE-5AEB-1CF60ECF50A2 (d0, q0, r0, m0, 'sensors/data', ... (43 bytes))
1764801347: Received PUBLISH from auto-F10A1684-60B8-BAEE-8A8E-6755CFEDF536 (d0, q0, r0, m0, 'sensors/data', ... (44 bytes))
1764801347: Sending PUBLISH to auto-5F5F5830-8D4D-39DE-5AEB-1CF60ECF50A2 (d0, q0, r0, m0, 'sensors/data', ... (44 bytes))
1764801352: Received PUBLISH from auto-F10A1684-60B8-BAEE-8A8E-6755CFEDF536 (d0, q0, r0, m0, 'sensors/data', ... (42 bytes))
1764801352: Sending PUBLISH to auto-5F5F5830-8D4D-39DE-5AEB-1CF60ECF50A2 (d0, q0, r0, m0, 'sensors/data', ... (42 bytes))
1764801358: Received PUBLISH from auto-F10A1684-60B8-BAEE-8A8E-6755CFEDF536 (d0, q0, r0, m0, 'sensors/data', ... (42 bytes))
1764801358: Sending PUBLISH to auto-5F5F5830-8D4D-39DE-5AEB-1CF60ECF50A2 (d0, q0, r0, m0, 'sensors/data', ... (42 bytes))
1764801363: Received PUBLISH from auto-F10A1684-60B8-BAEE-8A8E-6755CFEDF536 (d0, q0, r0, m0, 'sensors/data', ... (42 bytes))
1764801363: Sending PUBLISH to auto-5F5F5830-8D4D-39DE-5AEB-1CF60ECF50A2 (d0, q0, r0, m0, 'sensors/data', ... (42 bytes))
1764801368: Received PUBLISH from auto-F10A1684-60B8-BAEE-8A8E-6755CFEDF536 (d0, q0, r0, m0, 'sensors/data', ... (44 bytes))
1764801368: Sending PUBLISH to auto-5F5F5830-8D4D-39DE-5AEB-1CF60ECF50A2 (d0, q0, r0, m0, 'sensors/data', ... (44 bytes))
1764801373: Received PUBLISH from auto-F10A1684-60B8-BAEE-8A8E-6755CFEDF536 (d0, q0, r0, m0, 'sensors/data', ... (41 bytes))
1764801373: Sending PUBLISH to auto-5F5F5830-8D4D-39DE-5AEB-1CF60ECF50A2 (d0, q0, r0, m0, 'sensors/data', ... (41 bytes))
1764801378: Received PUBLISH from auto-F10A1684-60B8-BAEE-8A8E-6755CFEDF536 (d0, q0, r0, m0, 'sensors/data', ... (43 bytes))
1764801378: Sending PUBLISH to auto-5F5F5830-8D4D-39DE-5AEB-1CF60ECF50A2 (d0, q0, r0, m0, 'sensors/data', ... (43 bytes))
1764801383: Received PUBLISH from auto-F10A1684-60B8-BAEE-8A8E-6755CFEDF536 (d0, q0, r0, m0, 'sensors/data', ... (44 bytes))
1764801383: Sending PUBLISH to auto-5F5F5830-8D4D-39DE-5AEB-1CF60ECF50A2 (d0, q0, r0, m0, 'sensors/data', ... (44 bytes))
1764801388: Received PUBLISH from auto-F10A1684-60B8-BAEE-8A8E-6755CFEDF536 (d0, q0, r0, m0, 'sensors/data', ... (44 bytes))
1764801388: Sending PUBLISH to auto-5F5F5830-8D4D-39DE-5AEB-1CF60ECF50A2 (d0, q0, r0, m0, 'sensors/data', ... (44 bytes))
1764801393: Received PUBLISH from auto-F10A1684-60B8-BAEE-8A8E-6755CFEDF536 (d0, q0, r0, m0, 'sensors/data', ... (43 bytes))
1764801393: Sending PUBLISH to auto-5F5F5830-8D4D-39DE-5AEB-1CF60ECF50A2 (d0, q0, r0, m0, 'sensors/data', ... (43 bytes))
1764801398: Received PUBLISH from auto-F10A1684-60B8-BAEE-8A8E-6755CFEDF536 (d0, q0, r0, m0, 'sensors/data', ... (43 bytes))
1764801398: Sending PUBLISH to auto-5F5F5830-8D4D-39DE-5AEB-1CF60ECF50A2 (d0, q0, r0, m0, 'sensors/data', ... (43 bytes))
1764801399: Received PINGREQ from auto-5F5F5830-8D4D-39DE-5AEB-1CF60ECF50A2
1764801399: Sending PINGRESP to auto-5F5F5830-8D4D-39DE-5AEB-1CF60ECF50A2
1764801403: Received PUBLISH from auto-F10A1684-60B8-BAEE-8A8E-6755CFEDF536 (d0, q0, r0, m0, 'sensors/data', ... (42 bytes))
1764801403: Sending PUBLISH to auto-5F5F5830-8D4D-39DE-5AEB-1CF60ECF50A2 (d0, q0, r0, m0, 'sensors/data', ... (42 bytes))
1764801408: Received PUBLISH from auto-F10A1684-60B8-BAEE-8A8E-6755CFEDF536 (d0, q0, r0, m0, 'sensors/data', ... (43 bytes))
1764801408: Sending PUBLISH to auto-5F5F5830-8D4D-39DE-5AEB-1CF60ECF50A2 (d0, q0, r0, m0, 'sensors/data', ... (43 bytes))
1764801413: Received PUBLISH from auto-F10A1684-60B8-BAEE-8A8E-6755CFEDF536 (d0, q0, r0, m0, 'sensors/data', ... (41 bytes))
1764801413: Sending PUBLISH to auto-5F5F5830-8D4D-39DE-5AEB-1CF60ECF50A2 (d0, q0, r0, m0, 'sensors/data', ... (41 bytes))
1764801418: Received PUBLISH from auto-F10A1684-60B8-BAEE-8A8E-6755CFEDF536 (d0, q0, r0, m0, 'sensors/data', ... (42 bytes))
1764801418: Sending PUBLISH to auto-5F5F5830-8D4D-39DE-5AEB-1CF60ECF50A2 (d0, q0, r0, m0, 'sensors/data', ... (42 bytes))
1764801424: Received PUBLISH from auto-F10A1684-60B8-BAEE-8A8E-6755CFEDF536 (d0, q0, r0, m0, 'sensors/data', ... (43 bytes))
1764801424: Sending PUBLISH to auto-5F5F5830-8D4D-39DE-5AEB-1CF60ECF50A2 (d0, q0, r0, m0, 'sensors/data', ... (43 bytes))
1764801429: Received PUBLISH from auto-F10A1684-60B8-BAEE-8A8E-6755CFEDF536 (d0, q0, r0, m0, 'sensors/data', ... (43 bytes))
1764801429: Sending PUBLISH to auto-5F5F5830-8D4D-39DE-5AEB-1CF60ECF50A2 (d0, q0, r0, m0, 'sensors/data', ... (43 bytes))
1764801434: Received PUBLISH from auto-F10A1684-60B8-BAEE-8A8E-6755CFEDF536 (d0, q0, r0, m0, 'sensors/data', ... (43 bytes))
1764801434: Sending PUBLISH to auto-5F5F5830-8D4D-39DE-5AEB-1CF60ECF50A2 (d0, q0, r0, m0, 'sensors/data', ... (43 bytes))
1764801439: Received PUBLISH from auto-F10A1684-60B8-BAEE-8A8E-6755CFEDF536 (d0, q0, r0, m0, 'sensors/data', ... (42 bytes))
1764801439: Sending PUBLISH to auto-5F5F5830-8D4D-39DE-5AEB-1CF60ECF50A2 (d0, q0, r0, m0, 'sensors/data', ... (42 bytes))
1764801444: Received PUBLISH from auto-F10A1684-60B8-BAEE-8A8E-6755CFEDF536 (d0, q0, r0, m0, 'sensors/data', ... (44 bytes))
1764801444: Sending PUBLISH to auto-5F5F5830-8D4D-39DE-5AEB-1CF60ECF50A2 (d0, q0, r0, m0, 'sensors/data', ... (44 bytes))
1764801449: Received PUBLISH from auto-F10A1684-60B8-BAEE-8A8E-6755CFEDF536 (d0, q0, r0, m0, 'sensors/data', ... (41 bytes))
1764801449: Sending PUBLISH to auto-5F5F5830-8D4D-39DE-5AEB-1CF60ECF50A2 (d0, q0, r0, m0, 'sensors/data', ... (41 bytes))
1764801454: Received PUBLISH from auto-F10A1684-60B8-BAEE-8A8E-6755CFEDF536 (d0, q0, r0, m0, 'sensors/data', ... (43 bytes))
1764801454: Sending PUBLISH to auto-5F5F5830-8D4D-39DE-5AEB-1CF60ECF50A2 (d0, q0, r0, m0, 'sensors/data', ... (43 bytes))
1764801459: Received PUBLISH from auto-F10A1684-60B8-BAEE-8A8E-6755CFEDF536 (d0, q0, r0, m0, 'sensors/data', ... (43 bytes))
1764801459: Sending PUBLISH to auto-5F5F5830-8D4D-39DE-5AEB-1CF60ECF50A2 (d0, q0, r0, m0, 'sensors/data', ... (43 bytes))
1764801460: Received PINGREQ from auto-5F5F5830-8D4D-39DE-5AEB-1CF60ECF50A2
1764801460: Sending PINGRESP to auto-5F5F5830-8D4D-39DE-5AEB-1CF60ECF50A2
1764801464: Received PUBLISH from auto-F10A1684-60B8-BAEE-8A8E-6755CFEDF536 (d0, q0, r0, m0, 'sensors/data', ... (42 bytes))
1764801464: Sending PUBLISH to auto-5F5F5830-8D4D-39DE-5AEB-1CF60ECF50A2 (d0, q0, r0, m0, 'sensors/data', ... (42 bytes))
1764801469: Received PUBLISH from auto-F10A1684-60B8-BAEE-8A8E-6755CFEDF536 (d0, q0, r0, m0, 'sensors/data', ... (43 bytes))
1764801469: Sending PUBLISH to auto-5F5F5830-8D4D-39DE-5AEB-1CF60ECF50A2 (d0, q0, r0, m0, 'sensors/data', ... (43 bytes))
1764801474: Received PUBLISH from auto-F10A1684-60B8-BAEE-8A8E-6755CFEDF536 (d0, q0, r0, m0, 'sensors/data', ... (43 bytes))
1764801474: Sending PUBLISH to auto-5F5F5830-8D4D-39DE-5AEB-1CF60ECF50A2 (d0, q0, r0, m0, 'sensors/data', ... (43 bytes))
1764801479: Received PUBLISH from auto-F10A1684-60B8-BAEE-8A8E-6755CFEDF536 (d0, q0, r0, m0, 'sensors/data', ... (44 bytes))
1764801479: Sending PUBLISH to auto-5F5F5830-8D4D-39DE-5AEB-1CF60ECF50A2 (d0, q0, r0, m0, 'sensors/data', ... (44 bytes))
1764801484: Received PUBLISH from auto-F10A1684-60B8-BAEE-8A8E-6755CFEDF536 (d0, q0, r0, m0, 'sensors/data', ... (42 bytes))
1764801484: Sending PUBLISH to auto-5F5F5830-8D4D-39DE-5AEB-1CF60ECF50A2 (d0, q0, r0, m0, 'sensors/data', ... (42 bytes))
1764801490: Received PUBLISH from auto-F10A1684-60B8-BAEE-8A8E-6755CFEDF536 (d0, q0, r0, m0, 'sensors/data', ... (43 bytes))
1764801490: Sending PUBLISH to auto-5F5F5830-8D4D-39DE-5AEB-1CF60ECF50A2 (d0, q0, r0, m0, 'sensors/data', ... (43 bytes))
1764801495: Received PUBLISH from auto-F10A1684-60B8-BAEE-8A8E-6755CFEDF536 (d0, q0, r0, m0, 'sensors/data', ... (44 bytes))
1764801495: Sending PUBLISH to auto-5F5F5830-8D4D-39DE-5AEB-1CF60ECF50A2 (d0, q0, r0, m0, 'sensors/data', ... (44 bytes))
1764801500: Received PUBLISH from auto-F10A1684-60B8-BAEE-8A8E-6755CFEDF536 (d0, q0, r0, m0, 'sensors/data', ... (42 bytes))
1764801500: Sending PUBLISH to auto-5F5F5830-8D4D-39DE-5AEB-1CF60ECF50A2 (d0, q0, r0, m0, 'sensors/data', ... (42 bytes))
1764801505: Received PUBLISH from auto-F10A1684-60B8-BAEE-8A8E-6755CFEDF536 (d0, q0, r0, m0, 'sensors/data', ... (43 bytes))
1764801505: Sending PUBLISH to auto-5F5F5830-8D4D-39DE-5AEB-1CF60ECF50A2 (d0, q0, r0, m0, 'sensors/data', ... (43 bytes))
1764801510: Received PUBLISH from auto-F10A1684-60B8-BAEE-8A8E-6755CFEDF536 (d0, q0, r0, m0, 'sensors/data', ... (44 bytes))
1764801510: Sending PUBLISH to auto-5F5F5830-8D4D-39DE-5AEB-1CF60ECF50A2 (d0, q0, r0, m0, 'sensors/data', ... (44 bytes))
1764801515: Received PUBLISH from auto-F10A1684-60B8-BAEE-8A8E-6755CFEDF536 (d0, q0, r0, m0, 'sensors/data', ... (44 bytes))
1764801515: Sending PUBLISH to auto-5F5F5830-8D4D-39DE-5AEB-1CF60ECF50A2 (d0, q0, r0, m0, 'sensors/data', ... (44 bytes))
1764801520: Received PUBLISH from auto-F10A1684-60B8-BAEE-8A8E-6755CFEDF536 (d0, q0, r0, m0, 'sensors/data', ... (43 bytes))
1764801520: Sending PUBLISH to auto-5F5F5830-8D4D-39DE-5AEB-1CF60ECF50A2 (d0, q0, r0, m0, 'sensors/data', ... (43 bytes))
1764801521: Received PINGREQ from auto-5F5F5830-8D4D-39DE-5AEB-1CF60ECF50A2
1764801521: Sending PINGRESP to auto-5F5F5830-8D4D-39DE-5AEB-1CF60ECF50A2
1764801525: Received PUBLISH from auto-F10A1684-60B8-BAEE-8A8E-6755CFEDF536 (d0, q0, r0, m0, 'sensors/data', ... (43 bytes))
1764801525: Sending PUBLISH to auto-5F5F5830-8D4D-39DE-5AEB-1CF60ECF50A2 (d0, q0, r0, m0, 'sensors/data', ... (43 bytes))
1764801530: Received PUBLISH from auto-F10A1684-60B8-BAEE-8A8E-6755CFEDF536 (d0, q0, r0, m0, 'sensors/data', ... (43 bytes))
1764801530: Sending PUBLISH to auto-5F5F5830-8D4D-39DE-5AEB-1CF60ECF50A2 (d0, q0, r0, m0, 'sensors/data', ... (43 bytes))
1764801535: Received PUBLISH from auto-F10A1684-60B8-BAEE-8A8E-6755CFEDF536 (d0, q0, r0, m0, 'sensors/data', ... (44 bytes))
1764801535: Sending PUBLISH to auto-5F5F5830-8D4D-39DE-5AEB-1CF60ECF50A2 (d0, q0, r0, m0, 'sensors/data', ... (44 bytes))
1764801540: Received PUBLISH from auto-F10A1684-60B8-BAEE-8A8E-6755CFEDF536 (d0, q0, r0, m0, 'sensors/data', ... (43 bytes))
1764801540: Sending PUBLISH to auto-5F5F5830-8D4D-39DE-5AEB-1CF60ECF50A2 (d0, q0, r0, m0, 'sensors/data', ... (43 bytes))
1764801545: Received PUBLISH from auto-F10A1684-60B8-BAEE-8A8E-6755CFEDF536 (d0, q0, r0, m0, 'sensors/data', ... (43 bytes))
1764801545: Sending PUBLISH to auto-5F5F5830-8D4D-39DE-5AEB-1CF60ECF50A2 (d0, q0, r0, m0, 'sensors/data', ... (43 bytes))
1764801550: Received PUBLISH from auto-F10A1684-60B8-BAEE-8A8E-6755CFEDF536 (d0, q0, r0, m0, 'sensors/data', ... (43 bytes))
1764801550: Sending PUBLISH to auto-5F5F5830-8D4D-39DE-5AEB-1CF60ECF50A2 (d0, q0, r0, m0, 'sensors/data', ... (43 bytes))
1764801556: Received PUBLISH from auto-F10A1684-60B8-BAEE-8A8E-6755CFEDF536 (d0, q0, r0, m0, 'sensors/data', ... (42 bytes))
1764801556: Sending PUBLISH to auto-5F5F5830-8D4D-39DE-5AEB-1CF60ECF50A2 (d0, q0, r0, m0, 'sensors/data', ... (42 bytes))
1764801561: Received PUBLISH from auto-F10A1684-60B8-BAEE-8A8E-6755CFEDF536 (d0, q0, r0, m0, 'sensors/data', ... (43 bytes))
1764801561: Sending PUBLISH to auto-5F5F5830-8D4D-39DE-5AEB-1CF60ECF50A2 (d0, q0, r0, m0, 'sensors/data', ... (43 bytes))
1764801566: Received PUBLISH from auto-F10A1684-60B8-BAEE-8A8E-6755CFEDF536 (d0, q0, r0, m0, 'sensors/data', ... (42 bytes))
1764801566: Sending PUBLISH to auto-5F5F5830-8D4D-39DE-5AEB-1CF60ECF50A2 (d0, q0, r0, m0, 'sensors/data', ... (42 bytes))
1764801571: Received PUBLISH from auto-F10A1684-60B8-BAEE-8A8E-6755CFEDF536 (d0, q0, r0, m0, 'sensors/data', ... (42 bytes))
1764801571: Sending PUBLISH to auto-5F5F5830-8D4D-39DE-5AEB-1CF60ECF50A2 (d0, q0, r0, m0, 'sensors/data', ... (42 bytes))
1764801576: Received PUBLISH from auto-F10A1684-60B8-BAEE-8A8E-6755CFEDF536 (d0, q0, r0, m0, 'sensors/data', ... (43 bytes))
1764801576: Sending PUBLISH to auto-5F5F5830-8D4D-39DE-5AEB-1CF60ECF50A2 (d0, q0, r0, m0, 'sensors/data', ... (43 bytes))
1764801581: Received PUBLISH from auto-F10A1684-60B8-BAEE-8A8E-6755CFEDF536 (d0, q0, r0, m0, 'sensors/data', ... (42 bytes))
1764801581: Sending PUBLISH to auto-5F5F5830-8D4D-39DE-5AEB-1CF60ECF50A2 (d0, q0, r0, m0, 'sensors/data', ... (42 bytes))
1764801582: Received PINGREQ from auto-5F5F5830-8D4D-39DE-5AEB-1CF60ECF50A2
1764801582: Sending PINGRESP to auto-5F5F5830-8D4D-39DE-5AEB-1CF60ECF50A2
1764801586: Received PUBLISH from auto-F10A1684-60B8-BAEE-8A8E-6755CFEDF536 (d0, q0, r0, m0, 'sensors/data', ... (42 bytes))
1764801586: Sending PUBLISH to auto-5F5F5830-8D4D-39DE-5AEB-1CF60ECF50A2 (d0, q0, r0, m0, 'sensors/data', ... (42 bytes))
1764801591: Received PUBLISH from auto-F10A1684-60B8-BAEE-8A8E-6755CFEDF536 (d0, q0, r0, m0, 'sensors/data', ... (42 bytes))
1764801591: Sending PUBLISH to auto-5F5F5830-8D4D-39DE-5AEB-1CF60ECF50A2 (d0, q0, r0, m0, 'sensors/data', ... (42 bytes))
1764801596: Received PUBLISH from auto-F10A1684-60B8-BAEE-8A8E-6755CFEDF536 (d0, q0, r0, m0, 'sensors/data', ... (42 bytes))
1764801596: Sending PUBLISH to auto-5F5F5830-8D4D-39DE-5AEB-1CF60ECF50A2 (d0, q0, r0, m0, 'sensors/data', ... (42 bytes))
1764801601: Received PUBLISH from auto-F10A1684-60B8-BAEE-8A8E-6755CFEDF536 (d0, q0, r0, m0, 'sensors/data', ... (43 bytes))
1764801601: Sending PUBLISH to auto-5F5F5830-8D4D-39DE-5AEB-1CF60ECF50A2 (d0, q0, r0, m0, 'sensors/data', ... (43 bytes))
1764801606: Received PUBLISH from auto-F10A1684-60B8-BAEE-8A8E-6755CFEDF536 (d0, q0, r0, m0, 'sensors/data', ... (42 bytes))
1764801606: Sending PUBLISH to auto-5F5F5830-8D4D-39DE-5AEB-1CF60ECF50A2 (d0, q0, r0, m0, 'sensors/data', ... (42 bytes))
1764801611: Received PUBLISH from auto-F10A1684-60B8-BAEE-8A8E-6755CFEDF536 (d0, q0, r0, m0, 'sensors/data', ... (43 bytes))
1764801611: Sending PUBLISH to auto-5F5F5830-8D4D-39DE-5AEB-1CF60ECF50A2 (d0, q0, r0, m0, 'sensors/data', ... (43 bytes))
1764801616: Received PUBLISH from auto-F10A1684-60B8-BAEE-8A8E-6755CFEDF536 (d0, q0, r0, m0, 'sensors/data', ... (43 bytes))
1764801616: Sending PUBLISH to auto-5F5F5830-8D4D-39DE-5AEB-1CF60ECF50A2 (d0, q0, r0, m0, 'sensors/data', ... (43 bytes))
1764801622: Received PUBLISH from auto-F10A1684-60B8-BAEE-8A8E-6755CFEDF536 (d0, q0, r0, m0, 'sensors/data', ... (44 bytes))
1764801622: Sending PUBLISH to auto-5F5F5830-8D4D-39DE-5AEB-1CF60ECF50A2 (d0, q0, r0, m0, 'sensors/data', ... (44 bytes))
1764801627: Received PUBLISH from auto-F10A1684-60B8-BAEE-8A8E-6755CFEDF536 (d0, q0, r0, m0, 'sensors/data', ... (41 bytes))
1764801627: Sending PUBLISH to auto-5F5F5830-8D4D-39DE-5AEB-1CF60ECF50A2 (d0, q0, r0, m0, 'sensors/data', ... (41 bytes))
1764801632: Received PUBLISH from auto-F10A1684-60B8-BAEE-8A8E-6755CFEDF536 (d0, q0, r0, m0, 'sensors/data', ... (43 bytes))
1764801632: Sending PUBLISH to auto-5F5F5830-8D4D-39DE-5AEB-1CF60ECF50A2 (d0, q0, r0, m0, 'sensors/data', ... (43 bytes))
1764801637: Received PUBLISH from auto-F10A1684-60B8-BAEE-8A8E-6755CFEDF536 (d0, q0, r0, m0, 'sensors/data', ... (42 bytes))
1764801637: Sending PUBLISH to auto-5F5F5830-8D4D-39DE-5AEB-1CF60ECF50A2 (d0, q0, r0, m0, 'sensors/data', ... (42 bytes))
1764801642: Received PUBLISH from auto-F10A1684-60B8-BAEE-8A8E-6755CFEDF536 (d0, q0, r0, m0, 'sensors/data', ... (43 bytes))
1764801642: Sending PUBLISH to auto-5F5F5830-8D4D-39DE-5AEB-1CF60ECF50A2 (d0, q0, r0, m0, 'sensors/data', ... (43 bytes))
1764801643: Received PINGREQ from auto-5F5F5830-8D4D-39DE-5AEB-1CF60ECF50A2
1764801643: Sending PINGRESP to auto-5F5F5830-8D4D-39DE-5AEB-1CF60ECF50A2
1764801647: Received PUBLISH from auto-F10A1684-60B8-BAEE-8A8E-6755CFEDF536 (d0, q0, r0, m0, 'sensors/data', ... (42 bytes))
1764801647: Sending PUBLISH to auto-5F5F5830-8D4D-39DE-5AEB-1CF60ECF50A2 (d0, q0, r0, m0, 'sensors/data', ... (42 bytes))
1764801652: Received PUBLISH from auto-F10A1684-60B8-BAEE-8A8E-6755CFEDF536 (d0, q0, r0, m0, 'sensors/data', ... (44 bytes))
1764801652: Sending PUBLISH to auto-5F5F5830-8D4D-39DE-5AEB-1CF60ECF50A2 (d0, q0, r0, m0, 'sensors/data', ... (44 bytes))
1764801657: Received PUBLISH from auto-F10A1684-60B8-BAEE-8A8E-6755CFEDF536 (d0, q0, r0, m0, 'sensors/data', ... (44 bytes))
1764801657: Sending PUBLISH to auto-5F5F5830-8D4D-39DE-5AEB-1CF60ECF50A2 (d0, q0, r0, m0, 'sensors/data', ... (44 bytes))
1764801662: Received PUBLISH from auto-F10A1684-60B8-BAEE-8A8E-6755CFEDF536 (d0, q0, r0, m0, 'sensors/data', ... (42 bytes))
1764801662: Sending PUBLISH to auto-5F5F5830-8D4D-39DE-5AEB-1CF60ECF50A2 (d0, q0, r0, m0, 'sensors/data', ... (42 bytes))
1764801667: Received PUBLISH from auto-F10A1684-60B8-BAEE-8A8E-6755CFEDF536 (d0, q0, r0, m0, 'sensors/data', ... (42 bytes))
1764801667: Sending PUBLISH to auto-5F5F5830-8D4D-39DE-5AEB-1CF60ECF50A2 (d0, q0, r0, m0, 'sensors/data', ... (42 bytes))
1764801672: Received PUBLISH from auto-F10A1684-60B8-BAEE-8A8E-6755CFEDF536 (d0, q0, r0, m0, 'sensors/data', ... (42 bytes))
1764801672: Sending PUBLISH to auto-5F5F5830-8D4D-39DE-5AEB-1CF60ECF50A2 (d0, q0, r0, m0, 'sensors/data', ... (42 bytes))
1764801677: Received PUBLISH from auto-F10A1684-60B8-BAEE-8A8E-6755CFEDF536 (d0, q0, r0, m0, 'sensors/data', ... (43 bytes))
1764801677: Sending PUBLISH to auto-5F5F5830-8D4D-39DE-5AEB-1CF60ECF50A2 (d0, q0, r0, m0, 'sensors/data', ... (43 bytes))
1764801682: Received PUBLISH from auto-F10A1684-60B8-BAEE-8A8E-6755CFEDF536 (d0, q0, r0, m0, 'sensors/data', ... (42 bytes))
1764801682: Sending PUBLISH to auto-5F5F5830-8D4D-39DE-5AEB-1CF60ECF50A2 (d0, q0, r0, m0, 'sensors/data', ... (42 bytes))
1764801688: Received PUBLISH from auto-F10A1684-60B8-BAEE-8A8E-6755CFEDF536 (d0, q0, r0, m0, 'sensors/data', ... (43 bytes))
1764801688: Sending PUBLISH to auto-5F5F5830-8D4D-39DE-5AEB-1CF60ECF50A2 (d0, q0, r0, m0, 'sensors/data', ... (43 bytes))
1764801693: Received PUBLISH from auto-F10A1684-60B8-BAEE-8A8E-6755CFEDF536 (d0, q0, r0, m0, 'sensors/data', ... (44 bytes))
1764801693: Sending PUBLISH to auto-5F5F5830-8D4D-39DE-5AEB-1CF60ECF50A2 (d0, q0, r0, m0, 'sensors/data', ... (44 bytes))
1764801698: Received PUBLISH from auto-F10A1684-60B8-BAEE-8A8E-6755CFEDF536 (d0, q0, r0, m0, 'sensors/data', ... (43 bytes))
1764801698: Sending PUBLISH to auto-5F5F5830-8D4D-39DE-5AEB-1CF60ECF50A2 (d0, q0, r0, m0, 'sensors/data', ... (43 bytes))
1764801703: Received PUBLISH from auto-F10A1684-60B8-BAEE-8A8E-6755CFEDF536 (d0, q0, r0, m0, 'sensors/data', ... (43 bytes))
1764801703: Sending PUBLISH to auto-5F5F5830-8D4D-39DE-5AEB-1CF60ECF50A2 (d0, q0, r0, m0, 'sensors/data', ... (43 bytes))
1764801704: Received PINGREQ from auto-5F5F5830-8D4D-39DE-5AEB-1CF60ECF50A2
1764801704: Sending PINGRESP to auto-5F5F5830-8D4D-39DE-5AEB-1CF60ECF50A2
1764801708: Received PUBLISH from auto-F10A1684-60B8-BAEE-8A8E-6755CFEDF536 (d0, q0, r0, m0, 'sensors/data', ... (44 bytes))
1764801708: Sending PUBLISH to auto-5F5F5830-8D4D-39DE-5AEB-1CF60ECF50A2 (d0, q0, r0, m0, 'sensors/data', ... (44 bytes))
1764801713: Received PUBLISH from auto-F10A1684-60B8-BAEE-8A8E-6755CFEDF536 (d0, q0, r0, m0, 'sensors/data', ... (44 bytes))
1764801713: Sending PUBLISH to auto-5F5F5830-8D4D-39DE-5AEB-1CF60ECF50A2 (d0, q0, r0, m0, 'sensors/data', ... (44 bytes))
1764801718: Received PUBLISH from auto-F10A1684-60B8-BAEE-8A8E-6755CFEDF536 (d0, q0, r0, m0, 'sensors/data', ... (42 bytes))
1764801718: Sending PUBLISH to auto-5F5F5830-8D4D-39DE-5AEB-1CF60ECF50A2 (d0, q0, r0, m0, 'sensors/data', ... (42 bytes))
1764801723: Received PUBLISH from auto-F10A1684-60B8-BAEE-8A8E-6755CFEDF536 (d0, q0, r0, m0, 'sensors/data', ... (43 bytes))
1764801723: Sending PUBLISH to auto-5F5F5830-8D4D-39DE-5AEB-1CF60ECF50A2 (d0, q0, r0, m0, 'sensors/data', ... (43 bytes))
1764801728: Received PUBLISH from auto-F10A1684-60B8-BAEE-8A8E-6755CFEDF536 (d0, q0, r0, m0, 'sensors/data', ... (42 bytes))
1764801728: Sending PUBLISH to auto-5F5F5830-8D4D-39DE-5AEB-1CF60ECF50A2 (d0, q0, r0, m0, 'sensors/data', ... (42 bytes))
1764801733: Received PUBLISH from auto-F10A1684-60B8-BAEE-8A8E-6755CFEDF536 (d0, q0, r0, m0, 'sensors/data', ... (43 bytes))
1764801733: Sending PUBLISH to auto-5F5F5830-8D4D-39DE-5AEB-1CF60ECF50A2 (d0, q0, r0, m0, 'sensors/data', ... (43 bytes))
1764801738: Received PUBLISH from auto-F10A1684-60B8-BAEE-8A8E-6755CFEDF536 (d0, q0, r0, m0, 'sensors/data', ... (43 bytes))
1764801738: Sending PUBLISH to auto-5F5F5830-8D4D-39DE-5AEB-1CF60ECF50A2 (d0, q0, r0, m0, 'sensors/data', ... (43 bytes))
1764801743: Received PUBLISH from auto-F10A1684-60B8-BAEE-8A8E-6755CFEDF536 (d0, q0, r0, m0, 'sensors/data', ... (44 bytes))
1764801743: Sending PUBLISH to auto-5F5F5830-8D4D-39DE-5AEB-1CF60ECF50A2 (d0, q0, r0, m0, 'sensors/data', ... (44 bytes))
1764801748: Received PUBLISH from auto-F10A1684-60B8-BAEE-8A8E-6755CFEDF536 (d0, q0, r0, m0, 'sensors/data', ... (43 bytes))
1764801748: Sending PUBLISH to auto-5F5F5830-8D4D-39DE-5AEB-1CF60ECF50A2 (d0, q0, r0, m0, 'sensors/data', ... (43 bytes))
1764801753: Received PUBLISH from auto-F10A1684-60B8-BAEE-8A8E-6755CFEDF536 (d0, q0, r0, m0, 'sensors/data', ... (43 bytes))
1764801753: Sending PUBLISH to auto-5F5F5830-8D4D-39DE-5AEB-1CF60ECF50A2 (d0, q0, r0, m0, 'sensors/data', ... (43 bytes))
1764801759: Received PUBLISH from auto-F10A1684-60B8-BAEE-8A8E-6755CFEDF536 (d0, q0, r0, m0, 'sensors/data', ... (44 bytes))
1764801759: Sending PUBLISH to auto-5F5F5830-8D4D-39DE-5AEB-1CF60ECF50A2 (d0, q0, r0, m0, 'sensors/data', ... (44 bytes))
1764801764: Received PUBLISH from auto-F10A1684-60B8-BAEE-8A8E-6755CFEDF536 (d0, q0, r0, m0, 'sensors/data', ... (43 bytes))
1764801764: Sending PUBLISH to auto-5F5F5830-8D4D-39DE-5AEB-1CF60ECF50A2 (d0, q0, r0, m0, 'sensors/data', ... (43 bytes))
1764801765: Received PINGREQ from auto-5F5F5830-8D4D-39DE-5AEB-1CF60ECF50A2
1764801765: Sending PINGRESP to auto-5F5F5830-8D4D-39DE-5AEB-1CF60ECF50A2
1764801769: Received PUBLISH from auto-F10A1684-60B8-BAEE-8A8E-6755CFEDF536 (d0, q0, r0, m0, 'sensors/data', ... (43 bytes))
1764801769: Sending PUBLISH to auto-5F5F5830-8D4D-39DE-5AEB-1CF60ECF50A2 (d0, q0, r0, m0, 'sensors/data', ... (43 bytes))
1764801774: Received PUBLISH from auto-F10A1684-60B8-BAEE-8A8E-6755CFEDF536 (d0, q0, r0, m0, 'sensors/data', ... (43 bytes))
1764801774: Sending PUBLISH to auto-5F5F5830-8D4D-39DE-5AEB-1CF60ECF50A2 (d0, q0, r0, m0, 'sensors/data', ... (43 bytes))
1764801779: Received PUBLISH from auto-F10A1684-60B8-BAEE-8A8E-6755CFEDF536 (d0, q0, r0, m0, 'sensors/data', ... (41 bytes))
1764801779: Sending PUBLISH to auto-5F5F5830-8D4D-39DE-5AEB-1CF60ECF50A2 (d0, q0, r0, m0, 'sensors/data', ... (41 bytes))
1764801784: Received PUBLISH from auto-F10A1684-60B8-BAEE-8A8E-6755CFEDF536 (d0, q0, r0, m0, 'sensors/data', ... (42 bytes))
1764801784: Sending PUBLISH to auto-5F5F5830-8D4D-39DE-5AEB-1CF60ECF50A2 (d0, q0, r0, m0, 'sensors/data', ... (42 bytes))
1764801789: Received PUBLISH from auto-F10A1684-60B8-BAEE-8A8E-6755CFEDF536 (d0, q0, r0, m0, 'sensors/data', ... (42 bytes))
1764801789: Sending PUBLISH to auto-5F5F5830-8D4D-39DE-5AEB-1CF60ECF50A2 (d0, q0, r0, m0, 'sensors/data', ... (42 bytes))
1764801794: Received PUBLISH from auto-F10A1684-60B8-BAEE-8A8E-6755CFEDF536 (d0, q0, r0, m0, 'sensors/data', ... (43 bytes))
1764801794: Sending PUBLISH to auto-5F5F5830-8D4D-39DE-5AEB-1CF60ECF50A2 (d0, q0, r0, m0, 'sensors/data', ... (43 bytes))
1764801799: Received PUBLISH from auto-F10A1684-60B8-BAEE-8A8E-6755CFEDF536 (d0, q0, r0, m0, 'sensors/data', ... (43 bytes))
1764801799: Sending PUBLISH to auto-5F5F5830-8D4D-39DE-5AEB-1CF60ECF50A2 (d0, q0, r0, m0, 'sensors/data', ... (43 bytes))
1764801804: Received PUBLISH from auto-F10A1684-60B8-BAEE-8A8E-6755CFEDF536 (d0, q0, r0, m0, 'sensors/data', ... (43 bytes))
1764801804: Sending PUBLISH to auto-5F5F5830-8D4D-39DE-5AEB-1CF60ECF50A2 (d0, q0, r0, m0, 'sensors/data', ... (43 bytes))
1764801809: Received PUBLISH from auto-F10A1684-60B8-BAEE-8A8E-6755CFEDF536 (d0, q0, r0, m0, 'sensors/data', ... (42 bytes))
1764801809: Sending PUBLISH to auto-5F5F5830-8D4D-39DE-5AEB-1CF60ECF50A2 (d0, q0, r0, m0, 'sensors/data', ... (42 bytes))
1764801814: Received PUBLISH from auto-F10A1684-60B8-BAEE-8A8E-6755CFEDF536 (d0, q0, r0, m0, 'sensors/data', ... (43 bytes))
1764801814: Sending PUBLISH to auto-5F5F5830-8D4D-39DE-5AEB-1CF60ECF50A2 (d0, q0, r0, m0, 'sensors/data', ... (43 bytes))
1764801819: Received PUBLISH from auto-F10A1684-60B8-BAEE-8A8E-6755CFEDF536 (d0, q0, r0, m0, 'sensors/data', ... (43 bytes))
1764801819: Sending PUBLISH to auto-5F5F5830-8D4D-39DE-5AEB-1CF60ECF50A2 (d0, q0, r0, m0, 'sensors/data', ... (43 bytes))
1764801825: Received PUBLISH from auto-F10A1684-60B8-BAEE-8A8E-6755CFEDF536 (d0, q0, r0, m0, 'sensors/data', ... (41 bytes))
1764801825: Sending PUBLISH to auto-5F5F5830-8D4D-39DE-5AEB-1CF60ECF50A2 (d0, q0, r0, m0, 'sensors/data', ... (41 bytes))
1764801826: Received PINGREQ from auto-5F5F5830-8D4D-39DE-5AEB-1CF60ECF50A2
1764801826: Sending PINGRESP to auto-5F5F5830-8D4D-39DE-5AEB-1CF60ECF50A2
1764801830: Received PUBLISH from auto-F10A1684-60B8-BAEE-8A8E-6755CFEDF536 (d0, q0, r0, m0, 'sensors/data', ... (43 bytes))
1764801830: Sending PUBLISH to auto-5F5F5830-8D4D-39DE-5AEB-1CF60ECF50A2 (d0, q0, r0, m0, 'sensors/data', ... (43 bytes))
1764801835: Received PUBLISH from auto-F10A1684-60B8-BAEE-8A8E-6755CFEDF536 (d0, q0, r0, m0, 'sensors/data', ... (44 bytes))
1764801835: Sending PUBLISH to auto-5F5F5830-8D4D-39DE-5AEB-1CF60ECF50A2 (d0, q0, r0, m0, 'sensors/data', ... (44 bytes))
1764801840: Received PUBLISH from auto-F10A1684-60B8-BAEE-8A8E-6755CFEDF536 (d0, q0, r0, m0, 'sensors/data', ... (43 bytes))
1764801840: Sending PUBLISH to auto-5F5F5830-8D4D-39DE-5AEB-1CF60ECF50A2 (d0, q0, r0, m0, 'sensors/data', ... (43 bytes))
1764801845: Received PUBLISH from auto-F10A1684-60B8-BAEE-8A8E-6755CFEDF536 (d0, q0, r0, m0, 'sensors/data', ... (43 bytes))
1764801845: Sending PUBLISH to auto-5F5F5830-8D4D-39DE-5AEB-1CF60ECF50A2 (d0, q0, r0, m0, 'sensors/data', ... (43 bytes))
1764801850: Received PUBLISH from auto-F10A1684-60B8-BAEE-8A8E-6755CFEDF536 (d0, q0, r0, m0, 'sensors/data', ... (43 bytes))
1764801850: Sending PUBLISH to auto-5F5F5830-8D4D-39DE-5AEB-1CF60ECF50A2 (d0, q0, r0, m0, 'sensors/data', ... (43 bytes))
1764801855: Received PUBLISH from auto-F10A1684-60B8-BAEE-8A8E-6755CFEDF536 (d0, q0, r0, m0, 'sensors/data', ... (43 bytes))
1764801855: Sending PUBLISH to auto-5F5F5830-8D4D-39DE-5AEB-1CF60ECF50A2 (d0, q0, r0, m0, 'sensors/data', ... (43 bytes))
1764801860: Received PUBLISH from auto-F10A1684-60B8-BAEE-8A8E-6755CFEDF536 (d0, q0, r0, m0, 'sensors/data', ... (43 bytes))
1764801860: Sending PUBLISH to auto-5F5F5830-8D4D-39DE-5AEB-1CF60ECF50A2 (d0, q0, r0, m0, 'sensors/data', ... (43 bytes))
1764801865: Received PUBLISH from auto-F10A1684-60B8-BAEE-8A8E-6755CFEDF536 (d0, q0, r0, m0, 'sensors/data', ... (43 bytes))
1764801865: Sending PUBLISH to auto-5F5F5830-8D4D-39DE-5AEB-1CF60ECF50A2 (d0, q0, r0, m0, 'sensors/data', ... (43 bytes))
1764801870: Received PUBLISH from auto-F10A1684-60B8-BAEE-8A8E-6755CFEDF536 (d0, q0, r0, m0, 'sensors/data', ... (42 bytes))
1764801870: Sending PUBLISH to auto-5F5F5830-8D4D-39DE-5AEB-1CF60ECF50A2 (d0, q0, r0, m0, 'sensors/data', ... (42 bytes))
1764801875: Received PUBLISH from auto-F10A1684-60B8-BAEE-8A8E-6755CFEDF536 (d0, q0, r0, m0, 'sensors/data', ... (43 bytes))
1764801875: Sending PUBLISH to auto-5F5F5830-8D4D-39DE-5AEB-1CF60ECF50A2 (d0, q0, r0, m0, 'sensors/data', ... (43 bytes))
1764801880: Received PUBLISH from auto-F10A1684-60B8-BAEE-8A8E-6755CFEDF536 (d0, q0, r0, m0, 'sensors/data', ... (42 bytes))
1764801880: Sending PUBLISH to auto-5F5F5830-8D4D-39DE-5AEB-1CF60ECF50A2 (d0, q0, r0, m0, 'sensors/data', ... (42 bytes))
1764801885: Received PUBLISH from auto-F10A1684-60B8-BAEE-8A8E-6755CFEDF536 (d0, q0, r0, m0, 'sensors/data', ... (43 bytes))
1764801885: Sending PUBLISH to auto-5F5F5830-8D4D-39DE-5AEB-1CF60ECF50A2 (d0, q0, r0, m0, 'sensors/data', ... (43 bytes))
1764801887: Received PINGREQ from auto-5F5F5830-8D4D-39DE-5AEB-1CF60ECF50A2
1764801887: Sending PINGRESP to auto-5F5F5830-8D4D-39DE-5AEB-1CF60ECF50A2
1764801888: Client auto-5F5F5830-8D4D-39DE-5AEB-1CF60ECF50A2 closed its connection.
1764801891: Received PUBLISH from auto-F10A1684-60B8-BAEE-8A8E-6755CFEDF536 (d0, q0, r0, m0, 'sensors/data', ... (43 bytes))
1764801896: Received PUBLISH from auto-F10A1684-60B8-BAEE-8A8E-6755CFEDF536 (d0, q0, r0, m0, 'sensors/data', ... (43 bytes))
1764801901: Received PUBLISH from auto-F10A1684-60B8-BAEE-8A8E-6755CFEDF536 (d0, q0, r0, m0, 'sensors/data', ... (44 bytes))
1764801902: Client auto-F10A1684-60B8-BAEE-8A8E-6755CFEDF536 closed its connection.
1764801914: mosquitto version 2.0.22 terminating
1764802006: mosquitto version 2.0.22 starting
1764802006: Config loaded from /mosquitto/config/mosquitto.conf.
1764802006: Opening ipv4 listen socket on port 1883.
1764802006: mosquitto version 2.0.22 running
1764802009: New connection from 172.19.0.3:38697 on port 1883.
1764802009: New client connected from 172.19.0.3:38697 as auto-46FF714F-1D49-8E52-70EA-9BE00FE955E0 (p2, c1, k60).
1764802009: No will message specified.
1764802009: Sending CONNACK to auto-46FF714F-1D49-8E52-70EA-9BE00FE955E0 (0, 0)
1764802009: Received SUBSCRIBE from auto-46FF714F-1D49-8E52-70EA-9BE00FE955E0
1764802009: 	sensors/data (QoS 0)
1764802009: auto-46FF714F-1D49-8E52-70EA-9BE00FE955E0 0 sensors/data
1764802009: Sending SUBACK to auto-46FF714F-1D49-8E52-70EA-9BE00FE955E0
1764802013: New connection from 172.19.0.4:52745 on port 1883.
1764802013: New client connected from 172.19.0.4:52745 as auto-69C00A29-28AB-5E55-E0CE-271F827A5601 (p2, c1, k60).
1764802013: No will message specified.
1764802013: Sending CONNACK to auto-69C00A29-28AB-5E55-E0CE-271F827A5601 (0, 0)
1764802013: Received PUBLISH from auto-69C00A29-28AB-5E55-E0CE-271F827A5601 (d0, q0, r0, m0, 'sensors/data', ... (16 bytes))
1764802013: Sending PUBLISH to auto-46FF714F-1D49-8E52-70EA-9BE00FE955E0 (d0, q0, r0, m0, 'sensors/data', ... (16 bytes))
1764802018: Received PUBLISH from auto-69C00A29-28AB-5E55-E0CE-271F827A5601 (d0, q0, r0, m0, 'sensors/data', ... (16 bytes))
1764802018: Sending PUBLISH to auto-46FF714F-1D49-8E52-70EA-9BE00FE955E0 (d0, q0, r0, m0, 'sensors/data', ... (16 bytes))
1764802023: Received PUBLISH from auto-69C00A29-28AB-5E55-E0CE-271F827A5601 (d0, q0, r0, m0, 'sensors/data', ... (16 bytes))
1764802023: Sending PUBLISH to auto-46FF714F-1D49-8E52-70EA-9BE00FE955E0 (d0, q0, r0, m0, 'sensors/data', ... (16 bytes))
1764802028: Received PUBLISH from auto-69C00A29-28AB-5E55-E0CE-271F827A5601 (d0, q0, r0, m0, 'sensors/data', ... (10 bytes))
1764802028: Sending PUBLISH to auto-46FF714F-1D49-8E52-70EA-9BE00FE955E0 (d0, q0, r0, m0, 'sensors/data', ... (10 bytes))
1764802033: Received PUBLISH from auto-69C00A29-28AB-5E55-E0CE-271F827A5601 (d0, q0, r0, m0, 'sensors/data', ... (16 bytes))
1764802033: Sending PUBLISH to auto-46FF714F-1D49-8E52-70EA-9BE00FE955E0 (d0, q0, r0, m0, 'sensors/data', ... (16 bytes))
1764802038: Received PUBLISH from auto-69C00A29-28AB-5E55-E0CE-271F827A5601 (d0, q0, r0, m0, 'sensors/data', ... (16 bytes))
1764802038: Sending PUBLISH to auto-46FF714F-1D49-8E52-70EA-9BE00FE955E0 (d0, q0, r0, m0, 'sensors/data', ... (16 bytes))
1764802043: Received PUBLISH from auto-69C00A29-28AB-5E55-E0CE-271F827A5601 (d0, q0, r0, m0, 'sensors/data', ... (16 bytes))
1764802043: Sending PUBLISH to auto-46FF714F-1D49-8E52-70EA-9BE00FE955E0 (d0, q0, r0, m0, 'sensors/data', ... (16 bytes))
1764802048: Received PUBLISH from auto-69C00A29-28AB-5E55-E0CE-271F827A5601 (d0, q0, r0, m0, 'sensors/data', ... (15 bytes))
1764802048: Sending PUBLISH to auto-46FF714F-1D49-8E52-70EA-9BE00FE955E0 (d0, q0, r0, m0, 'sensors/data', ... (15 bytes))
1764802053: Received PUBLISH from auto-69C00A29-28AB-5E55-E0CE-271F827A5601 (d0, q0, r0, m0, 'sensors/data', ... (15 bytes))
1764802053: Sending PUBLISH to auto-46FF714F-1D49-8E52-70EA-9BE00FE955E0 (d0, q0, r0, m0, 'sensors/data', ... (15 bytes))
1764802058: Received PUBLISH from auto-69C00A29-28AB-5E55-E0CE-271F827A5601 (d0, q0, r0, m0, 'sensors/data', ... (16 bytes))
1764802058: Sending PUBLISH to auto-46FF714F-1D49-8E52-70EA-9BE00FE955E0 (d0, q0, r0, m0, 'sensors/data', ... (16 bytes))
1764802063: Received PUBLISH from auto-69C00A29-28AB-5E55-E0CE-271F827A5601 (d0, q0, r0, m0, 'sensors/data', ... (15 bytes))
1764802063: Sending PUBLISH to auto-46FF714F-1D49-8E52-70EA-9BE00FE955E0 (d0, q0, r0, m0, 'sensors/data', ... (15 bytes))
1764802068: Received PUBLISH from auto-69C00A29-28AB-5E55-E0CE-271F827A5601 (d0, q0, r0, m0, 'sensors/data', ... (10 bytes))
1764802068: Sending PUBLISH to auto-46FF714F-1D49-8E52-70EA-9BE00FE955E0 (d0, q0, r0, m0, 'sensors/data', ... (10 bytes))
1764802070: Received PINGREQ from auto-46FF714F-1D49-8E52-70EA-9BE00FE955E0
1764802070: Sending PINGRESP to auto-46FF714F-1D49-8E52-70EA-9BE00FE955E0
1764802074: Received PUBLISH from auto-69C00A29-28AB-5E55-E0CE-271F827A5601 (d0, q0, r0, m0, 'sensors/data', ... (16 bytes))
1764802074: Sending PUBLISH to auto-46FF714F-1D49-8E52-70EA-9BE00FE955E0 (d0, q0, r0, m0, 'sensors/data', ... (16 bytes))
1764802079: Received PUBLISH from auto-69C00A29-28AB-5E55-E0CE-271F827A5601 (d0, q0, r0, m0, 'sensors/data', ... (15 bytes))
1764802079: Sending PUBLISH to auto-46FF714F-1D49-8E52-70EA-9BE00FE955E0 (d0, q0, r0, m0, 'sensors/data', ... (15 bytes))
1764802084: Received PUBLISH from auto-69C00A29-28AB-5E55-E0CE-271F827A5601 (d0, q0, r0, m0, 'sensors/data', ... (9 bytes))
1764802084: Sending PUBLISH to auto-46FF714F-1D49-8E52-70EA-9BE00FE955E0 (d0, q0, r0, m0, 'sensors/data', ... (9 bytes))
1764802089: Received PUBLISH from auto-69C00A29-28AB-5E55-E0CE-271F827A5601 (d0, q0, r0, m0, 'sensors/data', ... (10 bytes))
1764802089: Sending PUBLISH to auto-46FF714F-1D49-8E52-70EA-9BE00FE955E0 (d0, q0, r0, m0, 'sensors/data', ... (10 bytes))
1764802094: Received PUBLISH from auto-69C00A29-28AB-5E55-E0CE-271F827A5601 (d0, q0, r0, m0, 'sensors/data', ... (10 bytes))
1764802094: Sending PUBLISH to auto-46FF714F-1D49-8E52-70EA-9BE00FE955E0 (d0, q0, r0, m0, 'sensors/data', ... (10 bytes))
1764802099: Received PUBLISH from auto-69C00A29-28AB-5E55-E0CE-271F827A5601 (d0, q0, r0, m0, 'sensors/data', ... (10 bytes))
1764802099: Sending PUBLISH to auto-46FF714F-1D49-8E52-70EA-9BE00FE955E0 (d0, q0, r0, m0, 'sensors/data', ... (10 bytes))
1764802104: Received PUBLISH from auto-69C00A29-28AB-5E55-E0CE-271F827A5601 (d0, q0, r0, m0, 'sensors/data', ... (10 bytes))
1764802104: Sending PUBLISH to auto-46FF714F-1D49-8E52-70EA-9BE00FE955E0 (d0, q0, r0, m0, 'sensors/data', ... (10 bytes))
1764802109: Received PUBLISH from auto-69C00A29-28AB-5E55-E0CE-271F827A5601 (d0, q0, r0, m0, 'sensors/data', ... (10 bytes))
1764802109: Sending PUBLISH to auto-46FF714F-1D49-8E52-70EA-9BE00FE955E0 (d0, q0, r0, m0, 'sensors/data', ... (10 bytes))
1764802114: Received PUBLISH from auto-69C00A29-28AB-5E55-E0CE-271F827A5601 (d0, q0, r0, m0, 'sensors/data', ... (16 bytes))
1764802114: Sending PUBLISH to auto-46FF714F-1D49-8E52-70EA-9BE00FE955E0 (d0, q0, r0, m0, 'sensors/data', ... (16 bytes))
1764802119: Received PUBLISH from auto-69C00A29-28AB-5E55-E0CE-271F827A5601 (d0, q0, r0, m0, 'sensors/data', ... (16 bytes))
1764802119: Sending PUBLISH to auto-46FF714F-1D49-8E52-70EA-9BE00FE955E0 (d0, q0, r0, m0, 'sensors/data', ... (16 bytes))
1764802124: Received PUBLISH from auto-69C00A29-28AB-5E55-E0CE-271F827A5601 (d0, q0, r0, m0, 'sensors/data', ... (15 bytes))
1764802124: Sending PUBLISH to auto-46FF714F-1D49-8E52-70EA-9BE00FE955E0 (d0, q0, r0, m0, 'sensors/data', ... (15 bytes))
1764802129: Received PUBLISH from auto-69C00A29-28AB-5E55-E0CE-271F827A5601 (d0, q0, r0, m0, 'sensors/data', ... (16 bytes))
1764802129: Sending PUBLISH to auto-46FF714F-1D49-8E52-70EA-9BE00FE955E0 (d0, q0, r0, m0, 'sensors/data', ... (16 bytes))
1764802131: Received PINGREQ from auto-46FF714F-1D49-8E52-70EA-9BE00FE955E0
1764802131: Sending PINGRESP to auto-46FF714F-1D49-8E52-70EA-9BE00FE955E0
1764802135: Received PUBLISH from auto-69C00A29-28AB-5E55-E0CE-271F827A5601 (d0, q0, r0, m0, 'sensors/data', ... (16 bytes))
1764802135: Sending PUBLISH to auto-46FF714F-1D49-8E52-70EA-9BE00FE955E0 (d0, q0, r0, m0, 'sensors/data', ... (16 bytes))
1764802140: Received PUBLISH from auto-69C00A29-28AB-5E55-E0CE-271F827A5601 (d0, q0, r0, m0, 'sensors/data', ... (16 bytes))
1764802140: Sending PUBLISH to auto-46FF714F-1D49-8E52-70EA-9BE00FE955E0 (d0, q0, r0, m0, 'sensors/data', ... (16 bytes))
1764802145: Received PUBLISH from auto-69C00A29-28AB-5E55-E0CE-271F827A5601 (d0, q0, r0, m0, 'sensors/data', ... (10 bytes))
1764802145: Sending PUBLISH to auto-46FF714F-1D49-8E52-70EA-9BE00FE955E0 (d0, q0, r0, m0, 'sensors/data', ... (10 bytes))
1764802150: Received PUBLISH from auto-69C00A29-28AB-5E55-E0CE-271F827A5601 (d0, q0, r0, m0, 'sensors/data', ... (16 bytes))
1764802150: Sending PUBLISH to auto-46FF714F-1D49-8E52-70EA-9BE00FE955E0 (d0, q0, r0, m0, 'sensors/data', ... (16 bytes))
1764802155: Received PUBLISH from auto-69C00A29-28AB-5E55-E0CE-271F827A5601 (d0, q0, r0, m0, 'sensors/data', ... (15 bytes))
1764802155: Sending PUBLISH to auto-46FF714F-1D49-8E52-70EA-9BE00FE955E0 (d0, q0, r0, m0, 'sensors/data', ... (15 bytes))
1764802160: Received PUBLISH from auto-69C00A29-28AB-5E55-E0CE-271F827A5601 (d0, q0, r0, m0, 'sensors/data', ... (10 bytes))
1764802160: Sending PUBLISH to auto-46FF714F-1D49-8E52-70EA-9BE00FE955E0 (d0, q0, r0, m0, 'sensors/data', ... (10 bytes))
1764802165: Received PUBLISH from auto-69C00A29-28AB-5E55-E0CE-271F827A5601 (d0, q0, r0, m0, 'sensors/data', ... (15 bytes))
1764802165: Sending PUBLISH to auto-46FF714F-1D49-8E52-70EA-9BE00FE955E0 (d0, q0, r0, m0, 'sensors/data', ... (15 bytes))
1764802170: Received PUBLISH from auto-69C00A29-28AB-5E55-E0CE-271F827A5601 (d0, q0, r0, m0, 'sensors/data', ... (16 bytes))
1764802170: Sending PUBLISH to auto-46FF714F-1D49-8E52-70EA-9BE00FE955E0 (d0, q0, r0, m0, 'sensors/data', ... (16 bytes))
1764802175: Received PUBLISH from auto-69C00A29-28AB-5E55-E0CE-271F827A5601 (d0, q0, r0, m0, 'sensors/data', ... (10 bytes))
1764802175: Sending PUBLISH to auto-46FF714F-1D49-8E52-70EA-9BE00FE955E0 (d0, q0, r0, m0, 'sensors/data', ... (10 bytes))
1764802180: Received PUBLISH from auto-69C00A29-28AB-5E55-E0CE-271F827A5601 (d0, q0, r0, m0, 'sensors/data', ... (10 bytes))
1764802180: Sending PUBLISH to auto-46FF714F-1D49-8E52-70EA-9BE00FE955E0 (d0, q0, r0, m0, 'sensors/data', ... (10 bytes))
1764802185: Received PUBLISH from auto-69C00A29-28AB-5E55-E0CE-271F827A5601 (d0, q0, r0, m0, 'sensors/data', ... (15 bytes))
1764802185: Sending PUBLISH to auto-46FF714F-1D49-8E52-70EA-9BE00FE955E0 (d0, q0, r0, m0, 'sensors/data', ... (15 bytes))
1764802190: Received PUBLISH from auto-69C00A29-28AB-5E55-E0CE-271F827A5601 (d0, q0, r0, m0, 'sensors/data', ... (16 bytes))
1764802190: Sending PUBLISH to auto-46FF714F-1D49-8E52-70EA-9BE00FE955E0 (d0, q0, r0, m0, 'sensors/data', ... (16 bytes))
1764802192: Received PINGREQ from auto-46FF714F-1D49-8E52-70EA-9BE00FE955E0
1764802192: Sending PINGRESP to auto-46FF714F-1D49-8E52-70EA-9BE00FE955E0
1764802196: Received PUBLISH from auto-69C00A29-28AB-5E55-E0CE-271F827A5601 (d0, q0, r0, m0, 'sensors/data', ... (16 bytes))
1764802196: Sending PUBLISH to auto-46FF714F-1D49-8E52-70EA-9BE00FE955E0 (d0, q0, r0, m0, 'sensors/data', ... (16 bytes))
1764802201: Received PUBLISH from auto-69C00A29-28AB-5E55-E0CE-271F827A5601 (d0, q0, r0, m0, 'sensors/data', ... (16 bytes))
1764802201: Sending PUBLISH to auto-46FF714F-1D49-8E52-70EA-9BE00FE955E0 (d0, q0, r0, m0, 'sensors/data', ... (16 bytes))
1764802206: Received PUBLISH from auto-69C00A29-28AB-5E55-E0CE-271F827A5601 (d0, q0, r0, m0, 'sensors/data', ... (9 bytes))
1764802206: Sending PUBLISH to auto-46FF714F-1D49-8E52-70EA-9BE00FE955E0 (d0, q0, r0, m0, 'sensors/data', ... (9 bytes))
1764802211: Received PUBLISH from auto-69C00A29-28AB-5E55-E0CE-271F827A5601 (d0, q0, r0, m0, 'sensors/data', ... (10 bytes))
1764802211: Sending PUBLISH to auto-46FF714F-1D49-8E52-70EA-9BE00FE955E0 (d0, q0, r0, m0, 'sensors/data', ... (10 bytes))
1764802216: Received PUBLISH from auto-69C00A29-28AB-5E55-E0CE-271F827A5601 (d0, q0, r0, m0, 'sensors/data', ... (10 bytes))
1764802216: Sending PUBLISH to auto-46FF714F-1D49-8E52-70EA-9BE00FE955E0 (d0, q0, r0, m0, 'sensors/data', ... (10 bytes))
1764802221: Received PUBLISH from auto-69C00A29-28AB-5E55-E0CE-271F827A5601 (d0, q0, r0, m0, 'sensors/data', ... (16 bytes))
1764802221: Sending PUBLISH to auto-46FF714F-1D49-8E52-70EA-9BE00FE955E0 (d0, q0, r0, m0, 'sensors/data', ... (16 bytes))
1764802226: Received PUBLISH from auto-69C00A29-28AB-5E55-E0CE-271F827A5601 (d0, q0, r0, m0, 'sensors/data', ... (15 bytes))
1764802226: Sending PUBLISH to auto-46FF714F-1D49-8E52-70EA-9BE00FE955E0 (d0, q0, r0, m0, 'sensors/data', ... (15 bytes))
1764802231: Received PUBLISH from auto-69C00A29-28AB-5E55-E0CE-271F827A5601 (d0, q0, r0, m0, 'sensors/data', ... (16 bytes))
1764802231: Sending PUBLISH to auto-46FF714F-1D49-8E52-70EA-9BE00FE955E0 (d0, q0, r0, m0, 'sensors/data', ... (16 bytes))
1764802236: Received PUBLISH from auto-69C00A29-28AB-5E55-E0CE-271F827A5601 (d0, q0, r0, m0, 'sensors/data', ... (15 bytes))
1764802236: Sending PUBLISH to auto-46FF714F-1D49-8E52-70EA-9BE00FE955E0 (d0, q0, r0, m0, 'sensors/data', ... (15 bytes))
1764802241: Received PUBLISH from auto-69C00A29-28AB-5E55-E0CE-271F827A5601 (d0, q0, r0, m0, 'sensors/data', ... (10 bytes))
1764802241: Sending PUBLISH to auto-46FF714F-1D49-8E52-70EA-9BE00FE955E0 (d0, q0, r0, m0, 'sensors/data', ... (10 bytes))
1764802246: Received PUBLISH from auto-69C00A29-28AB-5E55-E0CE-271F827A5601 (d0, q0, r0, m0, 'sensors/data', ... (9 bytes))
1764802246: Sending PUBLISH to auto-46FF714F-1D49-8E52-70EA-9BE00FE955E0 (d0, q0, r0, m0, 'sensors/data', ... (9 bytes))
1764802251: Received PUBLISH from auto-69C00A29-28AB-5E55-E0CE-271F827A5601 (d0, q0, r0, m0, 'sensors/data', ... (15 bytes))
1764802251: Sending PUBLISH to auto-46FF714F-1D49-8E52-70EA-9BE00FE955E0 (d0, q0, r0, m0, 'sensors/data', ... (15 bytes))
1764802253: Received PINGREQ from auto-46FF714F-1D49-8E52-70EA-9BE00FE955E0
1764802253: Sending PINGRESP to auto-46FF714F-1D49-8E52-70EA-9BE00FE955E0
1764802257: Received PUBLISH from auto-69C00A29-28AB-5E55-E0CE-271F827A5601 (d0, q0, r0, m0, 'sensors/data', ... (16 bytes))
1764802257: Sending PUBLISH to auto-46FF714F-1D49-8E52-70EA-9BE00FE955E0 (d0, q0, r0, m0, 'sensors/data', ... (16 bytes))
1764802262: Received PUBLISH from auto-69C00A29-28AB-5E55-E0CE-271F827A5601 (d0, q0, r0, m0, 'sensors/data', ... (10 bytes))
1764802262: Sending PUBLISH to auto-46FF714F-1D49-8E52-70EA-9BE00FE955E0 (d0, q0, r0, m0, 'sensors/data', ... (10 bytes))
1764802267: Received PUBLISH from auto-69C00A29-28AB-5E55-E0CE-271F827A5601 (d0, q0, r0, m0, 'sensors/data', ... (15 bytes))
1764802267: Sending PUBLISH to auto-46FF714F-1D49-8E52-70EA-9BE00FE955E0 (d0, q0, r0, m0, 'sensors/data', ... (15 bytes))
1764802272: Received PUBLISH from auto-69C00A29-28AB-5E55-E0CE-271F827A5601 (d0, q0, r0, m0, 'sensors/data', ... (16 bytes))
1764802272: Sending PUBLISH to auto-46FF714F-1D49-8E52-70EA-9BE00FE955E0 (d0, q0, r0, m0, 'sensors/data', ... (16 bytes))
1764802277: Received PUBLISH from auto-69C00A29-28AB-5E55-E0CE-271F827A5601 (d0, q0, r0, m0, 'sensors/data', ... (16 bytes))
1764802277: Sending PUBLISH to auto-46FF714F-1D49-8E52-70EA-9BE00FE955E0 (d0, q0, r0, m0, 'sensors/data', ... (16 bytes))
1764802282: Received PUBLISH from auto-69C00A29-28AB-5E55-E0CE-271F827A5601 (d0, q0, r0, m0, 'sensors/data', ... (10 bytes))
1764802282: Sending PUBLISH to auto-46FF714F-1D49-8E52-70EA-9BE00FE955E0 (d0, q0, r0, m0, 'sensors/data', ... (10 bytes))
1764802287: Received PUBLISH from auto-69C00A29-28AB-5E55-E0CE-271F827A5601 (d0, q0, r0, m0, 'sensors/data', ... (15 bytes))
1764802287: Sending PUBLISH to auto-46FF714F-1D49-8E52-70EA-9BE00FE955E0 (d0, q0, r0, m0, 'sensors/data', ... (15 bytes))
1764802292: Received PUBLISH from auto-69C00A29-28AB-5E55-E0CE-271F827A5601 (d0, q0, r0, m0, 'sensors/data', ... (16 bytes))
1764802292: Sending PUBLISH to auto-46FF714F-1D49-8E52-70EA-9BE00FE955E0 (d0, q0, r0, m0, 'sensors/data', ... (16 bytes))
1764802297: Received PUBLISH from auto-69C00A29-28AB-5E55-E0CE-271F827A5601 (d0, q0, r0, m0, 'sensors/data', ... (16 bytes))
1764802297: Sending PUBLISH to auto-46FF714F-1D49-8E52-70EA-9BE00FE955E0 (d0, q0, r0, m0, 'sensors/data', ... (16 bytes))
1764802302: Received PUBLISH from auto-69C00A29-28AB-5E55-E0CE-271F827A5601 (d0, q0, r0, m0, 'sensors/data', ... (15 bytes))
1764802302: Sending PUBLISH to auto-46FF714F-1D49-8E52-70EA-9BE00FE955E0 (d0, q0, r0, m0, 'sensors/data', ... (15 bytes))
1764802307: Received PUBLISH from auto-69C00A29-28AB-5E55-E0CE-271F827A5601 (d0, q0, r0, m0, 'sensors/data', ... (15 bytes))
1764802307: Sending PUBLISH to auto-46FF714F-1D49-8E52-70EA-9BE00FE955E0 (d0, q0, r0, m0, 'sensors/data', ... (15 bytes))
1764802312: Received PUBLISH from auto-69C00A29-28AB-5E55-E0CE-271F827A5601 (d0, q0, r0, m0, 'sensors/data', ... (16 bytes))
1764802312: Sending PUBLISH to auto-46FF714F-1D49-8E52-70EA-9BE00FE955E0 (d0, q0, r0, m0, 'sensors/data', ... (16 bytes))
1764802314: Received PINGREQ from auto-46FF714F-1D49-8E52-70EA-9BE00FE955E0
1764802314: Sending PINGRESP to auto-46FF714F-1D49-8E52-70EA-9BE00FE955E0
1764802318: Received PUBLISH from auto-69C00A29-28AB-5E55-E0CE-271F827A5601 (d0, q0, r0, m0, 'sensors/data', ... (9 bytes))
1764802318: Sending PUBLISH to auto-46FF714F-1D49-8E52-70EA-9BE00FE955E0 (d0, q0, r0, m0, 'sensors/data', ... (9 bytes))
1764802323: Received PUBLISH from auto-69C00A29-28AB-5E55-E0CE-271F827A5601 (d0, q0, r0, m0, 'sensors/data', ... (16 bytes))
1764802323: Sending PUBLISH to auto-46FF714F-1D49-8E52-70EA-9BE00FE955E0 (d0, q0, r0, m0, 'sensors/data', ... (16 bytes))
1764802328: Received PUBLISH from auto-69C00A29-28AB-5E55-E0CE-271F827A5601 (d0, q0, r0, m0, 'sensors/data', ... (10 bytes))
1764802328: Sending PUBLISH to auto-46FF714F-1D49-8E52-70EA-9BE00FE955E0 (d0, q0, r0, m0, 'sensors/data', ... (10 bytes))
1764802333: Received PUBLISH from auto-69C00A29-28AB-5E55-E0CE-271F827A5601 (d0, q0, r0, m0, 'sensors/data', ... (16 bytes))
1764802333: Sending PUBLISH to auto-46FF714F-1D49-8E52-70EA-9BE00FE955E0 (d0, q0, r0, m0, 'sensors/data', ... (16 bytes))
1764802338: Received PUBLISH from auto-69C00A29-28AB-5E55-E0CE-271F827A5601 (d0, q0, r0, m0, 'sensors/data', ... (16 bytes))
1764802338: Sending PUBLISH to auto-46FF714F-1D49-8E52-70EA-9BE00FE955E0 (d0, q0, r0, m0, 'sensors/data', ... (16 bytes))
1764802343: Received PUBLISH from auto-69C00A29-28AB-5E55-E0CE-271F827A5601 (d0, q0, r0, m0, 'sensors/data', ... (16 bytes))
1764802343: Sending PUBLISH to auto-46FF714F-1D49-8E52-70EA-9BE00FE955E0 (d0, q0, r0, m0, 'sensors/data', ... (16 bytes))
1764802348: Received PUBLISH from auto-69C00A29-28AB-5E55-E0CE-271F827A5601 (d0, q0, r0, m0, 'sensors/data', ... (16 bytes))
1764802348: Sending PUBLISH to auto-46FF714F-1D49-8E52-70EA-9BE00FE955E0 (d0, q0, r0, m0, 'sensors/data', ... (16 bytes))
1764802353: Received PUBLISH from auto-69C00A29-28AB-5E55-E0CE-271F827A5601 (d0, q0, r0, m0, 'sensors/data', ... (16 bytes))
1764802353: Sending PUBLISH to auto-46FF714F-1D49-8E52-70EA-9BE00FE955E0 (d0, q0, r0, m0, 'sensors/data', ... (16 bytes))
1764802358: Received PUBLISH from auto-69C00A29-28AB-5E55-E0CE-271F827A5601 (d0, q0, r0, m0, 'sensors/data', ... (16 bytes))
1764802358: Sending PUBLISH to auto-46FF714F-1D49-8E52-70EA-9BE00FE955E0 (d0, q0, r0, m0, 'sensors/data', ... (16 bytes))
1764802363: Received PUBLISH from auto-69C00A29-28AB-5E55-E0CE-271F827A5601 (d0, q0, r0, m0, 'sensors/data', ... (16 bytes))
1764802363: Sending PUBLISH to auto-46FF714F-1D49-8E52-70EA-9BE00FE955E0 (d0, q0, r0, m0, 'sensors/data', ... (16 bytes))
1764802368: Received PUBLISH from auto-69C00A29-28AB-5E55-E0CE-271F827A5601 (d0, q0, r0, m0, 'sensors/data', ... (16 bytes))
1764802368: Sending PUBLISH to auto-46FF714F-1D49-8E52-70EA-9BE00FE955E0 (d0, q0, r0, m0, 'sensors/data', ... (16 bytes))
1764802373: Received PUBLISH from auto-69C00A29-28AB-5E55-E0CE-271F827A5601 (d0, q0, r0, m0, 'sensors/data', ... (16 bytes))
1764802373: Sending PUBLISH to auto-46FF714F-1D49-8E52-70EA-9BE00FE955E0 (d0, q0, r0, m0, 'sensors/data', ... (16 bytes))
1764802374: Received PINGREQ from auto-46FF714F-1D49-8E52-70EA-9BE00FE955E0
1764802374: Sending PINGRESP to auto-46FF714F-1D49-8E52-70EA-9BE00FE955E0
1764802378: Received PUBLISH from auto-69C00A29-28AB-5E55-E0CE-271F827A5601 (d0, q0, r0, m0, 'sensors/data', ... (16 bytes))
1764802378: Sending PUBLISH to auto-46FF714F-1D49-8E52-70EA-9BE00FE955E0 (d0, q0, r0, m0, 'sensors/data', ... (16 bytes))
1764802384: Received PUBLISH from auto-69C00A29-28AB-5E55-E0CE-271F827A5601 (d0, q0, r0, m0, 'sensors/data', ... (9 bytes))
1764802384: Sending PUBLISH to auto-46FF714F-1D49-8E52-70EA-9BE00FE955E0 (d0, q0, r0, m0, 'sensors/data', ... (9 bytes))
1764802389: Received PUBLISH from auto-69C00A29-28AB-5E55-E0CE-271F827A5601 (d0, q0, r0, m0, 'sensors/data', ... (16 bytes))
1764802389: Sending PUBLISH to auto-46FF714F-1D49-8E52-70EA-9BE00FE955E0 (d0, q0, r0, m0, 'sensors/data', ... (16 bytes))
1764802394: Received PUBLISH from auto-69C00A29-28AB-5E55-E0CE-271F827A5601 (d0, q0, r0, m0, 'sensors/data', ... (10 bytes))
1764802394: Sending PUBLISH to auto-46FF714F-1D49-8E52-70EA-9BE00FE955E0 (d0, q0, r0, m0, 'sensors/data', ... (10 bytes))
1764802399: Received PUBLISH from auto-69C00A29-28AB-5E55-E0CE-271F827A5601 (d0, q0, r0, m0, 'sensors/data', ... (15 bytes))
1764802399: Sending PUBLISH to auto-46FF714F-1D49-8E52-70EA-9BE00FE955E0 (d0, q0, r0, m0, 'sensors/data', ... (15 bytes))
1764802404: Received PUBLISH from auto-69C00A29-28AB-5E55-E0CE-271F827A5601 (d0, q0, r0, m0, 'sensors/data', ... (10 bytes))
1764802404: Sending PUBLISH to auto-46FF714F-1D49-8E52-70EA-9BE00FE955E0 (d0, q0, r0, m0, 'sensors/data', ... (10 bytes))
1764802409: Received PUBLISH from auto-69C00A29-28AB-5E55-E0CE-271F827A5601 (d0, q0, r0, m0, 'sensors/data', ... (15 bytes))
1764802409: Sending PUBLISH to auto-46FF714F-1D49-8E52-70EA-9BE00FE955E0 (d0, q0, r0, m0, 'sensors/data', ... (15 bytes))
1764802414: Received PUBLISH from auto-69C00A29-28AB-5E55-E0CE-271F827A5601 (d0, q0, r0, m0, 'sensors/data', ... (16 bytes))
1764802414: Sending PUBLISH to auto-46FF714F-1D49-8E52-70EA-9BE00FE955E0 (d0, q0, r0, m0, 'sensors/data', ... (16 bytes))
1764802419: Received PUBLISH from auto-69C00A29-28AB-5E55-E0CE-271F827A5601 (d0, q0, r0, m0, 'sensors/data', ... (9 bytes))
1764802419: Sending PUBLISH to auto-46FF714F-1D49-8E52-70EA-9BE00FE955E0 (d0, q0, r0, m0, 'sensors/data', ... (9 bytes))
1764802424: Received PUBLISH from auto-69C00A29-28AB-5E55-E0CE-271F827A5601 (d0, q0, r0, m0, 'sensors/data', ... (10 bytes))
1764802424: Sending PUBLISH to auto-46FF714F-1D49-8E52-70EA-9BE00FE955E0 (d0, q0, r0, m0, 'sensors/data', ... (10 bytes))
1764802429: Received PUBLISH from auto-69C00A29-28AB-5E55-E0CE-271F827A5601 (d0, q0, r0, m0, 'sensors/data', ... (10 bytes))
1764802429: Sending PUBLISH to auto-46FF714F-1D49-8E52-70EA-9BE00FE955E0 (d0, q0, r0, m0, 'sensors/data', ... (10 bytes))
1764802434: Received PUBLISH from auto-69C00A29-28AB-5E55-E0CE-271F827A5601 (d0, q0, r0, m0, 'sensors/data', ... (16 bytes))
1764802434: Sending PUBLISH to auto-46FF714F-1D49-8E52-70EA-9BE00FE955E0 (d0, q0, r0, m0, 'sensors/data', ... (16 bytes))
1764802435: Received PINGREQ from auto-46FF714F-1D49-8E52-70EA-9BE00FE955E0
1764802435: Sending PINGRESP to auto-46FF714F-1D49-8E52-70EA-9BE00FE955E0
1764802439: Received PUBLISH from auto-69C00A29-28AB-5E55-E0CE-271F827A5601 (d0, q0, r0, m0, 'sensors/data', ... (10 bytes))
1764802439: Sending PUBLISH to auto-46FF714F-1D49-8E52-70EA-9BE00FE955E0 (d0, q0, r0, m0, 'sensors/data', ... (10 bytes))
1764802445: Received PUBLISH from auto-69C00A29-28AB-5E55-E0CE-271F827A5601 (d0, q0, r0, m0, 'sensors/data', ... (16 bytes))
1764802445: Sending PUBLISH to auto-46FF714F-1D49-8E52-70EA-9BE00FE955E0 (d0, q0, r0, m0, 'sensors/data', ... (16 bytes))
1764802450: Received PUBLISH from auto-69C00A29-28AB-5E55-E0CE-271F827A5601 (d0, q0, r0, m0, 'sensors/data', ... (16 bytes))
1764802450: Sending PUBLISH to auto-46FF714F-1D49-8E52-70EA-9BE00FE955E0 (d0, q0, r0, m0, 'sensors/data', ... (16 bytes))
1764802455: Received PUBLISH from auto-69C00A29-28AB-5E55-E0CE-271F827A5601 (d0, q0, r0, m0, 'sensors/data', ... (16 bytes))
1764802455: Sending PUBLISH to auto-46FF714F-1D49-8E52-70EA-9BE00FE955E0 (d0, q0, r0, m0, 'sensors/data', ... (16 bytes))
1764802460: Received PUBLISH from auto-69C00A29-28AB-5E55-E0CE-271F827A5601 (d0, q0, r0, m0, 'sensors/data', ... (10 bytes))
1764802460: Sending PUBLISH to auto-46FF714F-1D49-8E52-70EA-9BE00FE955E0 (d0, q0, r0, m0, 'sensors/data', ... (10 bytes))
1764802465: Received PUBLISH from auto-69C00A29-28AB-5E55-E0CE-271F827A5601 (d0, q0, r0, m0, 'sensors/data', ... (10 bytes))
1764802465: Sending PUBLISH to auto-46FF714F-1D49-8E52-70EA-9BE00FE955E0 (d0, q0, r0, m0, 'sensors/data', ... (10 bytes))
1764802470: Received PUBLISH from auto-69C00A29-28AB-5E55-E0CE-271F827A5601 (d0, q0, r0, m0, 'sensors/data', ... (9 bytes))
1764802470: Sending PUBLISH to auto-46FF714F-1D49-8E52-70EA-9BE00FE955E0 (d0, q0, r0, m0, 'sensors/data', ... (9 bytes))
1764802475: Received PUBLISH from auto-69C00A29-28AB-5E55-E0CE-271F827A5601 (d0, q0, r0, m0, 'sensors/data', ... (16 bytes))
1764802475: Sending PUBLISH to auto-46FF714F-1D49-8E52-70EA-9BE00FE955E0 (d0, q0, r0, m0, 'sensors/data', ... (16 bytes))
1764802480: Received PUBLISH from auto-69C00A29-28AB-5E55-E0CE-271F827A5601 (d0, q0, r0, m0, 'sensors/data', ... (15 bytes))
1764802480: Sending PUBLISH to auto-46FF714F-1D49-8E52-70EA-9BE00FE955E0 (d0, q0, r0, m0, 'sensors/data', ... (15 bytes))
1764802485: Received PUBLISH from auto-69C00A29-28AB-5E55-E0CE-271F827A5601 (d0, q0, r0, m0, 'sensors/data', ... (16 bytes))
1764802485: Sending PUBLISH to auto-46FF714F-1D49-8E52-70EA-9BE00FE955E0 (d0, q0, r0, m0, 'sensors/data', ... (16 bytes))
1764802490: Received PUBLISH from auto-69C00A29-28AB-5E55-E0CE-271F827A5601 (d0, q0, r0, m0, 'sensors/data', ... (16 bytes))
1764802490: Sending PUBLISH to auto-46FF714F-1D49-8E52-70EA-9BE00FE955E0 (d0, q0, r0, m0, 'sensors/data', ... (16 bytes))
1764802495: Received PUBLISH from auto-69C00A29-28AB-5E55-E0CE-271F827A5601 (d0, q0, r0, m0, 'sensors/data', ... (16 bytes))
1764802495: Sending PUBLISH to auto-46FF714F-1D49-8E52-70EA-9BE00FE955E0 (d0, q0, r0, m0, 'sensors/data', ... (16 bytes))
1764802496: Received PINGREQ from auto-46FF714F-1D49-8E52-70EA-9BE00FE955E0
1764802496: Sending PINGRESP to auto-46FF714F-1D49-8E52-70EA-9BE00FE955E0
1764802500: Received PUBLISH from auto-69C00A29-28AB-5E55-E0CE-271F827A5601 (d0, q0, r0, m0, 'sensors/data', ... (16 bytes))
1764802500: Sending PUBLISH to auto-46FF714F-1D49-8E52-70EA-9BE00FE955E0 (d0, q0, r0, m0, 'sensors/data', ... (16 bytes))
1764802506: Received PUBLISH from auto-69C00A29-28AB-5E55-E0CE-271F827A5601 (d0, q0, r0, m0, 'sensors/data', ... (16 bytes))
1764802506: Sending PUBLISH to auto-46FF714F-1D49-8E52-70EA-9BE00FE955E0 (d0, q0, r0, m0, 'sensors/data', ... (16 bytes))
1764802511: Received PUBLISH from auto-69C00A29-28AB-5E55-E0CE-271F827A5601 (d0, q0, r0, m0, 'sensors/data', ... (10 bytes))
1764802511: Sending PUBLISH to auto-46FF714F-1D49-8E52-70EA-9BE00FE955E0 (d0, q0, r0, m0, 'sensors/data', ... (10 bytes))
1764802516: Received PUBLISH from auto-69C00A29-28AB-5E55-E0CE-271F827A5601 (d0, q0, r0, m0, 'sensors/data', ... (10 bytes))
1764802516: Sending PUBLISH to auto-46FF714F-1D49-8E52-70EA-9BE00FE955E0 (d0, q0, r0, m0, 'sensors/data', ... (10 bytes))
1764802521: Received PUBLISH from auto-69C00A29-28AB-5E55-E0CE-271F827A5601 (d0, q0, r0, m0, 'sensors/data', ... (15 bytes))
1764802521: Sending PUBLISH to auto-46FF714F-1D49-8E52-70EA-9BE00FE955E0 (d0, q0, r0, m0, 'sensors/data', ... (15 bytes))
1764802526: Received PUBLISH from auto-69C00A29-28AB-5E55-E0CE-271F827A5601 (d0, q0, r0, m0, 'sensors/data', ... (16 bytes))
1764802526: Sending PUBLISH to auto-46FF714F-1D49-8E52-70EA-9BE00FE955E0 (d0, q0, r0, m0, 'sensors/data', ... (16 bytes))
1764802531: Received PUBLISH from auto-69C00A29-28AB-5E55-E0CE-271F827A5601 (d0, q0, r0, m0, 'sensors/data', ... (16 bytes))
1764802531: Sending PUBLISH to auto-46FF714F-1D49-8E52-70EA-9BE00FE955E0 (d0, q0, r0, m0, 'sensors/data', ... (16 bytes))
1764802536: Received PUBLISH from auto-69C00A29-28AB-5E55-E0CE-271F827A5601 (d0, q0, r0, m0, 'sensors/data', ... (16 bytes))
1764802536: Sending PUBLISH to auto-46FF714F-1D49-8E52-70EA-9BE00FE955E0 (d0, q0, r0, m0, 'sensors/data', ... (16 bytes))
1764802541: Received PUBLISH from auto-69C00A29-28AB-5E55-E0CE-271F827A5601 (d0, q0, r0, m0, 'sensors/data', ... (10 bytes))
1764802541: Sending PUBLISH to auto-46FF714F-1D49-8E52-70EA-9BE00FE955E0 (d0, q0, r0, m0, 'sensors/data', ... (10 bytes))
1764802546: Received PUBLISH from auto-69C00A29-28AB-5E55-E0CE-271F827A5601 (d0, q0, r0, m0, 'sensors/data', ... (10 bytes))
1764802546: Sending PUBLISH to auto-46FF714F-1D49-8E52-70EA-9BE00FE955E0 (d0, q0, r0, m0, 'sensors/data', ... (10 bytes))
1764802551: Received PUBLISH from auto-69C00A29-28AB-5E55-E0CE-271F827A5601 (d0, q0, r0, m0, 'sensors/data', ... (16 bytes))
1764802551: Sending PUBLISH to auto-46FF714F-1D49-8E52-70EA-9BE00FE955E0 (d0, q0, r0, m0, 'sensors/data', ... (16 bytes))
1764802556: Received PUBLISH from auto-69C00A29-28AB-5E55-E0CE-271F827A5601 (d0, q0, r0, m0, 'sensors/data', ... (16 bytes))
1764802556: Sending PUBLISH to auto-46FF714F-1D49-8E52-70EA-9BE00FE955E0 (d0, q0, r0, m0, 'sensors/data', ... (16 bytes))
1764802557: Received PINGREQ from auto-46FF714F-1D49-8E52-70EA-9BE00FE955E0
1764802557: Sending PINGRESP to auto-46FF714F-1D49-8E52-70EA-9BE00FE955E0
1764802561: Received PUBLISH from auto-69C00A29-28AB-5E55-E0CE-271F827A5601 (d0, q0, r0, m0, 'sensors/data', ... (16 bytes))
1764802561: Sending PUBLISH to auto-46FF714F-1D49-8E52-70EA-9BE00FE955E0 (d0, q0, r0, m0, 'sensors/data', ... (16 bytes))
1764802566: Received PUBLISH from auto-69C00A29-28AB-5E55-E0CE-271F827A5601 (d0, q0, r0, m0, 'sensors/data', ... (10 bytes))
1764802566: Sending PUBLISH to auto-46FF714F-1D49-8E52-70EA-9BE00FE955E0 (d0, q0, r0, m0, 'sensors/data', ... (10 bytes))
1764802572: Received PUBLISH from auto-69C00A29-28AB-5E55-E0CE-271F827A5601 (d0, q0, r0, m0, 'sensors/data', ... (10 bytes))
1764802572: Sending PUBLISH to auto-46FF714F-1D49-8E52-70EA-9BE00FE955E0 (d0, q0, r0, m0, 'sensors/data', ... (10 bytes))
1764802577: Received PUBLISH from auto-69C00A29-28AB-5E55-E0CE-271F827A5601 (d0, q0, r0, m0, 'sensors/data', ... (10 bytes))
1764802577: Sending PUBLISH to auto-46FF714F-1D49-8E52-70EA-9BE00FE955E0 (d0, q0, r0, m0, 'sensors/data', ... (10 bytes))
1764802582: Received PUBLISH from auto-69C00A29-28AB-5E55-E0CE-271F827A5601 (d0, q0, r0, m0, 'sensors/data', ... (10 bytes))
1764802582: Sending PUBLISH to auto-46FF714F-1D49-8E52-70EA-9BE00FE955E0 (d0, q0, r0, m0, 'sensors/data', ... (10 bytes))
1764802587: Received PUBLISH from auto-69C00A29-28AB-5E55-E0CE-271F827A5601 (d0, q0, r0, m0, 'sensors/data', ... (10 bytes))
1764802587: Sending PUBLISH to auto-46FF714F-1D49-8E52-70EA-9BE00FE955E0 (d0, q0, r0, m0, 'sensors/data', ... (10 bytes))
1764802592: Received PUBLISH from auto-69C00A29-28AB-5E55-E0CE-271F827A5601 (d0, q0, r0, m0, 'sensors/data', ... (10 bytes))
1764802592: Sending PUBLISH to auto-46FF714F-1D49-8E52-70EA-9BE00FE955E0 (d0, q0, r0, m0, 'sensors/data', ... (10 bytes))
1764802597: Received PUBLISH from auto-69C00A29-28AB-5E55-E0CE-271F827A5601 (d0, q0, r0, m0, 'sensors/data', ... (15 bytes))
1764802597: Sending PUBLISH to auto-46FF714F-1D49-8E52-70EA-9BE00FE955E0 (d0, q0, r0, m0, 'sensors/data', ... (15 bytes))
1764802602: Received PUBLISH from auto-69C00A29-28AB-5E55-E0CE-271F827A5601 (d0, q0, r0, m0, 'sensors/data', ... (16 bytes))
1764802602: Sending PUBLISH to auto-46FF714F-1D49-8E52-70EA-9BE00FE955E0 (d0, q0, r0, m0, 'sensors/data', ... (16 bytes))
1764802607: Received PUBLISH from auto-69C00A29-28AB-5E55-E0CE-271F827A5601 (d0, q0, r0, m0, 'sensors/data', ... (16 bytes))
1764802607: Sending PUBLISH to auto-46FF714F-1D49-8E52-70EA-9BE00FE955E0 (d0, q0, r0, m0, 'sensors/data', ... (16 bytes))
1764802612: Received PUBLISH from auto-69C00A29-28AB-5E55-E0CE-271F827A5601 (d0, q0, r0, m0, 'sensors/data', ... (16 bytes))
1764802612: Sending PUBLISH to auto-46FF714F-1D49-8E52-70EA-9BE00FE955E0 (d0, q0, r0, m0, 'sensors/data', ... (16 bytes))
1764802617: Received PUBLISH from auto-69C00A29-28AB-5E55-E0CE-271F827A5601 (d0, q0, r0, m0, 'sensors/data', ... (16 bytes))
1764802617: Sending PUBLISH to auto-46FF714F-1D49-8E52-70EA-9BE00FE955E0 (d0, q0, r0, m0, 'sensors/data', ... (16 bytes))
1764802618: Received PINGREQ from auto-46FF714F-1D49-8E52-70EA-9BE00FE955E0
1764802618: Sending PINGRESP to auto-46FF714F-1D49-8E52-70EA-9BE00FE955E0
1764802622: Received PUBLISH from auto-69C00A29-28AB-5E55-E0CE-271F827A5601 (d0, q0, r0, m0, 'sensors/data', ... (16 bytes))
1764802622: Sending PUBLISH to auto-46FF714F-1D49-8E52-70EA-9BE00FE955E0 (d0, q0, r0, m0, 'sensors/data', ... (16 bytes))
1764802627: Received PUBLISH from auto-69C00A29-28AB-5E55-E0CE-271F827A5601 (d0, q0, r0, m0, 'sensors/data', ... (10 bytes))
1764802627: Sending PUBLISH to auto-46FF714F-1D49-8E52-70EA-9BE00FE955E0 (d0, q0, r0, m0, 'sensors/data', ... (10 bytes))
1764802633: Received PUBLISH from auto-69C00A29-28AB-5E55-E0CE-271F827A5601 (d0, q0, r0, m0, 'sensors/data', ... (16 bytes))
1764802633: Sending PUBLISH to auto-46FF714F-1D49-8E52-70EA-9BE00FE955E0 (d0, q0, r0, m0, 'sensors/data', ... (16 bytes))
1764802638: Received PUBLISH from auto-69C00A29-28AB-5E55-E0CE-271F827A5601 (d0, q0, r0, m0, 'sensors/data', ... (16 bytes))
1764802638: Sending PUBLISH to auto-46FF714F-1D49-8E52-70EA-9BE00FE955E0 (d0, q0, r0, m0, 'sensors/data', ... (16 bytes))
1764802643: Received PUBLISH from auto-69C00A29-28AB-5E55-E0CE-271F827A5601 (d0, q0, r0, m0, 'sensors/data', ... (16 bytes))
1764802643: Sending PUBLISH to auto-46FF714F-1D49-8E52-70EA-9BE00FE955E0 (d0, q0, r0, m0, 'sensors/data', ... (16 bytes))
1764802648: Received PUBLISH from auto-69C00A29-28AB-5E55-E0CE-271F827A5601 (d0, q0, r0, m0, 'sensors/data', ... (15 bytes))
1764802648: Sending PUBLISH to auto-46FF714F-1D49-8E52-70EA-9BE00FE955E0 (d0, q0, r0, m0, 'sensors/data', ... (15 bytes))
1764802653: Received PUBLISH from auto-69C00A29-28AB-5E55-E0CE-271F827A5601 (d0, q0, r0, m0, 'sensors/data', ... (16 bytes))
1764802653: Sending PUBLISH to auto-46FF714F-1D49-8E52-70EA-9BE00FE955E0 (d0, q0, r0, m0, 'sensors/data', ... (16 bytes))
1764802658: Received PUBLISH from auto-69C00A29-28AB-5E55-E0CE-271F827A5601 (d0, q0, r0, m0, 'sensors/data', ... (16 bytes))
1764802658: Sending PUBLISH to auto-46FF714F-1D49-8E52-70EA-9BE00FE955E0 (d0, q0, r0, m0, 'sensors/data', ... (16 bytes))
1764802663: Received PUBLISH from auto-69C00A29-28AB-5E55-E0CE-271F827A5601 (d0, q0, r0, m0, 'sensors/data', ... (10 bytes))
1764802663: Sending PUBLISH to auto-46FF714F-1D49-8E52-70EA-9BE00FE955E0 (d0, q0, r0, m0, 'sensors/data', ... (10 bytes))
1764802668: Received PUBLISH from auto-69C00A29-28AB-5E55-E0CE-271F827A5601 (d0, q0, r0, m0, 'sensors/data', ... (16 bytes))
1764802668: Sending PUBLISH to auto-46FF714F-1D49-8E52-70EA-9BE00FE955E0 (d0, q0, r0, m0, 'sensors/data', ... (16 bytes))
1764802673: Received PUBLISH from auto-69C00A29-28AB-5E55-E0CE-271F827A5601 (d0, q0, r0, m0, 'sensors/data', ... (16 bytes))
1764802673: Sending PUBLISH to auto-46FF714F-1D49-8E52-70EA-9BE00FE955E0 (d0, q0, r0, m0, 'sensors/data', ... (16 bytes))
1764802678: Received PUBLISH from auto-69C00A29-28AB-5E55-E0CE-271F827A5601 (d0, q0, r0, m0, 'sensors/data', ... (16 bytes))
1764802678: Sending PUBLISH to auto-46FF714F-1D49-8E52-70EA-9BE00FE955E0 (d0, q0, r0, m0, 'sensors/data', ... (16 bytes))
1764802679: Received PINGREQ from auto-46FF714F-1D49-8E52-70EA-9BE00FE955E0
1764802679: Sending PINGRESP to auto-46FF714F-1D49-8E52-70EA-9BE00FE955E0
1764802683: Received PUBLISH from auto-69C00A29-28AB-5E55-E0CE-271F827A5601 (d0, q0, r0, m0, 'sensors/data', ... (16 bytes))
1764802683: Sending PUBLISH to auto-46FF714F-1D49-8E52-70EA-9BE00FE955E0 (d0, q0, r0, m0, 'sensors/data', ... (16 bytes))
1764802688: Received PUBLISH from auto-69C00A29-28AB-5E55-E0CE-271F827A5601 (d0, q0, r0, m0, 'sensors/data', ... (16 bytes))
1764802688: Sending PUBLISH to auto-46FF714F-1D49-8E52-70EA-9BE00FE955E0 (d0, q0, r0, m0, 'sensors/data', ... (16 bytes))
1764802694: Received PUBLISH from auto-69C00A29-28AB-5E55-E0CE-271F827A5601 (d0, q0, r0, m0, 'sensors/data', ... (16 bytes))
1764802694: Sending PUBLISH to auto-46FF714F-1D49-8E52-70EA-9BE00FE955E0 (d0, q0, r0, m0, 'sensors/data', ... (16 bytes))
1764802699: Received PUBLISH from auto-69C00A29-28AB-5E55-E0CE-271F827A5601 (d0, q0, r0, m0, 'sensors/data', ... (10 bytes))
1764802699: Sending PUBLISH to auto-46FF714F-1D49-8E52-70EA-9BE00FE955E0 (d0, q0, r0, m0, 'sensors/data', ... (10 bytes))
1764802704: Received PUBLISH from auto-69C00A29-28AB-5E55-E0CE-271F827A5601 (d0, q0, r0, m0, 'sensors/data', ... (10 bytes))
1764802704: Sending PUBLISH to auto-46FF714F-1D49-8E52-70EA-9BE00FE955E0 (d0, q0, r0, m0, 'sensors/data', ... (10 bytes))
1764802709: Received PUBLISH from auto-69C00A29-28AB-5E55-E0CE-271F827A5601 (d0, q0, r0, m0, 'sensors/data', ... (16 bytes))
1764802709: Sending PUBLISH to auto-46FF714F-1D49-8E52-70EA-9BE00FE955E0 (d0, q0, r0, m0, 'sensors/data', ... (16 bytes))
1764802714: Received PUBLISH from auto-69C00A29-28AB-5E55-E0CE-271F827A5601 (d0, q0, r0, m0, 'sensors/data', ... (16 bytes))
1764802714: Sending PUBLISH to auto-46FF714F-1D49-8E52-70EA-9BE00FE955E0 (d0, q0, r0, m0, 'sensors/data', ... (16 bytes))
1764802719: Received PUBLISH from auto-69C00A29-28AB-5E55-E0CE-271F827A5601 (d0, q0, r0, m0, 'sensors/data', ... (16 bytes))
1764802719: Sending PUBLISH to auto-46FF714F-1D49-8E52-70EA-9BE00FE955E0 (d0, q0, r0, m0, 'sensors/data', ... (16 bytes))
1764802724: Received PUBLISH from auto-69C00A29-28AB-5E55-E0CE-271F827A5601 (d0, q0, r0, m0, 'sensors/data', ... (16 bytes))
1764802724: Sending PUBLISH to auto-46FF714F-1D49-8E52-70EA-9BE00FE955E0 (d0, q0, r0, m0, 'sensors/data', ... (16 bytes))
1764802729: Received PUBLISH from auto-69C00A29-28AB-5E55-E0CE-271F827A5601 (d0, q0, r0, m0, 'sensors/data', ... (16 bytes))
1764802729: Sending PUBLISH to auto-46FF714F-1D49-8E52-70EA-9BE00FE955E0 (d0, q0, r0, m0, 'sensors/data', ... (16 bytes))
1764802734: Received PUBLISH from auto-69C00A29-28AB-5E55-E0CE-271F827A5601 (d0, q0, r0, m0, 'sensors/data', ... (9 bytes))
1764802734: Sending PUBLISH to auto-46FF714F-1D49-8E52-70EA-9BE00FE955E0 (d0, q0, r0, m0, 'sensors/data', ... (9 bytes))
1764802739: Received PUBLISH from auto-69C00A29-28AB-5E55-E0CE-271F827A5601 (d0, q0, r0, m0, 'sensors/data', ... (10 bytes))
1764802739: Sending PUBLISH to auto-46FF714F-1D49-8E52-70EA-9BE00FE955E0 (d0, q0, r0, m0, 'sensors/data', ... (10 bytes))
1764802740: Received PINGREQ from auto-46FF714F-1D49-8E52-70EA-9BE00FE955E0
1764802740: Sending PINGRESP to auto-46FF714F-1D49-8E52-70EA-9BE00FE955E0
1764802744: Received PUBLISH from auto-69C00A29-28AB-5E55-E0CE-271F827A5601 (d0, q0, r0, m0, 'sensors/data', ... (9 bytes))
1764802744: Sending PUBLISH to auto-46FF714F-1D49-8E52-70EA-9BE00FE955E0 (d0, q0, r0, m0, 'sensors/data', ... (9 bytes))
1764802749: Received PUBLISH from auto-69C00A29-28AB-5E55-E0CE-271F827A5601 (d0, q0, r0, m0, 'sensors/data', ... (16 bytes))
1764802749: Sending PUBLISH to auto-46FF714F-1D49-8E52-70EA-9BE00FE955E0 (d0, q0, r0, m0, 'sensors/data', ... (16 bytes))
1764802754: Received PUBLISH from auto-69C00A29-28AB-5E55-E0CE-271F827A5601 (d0, q0, r0, m0, 'sensors/data', ... (9 bytes))
1764802754: Sending PUBLISH to auto-46FF714F-1D49-8E52-70EA-9BE00FE955E0 (d0, q0, r0, m0, 'sensors/data', ... (9 bytes))
1764802760: Received PUBLISH from auto-69C00A29-28AB-5E55-E0CE-271F827A5601 (d0, q0, r0, m0, 'sensors/data', ... (15 bytes))
1764802760: Sending PUBLISH to auto-46FF714F-1D49-8E52-70EA-9BE00FE955E0 (d0, q0, r0, m0, 'sensors/data', ... (15 bytes))
1764802765: Received PUBLISH from auto-69C00A29-28AB-5E55-E0CE-271F827A5601 (d0, q0, r0, m0, 'sensors/data', ... (16 bytes))
1764802765: Sending PUBLISH to auto-46FF714F-1D49-8E52-70EA-9BE00FE955E0 (d0, q0, r0, m0, 'sensors/data', ... (16 bytes))
1764802770: Received PUBLISH from auto-69C00A29-28AB-5E55-E0CE-271F827A5601 (d0, q0, r0, m0, 'sensors/data', ... (10 bytes))
1764802770: Sending PUBLISH to auto-46FF714F-1D49-8E52-70EA-9BE00FE955E0 (d0, q0, r0, m0, 'sensors/data', ... (10 bytes))
1764802775: Received PUBLISH from auto-69C00A29-28AB-5E55-E0CE-271F827A5601 (d0, q0, r0, m0, 'sensors/data', ... (16 bytes))
1764802775: Sending PUBLISH to auto-46FF714F-1D49-8E52-70EA-9BE00FE955E0 (d0, q0, r0, m0, 'sensors/data', ... (16 bytes))
1764802780: Received PUBLISH from auto-69C00A29-28AB-5E55-E0CE-271F827A5601 (d0, q0, r0, m0, 'sensors/data', ... (10 bytes))
1764802780: Sending PUBLISH to auto-46FF714F-1D49-8E52-70EA-9BE00FE955E0 (d0, q0, r0, m0, 'sensors/data', ... (10 bytes))
1764802785: Received PUBLISH from auto-69C00A29-28AB-5E55-E0CE-271F827A5601 (d0, q0, r0, m0, 'sensors/data', ... (10 bytes))
1764802785: Sending PUBLISH to auto-46FF714F-1D49-8E52-70EA-9BE00FE955E0 (d0, q0, r0, m0, 'sensors/data', ... (10 bytes))
1764802790: Received PUBLISH from auto-69C00A29-28AB-5E55-E0CE-271F827A5601 (d0, q0, r0, m0, 'sensors/data', ... (10 bytes))
1764802790: Sending PUBLISH to auto-46FF714F-1D49-8E52-70EA-9BE00FE955E0 (d0, q0, r0, m0, 'sensors/data', ... (10 bytes))
1764802795: Received PUBLISH from auto-69C00A29-28AB-5E55-E0CE-271F827A5601 (d0, q0, r0, m0, 'sensors/data', ... (10 bytes))
1764802795: Sending PUBLISH to auto-46FF714F-1D49-8E52-70EA-9BE00FE955E0 (d0, q0, r0, m0, 'sensors/data', ... (10 bytes))
1764802800: Received PUBLISH from auto-69C00A29-28AB-5E55-E0CE-271F827A5601 (d0, q0, r0, m0, 'sensors/data', ... (16 bytes))
1764802800: Sending PUBLISH to auto-46FF714F-1D49-8E52-70EA-9BE00FE955E0 (d0, q0, r0, m0, 'sensors/data', ... (16 bytes))
1764802801: Received PINGREQ from auto-46FF714F-1D49-8E52-70EA-9BE00FE955E0
1764802801: Sending PINGRESP to auto-46FF714F-1D49-8E52-70EA-9BE00FE955E0
1764802805: Received PUBLISH from auto-69C00A29-28AB-5E55-E0CE-271F827A5601 (d0, q0, r0, m0, 'sensors/data', ... (16 bytes))
1764802805: Sending PUBLISH to auto-46FF714F-1D49-8E52-70EA-9BE00FE955E0 (d0, q0, r0, m0, 'sensors/data', ... (16 bytes))
1764802810: Received PUBLISH from auto-69C00A29-28AB-5E55-E0CE-271F827A5601 (d0, q0, r0, m0, 'sensors/data', ... (16 bytes))
1764802810: Sending PUBLISH to auto-46FF714F-1D49-8E52-70EA-9BE00FE955E0 (d0, q0, r0, m0, 'sensors/data', ... (16 bytes))
1764802815: Received PUBLISH from auto-69C00A29-28AB-5E55-E0CE-271F827A5601 (d0, q0, r0, m0, 'sensors/data', ... (16 bytes))
1764802815: Sending PUBLISH to auto-46FF714F-1D49-8E52-70EA-9BE00FE955E0 (d0, q0, r0, m0, 'sensors/data', ... (16 bytes))
1764802821: Received PUBLISH from auto-69C00A29-28AB-5E55-E0CE-271F827A5601 (d0, q0, r0, m0, 'sensors/data', ... (16 bytes))
1764802821: Sending PUBLISH to auto-46FF714F-1D49-8E52-70EA-9BE00FE955E0 (d0, q0, r0, m0, 'sensors/data', ... (16 bytes))
1764802826: Received PUBLISH from auto-69C00A29-28AB-5E55-E0CE-271F827A5601 (d0, q0, r0, m0, 'sensors/data', ... (16 bytes))
1764802826: Sending PUBLISH to auto-46FF714F-1D49-8E52-70EA-9BE00FE955E0 (d0, q0, r0, m0, 'sensors/data', ... (16 bytes))
1764802831: Received PUBLISH from auto-69C00A29-28AB-5E55-E0CE-271F827A5601 (d0, q0, r0, m0, 'sensors/data', ... (10 bytes))
1764802831: Sending PUBLISH to auto-46FF714F-1D49-8E52-70EA-9BE00FE955E0 (d0, q0, r0, m0, 'sensors/data', ... (10 bytes))
1764802836: Received PUBLISH from auto-69C00A29-28AB-5E55-E0CE-271F827A5601 (d0, q0, r0, m0, 'sensors/data', ... (16 bytes))
1764802836: Sending PUBLISH to auto-46FF714F-1D49-8E52-70EA-9BE00FE955E0 (d0, q0, r0, m0, 'sensors/data', ... (16 bytes))
1764802841: Received PUBLISH from auto-69C00A29-28AB-5E55-E0CE-271F827A5601 (d0, q0, r0, m0, 'sensors/data', ... (16 bytes))
1764802841: Sending PUBLISH to auto-46FF714F-1D49-8E52-70EA-9BE00FE955E0 (d0, q0, r0, m0, 'sensors/data', ... (16 bytes))
1764802846: Received PUBLISH from auto-69C00A29-28AB-5E55-E0CE-271F827A5601 (d0, q0, r0, m0, 'sensors/data', ... (10 bytes))
1764802846: Sending PUBLISH to auto-46FF714F-1D49-8E52-70EA-9BE00FE955E0 (d0, q0, r0, m0, 'sensors/data', ... (10 bytes))
1764802851: Received PUBLISH from auto-69C00A29-28AB-5E55-E0CE-271F827A5601 (d0, q0, r0, m0, 'sensors/data', ... (16 bytes))
1764802851: Sending PUBLISH to auto-46FF714F-1D49-8E52-70EA-9BE00FE955E0 (d0, q0, r0, m0, 'sensors/data', ... (16 bytes))
1764802856: Received PUBLISH from auto-69C00A29-28AB-5E55-E0CE-271F827A5601 (d0, q0, r0, m0, 'sensors/data', ... (10 bytes))
1764802856: Sending PUBLISH to auto-46FF714F-1D49-8E52-70EA-9BE00FE955E0 (d0, q0, r0, m0, 'sensors/data', ... (10 bytes))
1764802861: Received PUBLISH from auto-69C00A29-28AB-5E55-E0CE-271F827A5601 (d0, q0, r0, m0, 'sensors/data', ... (16 bytes))
1764802861: Sending PUBLISH to auto-46FF714F-1D49-8E52-70EA-9BE00FE955E0 (d0, q0, r0, m0, 'sensors/data', ... (16 bytes))
1764802862: Received PINGREQ from auto-46FF714F-1D49-8E52-70EA-9BE00FE955E0
1764802862: Sending PINGRESP to auto-46FF714F-1D49-8E52-70EA-9BE00FE955E0
1764802866: Received PUBLISH from auto-69C00A29-28AB-5E55-E0CE-271F827A5601 (d0, q0, r0, m0, 'sensors/data', ... (10 bytes))
1764802866: Sending PUBLISH to auto-46FF714F-1D49-8E52-70EA-9BE00FE955E0 (d0, q0, r0, m0, 'sensors/data', ... (10 bytes))
1764802871: Received PUBLISH from auto-69C00A29-28AB-5E55-E0CE-271F827A5601 (d0, q0, r0, m0, 'sensors/data', ... (16 bytes))
1764802871: Sending PUBLISH to auto-46FF714F-1D49-8E52-70EA-9BE00FE955E0 (d0, q0, r0, m0, 'sensors/data', ... (16 bytes))
1764802876: Received PUBLISH from auto-69C00A29-28AB-5E55-E0CE-271F827A5601 (d0, q0, r0, m0, 'sensors/data', ... (16 bytes))
1764802876: Sending PUBLISH to auto-46FF714F-1D49-8E52-70EA-9BE00FE955E0 (d0, q0, r0, m0, 'sensors/data', ... (16 bytes))
1764802882: Received PUBLISH from auto-69C00A29-28AB-5E55-E0CE-271F827A5601 (d0, q0, r0, m0, 'sensors/data', ... (10 bytes))
1764802882: Sending PUBLISH to auto-46FF714F-1D49-8E52-70EA-9BE00FE955E0 (d0, q0, r0, m0, 'sensors/data', ... (10 bytes))
1764802887: Received PUBLISH from auto-69C00A29-28AB-5E55-E0CE-271F827A5601 (d0, q0, r0, m0, 'sensors/data', ... (10 bytes))
1764802887: Sending PUBLISH to auto-46FF714F-1D49-8E52-70EA-9BE00FE955E0 (d0, q0, r0, m0, 'sensors/data', ... (10 bytes))
1764802892: Received PUBLISH from auto-69C00A29-28AB-5E55-E0CE-271F827A5601 (d0, q0, r0, m0, 'sensors/data', ... (16 bytes))
1764802892: Sending PUBLISH to auto-46FF714F-1D49-8E52-70EA-9BE00FE955E0 (d0, q0, r0, m0, 'sensors/data', ... (16 bytes))
1764802897: Received PUBLISH from auto-69C00A29-28AB-5E55-E0CE-271F827A5601 (d0, q0, r0, m0, 'sensors/data', ... (16 bytes))
1764802897: Sending PUBLISH to auto-46FF714F-1D49-8E52-70EA-9BE00FE955E0 (d0, q0, r0, m0, 'sensors/data', ... (16 bytes))
1764802902: Received PUBLISH from auto-69C00A29-28AB-5E55-E0CE-271F827A5601 (d0, q0, r0, m0, 'sensors/data', ... (16 bytes))
1764802902: Sending PUBLISH to auto-46FF714F-1D49-8E52-70EA-9BE00FE955E0 (d0, q0, r0, m0, 'sensors/data', ... (16 bytes))
1764802907: Received PUBLISH from auto-69C00A29-28AB-5E55-E0CE-271F827A5601 (d0, q0, r0, m0, 'sensors/data', ... (16 bytes))
1764802907: Sending PUBLISH to auto-46FF714F-1D49-8E52-70EA-9BE00FE955E0 (d0, q0, r0, m0, 'sensors/data', ... (16 bytes))
1764802912: Received PUBLISH from auto-69C00A29-28AB-5E55-E0CE-271F827A5601 (d0, q0, r0, m0, 'sensors/data', ... (16 bytes))
1764802912: Sending PUBLISH to auto-46FF714F-1D49-8E52-70EA-9BE00FE955E0 (d0, q0, r0, m0, 'sensors/data', ... (16 bytes))
1764802917: Received PUBLISH from auto-69C00A29-28AB-5E55-E0CE-271F827A5601 (d0, q0, r0, m0, 'sensors/data', ... (16 bytes))
1764802917: Sending PUBLISH to auto-46FF714F-1D49-8E52-70EA-9BE00FE955E0 (d0, q0, r0, m0, 'sensors/data', ... (16 bytes))
1764802922: Received PUBLISH from auto-69C00A29-28AB-5E55-E0CE-271F827A5601 (d0, q0, r0, m0, 'sensors/data', ... (16 bytes))
1764802922: Sending PUBLISH to auto-46FF714F-1D49-8E52-70EA-9BE00FE955E0 (d0, q0, r0, m0, 'sensors/data', ... (16 bytes))
1764802923: Received PINGREQ from auto-46FF714F-1D49-8E52-70EA-9BE00FE955E0
1764802923: Sending PINGRESP to auto-46FF714F-1D49-8E52-70EA-9BE00FE955E0
1764802927: Received PUBLISH from auto-69C00A29-28AB-5E55-E0CE-271F827A5601 (d0, q0, r0, m0, 'sensors/data', ... (16 bytes))
1764802927: Sending PUBLISH to auto-46FF714F-1D49-8E52-70EA-9BE00FE955E0 (d0, q0, r0, m0, 'sensors/data', ... (16 bytes))
1764802932: Received PUBLISH from auto-69C00A29-28AB-5E55-E0CE-271F827A5601 (d0, q0, r0, m0, 'sensors/data', ... (16 bytes))
1764802932: Sending PUBLISH to auto-46FF714F-1D49-8E52-70EA-9BE00FE955E0 (d0, q0, r0, m0, 'sensors/data', ... (16 bytes))
1764802937: Received PUBLISH from auto-69C00A29-28AB-5E55-E0CE-271F827A5601 (d0, q0, r0, m0, 'sensors/data', ... (16 bytes))
1764802937: Sending PUBLISH to auto-46FF714F-1D49-8E52-70EA-9BE00FE955E0 (d0, q0, r0, m0, 'sensors/data', ... (16 bytes))
1764802943: Received PUBLISH from auto-69C00A29-28AB-5E55-E0CE-271F827A5601 (d0, q0, r0, m0, 'sensors/data', ... (10 bytes))
1764802943: Sending PUBLISH to auto-46FF714F-1D49-8E52-70EA-9BE00FE955E0 (d0, q0, r0, m0, 'sensors/data', ... (10 bytes))
1764802948: Received PUBLISH from auto-69C00A29-28AB-5E55-E0CE-271F827A5601 (d0, q0, r0, m0, 'sensors/data', ... (10 bytes))
1764802948: Sending PUBLISH to auto-46FF714F-1D49-8E52-70EA-9BE00FE955E0 (d0, q0, r0, m0, 'sensors/data', ... (10 bytes))
1764802953: Received PUBLISH from auto-69C00A29-28AB-5E55-E0CE-271F827A5601 (d0, q0, r0, m0, 'sensors/data', ... (10 bytes))
1764802953: Sending PUBLISH to auto-46FF714F-1D49-8E52-70EA-9BE00FE955E0 (d0, q0, r0, m0, 'sensors/data', ... (10 bytes))
1764802958: Received PUBLISH from auto-69C00A29-28AB-5E55-E0CE-271F827A5601 (d0, q0, r0, m0, 'sensors/data', ... (16 bytes))
1764802958: Sending PUBLISH to auto-46FF714F-1D49-8E52-70EA-9BE00FE955E0 (d0, q0, r0, m0, 'sensors/data', ... (16 bytes))
1764802963: Received PUBLISH from auto-69C00A29-28AB-5E55-E0CE-271F827A5601 (d0, q0, r0, m0, 'sensors/data', ... (10 bytes))
1764802963: Sending PUBLISH to auto-46FF714F-1D49-8E52-70EA-9BE00FE955E0 (d0, q0, r0, m0, 'sensors/data', ... (10 bytes))
1764802968: Received PUBLISH from auto-69C00A29-28AB-5E55-E0CE-271F827A5601 (d0, q0, r0, m0, 'sensors/data', ... (10 bytes))
1764802968: Sending PUBLISH to auto-46FF714F-1D49-8E52-70EA-9BE00FE955E0 (d0, q0, r0, m0, 'sensors/data', ... (10 bytes))
1764802972: Client auto-46FF714F-1D49-8E52-70EA-9BE00FE955E0 closed its connection.
1764802973: Received PUBLISH from auto-69C00A29-28AB-5E55-E0CE-271F827A5601 (d0, q0, r0, m0, 'sensors/data', ... (10 bytes))
1764802978: Received PUBLISH from auto-69C00A29-28AB-5E55-E0CE-271F827A5601 (d0, q0, r0, m0, 'sensors/data', ... (10 bytes))
1764802983: Received PUBLISH from auto-69C00A29-28AB-5E55-E0CE-271F827A5601 (d0, q0, r0, m0, 'sensors/data', ... (16 bytes))
1764802985: Client auto-69C00A29-28AB-5E55-E0CE-271F827A5601 closed its connection.
1764802997: mosquitto version 2.0.22 terminating
1764803065: mosquitto version 2.0.22 starting
1764803065: Config loaded from /mosquitto/config/mosquitto.conf.
1764803065: Opening ipv4 listen socket on port 1883.
1764803065: mosquitto version 2.0.22 running
1764803067: New connection from 172.19.0.3:33221 on port 1883.
1764803067: New client connected from 172.19.0.3:33221 as auto-704FD644-A531-8221-F3B9-29D0376C16CC (p2, c1, k60).
1764803067: No will message specified.
1764803067: Sending CONNACK to auto-704FD644-A531-8221-F3B9-29D0376C16CC (0, 0)
1764803067: Received SUBSCRIBE from auto-704FD644-A531-8221-F3B9-29D0376C16CC
1764803067: 	sensors/data (QoS 0)
1764803067: auto-704FD644-A531-8221-F3B9-29D0376C16CC 0 sensors/data
1764803067: Sending SUBACK to auto-704FD644-A531-8221-F3B9-29D0376C16CC
1764803071: New connection from 172.19.0.4:42993 on port 1883.
1764803071: New client connected from 172.19.0.4:42993 as auto-070BFCB7-A969-6F0A-BE0A-B1353D5D1588 (p2, c1, k60).
1764803071: No will message specified.
1764803071: Sending CONNACK to auto-070BFCB7-A969-6F0A-BE0A-B1353D5D1588 (0, 0)
1764803071: Received PUBLISH from auto-070BFCB7-A969-6F0A-BE0A-B1353D5D1588 (d0, q0, r0, m0, 'sensors/data', ... (16 bytes))
1764803071: Sending PUBLISH to auto-704FD644-A531-8221-F3B9-29D0376C16CC (d0, q0, r0, m0, 'sensors/data', ... (16 bytes))
1764803076: Received PUBLISH from auto-070BFCB7-A969-6F0A-BE0A-B1353D5D1588 (d0, q0, r0, m0, 'sensors/data', ... (15 bytes))
1764803076: Sending PUBLISH to auto-704FD644-A531-8221-F3B9-29D0376C16CC (d0, q0, r0, m0, 'sensors/data', ... (15 bytes))
1764803081: Received PUBLISH from auto-070BFCB7-A969-6F0A-BE0A-B1353D5D1588 (d0, q0, r0, m0, 'sensors/data', ... (16 bytes))
1764803081: Sending PUBLISH to auto-704FD644-A531-8221-F3B9-29D0376C16CC (d0, q0, r0, m0, 'sensors/data', ... (16 bytes))
1764803086: Received PUBLISH from auto-070BFCB7-A969-6F0A-BE0A-B1353D5D1588 (d0, q0, r0, m0, 'sensors/data', ... (16 bytes))
1764803086: Sending PUBLISH to auto-704FD644-A531-8221-F3B9-29D0376C16CC (d0, q0, r0, m0, 'sensors/data', ... (16 bytes))
1764803091: Received PUBLISH from auto-070BFCB7-A969-6F0A-BE0A-B1353D5D1588 (d0, q0, r0, m0, 'sensors/data', ... (15 bytes))
1764803091: Sending PUBLISH to auto-704FD644-A531-8221-F3B9-29D0376C16CC (d0, q0, r0, m0, 'sensors/data', ... (15 bytes))
1764803096: Received PUBLISH from auto-070BFCB7-A969-6F0A-BE0A-B1353D5D1588 (d0, q0, r0, m0, 'sensors/data', ... (15 bytes))
1764803096: Sending PUBLISH to auto-704FD644-A531-8221-F3B9-29D0376C16CC (d0, q0, r0, m0, 'sensors/data', ... (15 bytes))
1764803101: Received PUBLISH from auto-070BFCB7-A969-6F0A-BE0A-B1353D5D1588 (d0, q0, r0, m0, 'sensors/data', ... (14 bytes))
1764803101: Sending PUBLISH to auto-704FD644-A531-8221-F3B9-29D0376C16CC (d0, q0, r0, m0, 'sensors/data', ... (14 bytes))
1764803106: Received PUBLISH from auto-070BFCB7-A969-6F0A-BE0A-B1353D5D1588 (d0, q0, r0, m0, 'sensors/data', ... (17 bytes))
1764803106: Sending PUBLISH to auto-704FD644-A531-8221-F3B9-29D0376C16CC (d0, q0, r0, m0, 'sensors/data', ... (17 bytes))
1764803112: Received PUBLISH from auto-070BFCB7-A969-6F0A-BE0A-B1353D5D1588 (d0, q0, r0, m0, 'sensors/data', ... (15 bytes))
1764803112: Sending PUBLISH to auto-704FD644-A531-8221-F3B9-29D0376C16CC (d0, q0, r0, m0, 'sensors/data', ... (15 bytes))
1764803117: Received PUBLISH from auto-070BFCB7-A969-6F0A-BE0A-B1353D5D1588 (d0, q0, r0, m0, 'sensors/data', ... (16 bytes))
1764803117: Sending PUBLISH to auto-704FD644-A531-8221-F3B9-29D0376C16CC (d0, q0, r0, m0, 'sensors/data', ... (16 bytes))
1764803122: Received PUBLISH from auto-070BFCB7-A969-6F0A-BE0A-B1353D5D1588 (d0, q0, r0, m0, 'sensors/data', ... (17 bytes))
1764803122: Sending PUBLISH to auto-704FD644-A531-8221-F3B9-29D0376C16CC (d0, q0, r0, m0, 'sensors/data', ... (17 bytes))
1764803127: Received PUBLISH from auto-070BFCB7-A969-6F0A-BE0A-B1353D5D1588 (d0, q0, r0, m0, 'sensors/data', ... (16 bytes))
1764803127: Sending PUBLISH to auto-704FD644-A531-8221-F3B9-29D0376C16CC (d0, q0, r0, m0, 'sensors/data', ... (16 bytes))
1764803128: Received PINGREQ from auto-704FD644-A531-8221-F3B9-29D0376C16CC
1764803128: Sending PINGRESP to auto-704FD644-A531-8221-F3B9-29D0376C16CC
1764803132: Received PUBLISH from auto-070BFCB7-A969-6F0A-BE0A-B1353D5D1588 (d0, q0, r0, m0, 'sensors/data', ... (15 bytes))
1764803132: Sending PUBLISH to auto-704FD644-A531-8221-F3B9-29D0376C16CC (d0, q0, r0, m0, 'sensors/data', ... (15 bytes))
1764803137: Received PUBLISH from auto-070BFCB7-A969-6F0A-BE0A-B1353D5D1588 (d0, q0, r0, m0, 'sensors/data', ... (17 bytes))
1764803137: Sending PUBLISH to auto-704FD644-A531-8221-F3B9-29D0376C16CC (d0, q0, r0, m0, 'sensors/data', ... (17 bytes))
1764803142: Received PUBLISH from auto-070BFCB7-A969-6F0A-BE0A-B1353D5D1588 (d0, q0, r0, m0, 'sensors/data', ... (17 bytes))
1764803142: Sending PUBLISH to auto-704FD644-A531-8221-F3B9-29D0376C16CC (d0, q0, r0, m0, 'sensors/data', ... (17 bytes))
1764803147: Received PUBLISH from auto-070BFCB7-A969-6F0A-BE0A-B1353D5D1588 (d0, q0, r0, m0, 'sensors/data', ... (17 bytes))
1764803147: Sending PUBLISH to auto-704FD644-A531-8221-F3B9-29D0376C16CC (d0, q0, r0, m0, 'sensors/data', ... (17 bytes))
1764803152: Received PUBLISH from auto-070BFCB7-A969-6F0A-BE0A-B1353D5D1588 (d0, q0, r0, m0, 'sensors/data', ... (14 bytes))
1764803152: Sending PUBLISH to auto-704FD644-A531-8221-F3B9-29D0376C16CC (d0, q0, r0, m0, 'sensors/data', ... (14 bytes))
1764803157: Received PUBLISH from auto-070BFCB7-A969-6F0A-BE0A-B1353D5D1588 (d0, q0, r0, m0, 'sensors/data', ... (17 bytes))
1764803157: Sending PUBLISH to auto-704FD644-A531-8221-F3B9-29D0376C16CC (d0, q0, r0, m0, 'sensors/data', ... (17 bytes))
1764803162: Received PUBLISH from auto-070BFCB7-A969-6F0A-BE0A-B1353D5D1588 (d0, q0, r0, m0, 'sensors/data', ... (15 bytes))
1764803162: Sending PUBLISH to auto-704FD644-A531-8221-F3B9-29D0376C16CC (d0, q0, r0, m0, 'sensors/data', ... (15 bytes))
1764803167: Received PUBLISH from auto-070BFCB7-A969-6F0A-BE0A-B1353D5D1588 (d0, q0, r0, m0, 'sensors/data', ... (17 bytes))
1764803167: Sending PUBLISH to auto-704FD644-A531-8221-F3B9-29D0376C16CC (d0, q0, r0, m0, 'sensors/data', ... (17 bytes))
1764803173: Received PUBLISH from auto-070BFCB7-A969-6F0A-BE0A-B1353D5D1588 (d0, q0, r0, m0, 'sensors/data', ... (14 bytes))
1764803173: Sending PUBLISH to auto-704FD644-A531-8221-F3B9-29D0376C16CC (d0, q0, r0, m0, 'sensors/data', ... (14 bytes))
1764803178: Received PUBLISH from auto-070BFCB7-A969-6F0A-BE0A-B1353D5D1588 (d0, q0, r0, m0, 'sensors/data', ... (14 bytes))
1764803178: Sending PUBLISH to auto-704FD644-A531-8221-F3B9-29D0376C16CC (d0, q0, r0, m0, 'sensors/data', ... (14 bytes))
1764803183: Received PUBLISH from auto-070BFCB7-A969-6F0A-BE0A-B1353D5D1588 (d0, q0, r0, m0, 'sensors/data', ... (15 bytes))
1764803183: Sending PUBLISH to auto-704FD644-A531-8221-F3B9-29D0376C16CC (d0, q0, r0, m0, 'sensors/data', ... (15 bytes))
1764803188: Received PUBLISH from auto-070BFCB7-A969-6F0A-BE0A-B1353D5D1588 (d0, q0, r0, m0, 'sensors/data', ... (15 bytes))
1764803188: Sending PUBLISH to auto-704FD644-A531-8221-F3B9-29D0376C16CC (d0, q0, r0, m0, 'sensors/data', ... (15 bytes))
1764803188: Received PINGREQ from auto-704FD644-A531-8221-F3B9-29D0376C16CC
1764803188: Sending PINGRESP to auto-704FD644-A531-8221-F3B9-29D0376C16CC
1764803193: Received PUBLISH from auto-070BFCB7-A969-6F0A-BE0A-B1353D5D1588 (d0, q0, r0, m0, 'sensors/data', ... (16 bytes))
1764803193: Sending PUBLISH to auto-704FD644-A531-8221-F3B9-29D0376C16CC (d0, q0, r0, m0, 'sensors/data', ... (16 bytes))
1764803198: Received PUBLISH from auto-070BFCB7-A969-6F0A-BE0A-B1353D5D1588 (d0, q0, r0, m0, 'sensors/data', ... (15 bytes))
1764803198: Sending PUBLISH to auto-704FD644-A531-8221-F3B9-29D0376C16CC (d0, q0, r0, m0, 'sensors/data', ... (15 bytes))
1764803203: Received PUBLISH from auto-070BFCB7-A969-6F0A-BE0A-B1353D5D1588 (d0, q0, r0, m0, 'sensors/data', ... (15 bytes))
1764803203: Sending PUBLISH to auto-704FD644-A531-8221-F3B9-29D0376C16CC (d0, q0, r0, m0, 'sensors/data', ... (15 bytes))
1764803208: Received PUBLISH from auto-070BFCB7-A969-6F0A-BE0A-B1353D5D1588 (d0, q0, r0, m0, 'sensors/data', ... (15 bytes))
1764803208: Sending PUBLISH to auto-704FD644-A531-8221-F3B9-29D0376C16CC (d0, q0, r0, m0, 'sensors/data', ... (15 bytes))
1764803213: Received PUBLISH from auto-070BFCB7-A969-6F0A-BE0A-B1353D5D1588 (d0, q0, r0, m0, 'sensors/data', ... (15 bytes))
1764803213: Sending PUBLISH to auto-704FD644-A531-8221-F3B9-29D0376C16CC (d0, q0, r0, m0, 'sensors/data', ... (15 bytes))
1764803218: Received PUBLISH from auto-070BFCB7-A969-6F0A-BE0A-B1353D5D1588 (d0, q0, r0, m0, 'sensors/data', ... (15 bytes))
1764803218: Sending PUBLISH to auto-704FD644-A531-8221-F3B9-29D0376C16CC (d0, q0, r0, m0, 'sensors/data', ... (15 bytes))
1764803223: Received PUBLISH from auto-070BFCB7-A969-6F0A-BE0A-B1353D5D1588 (d0, q0, r0, m0, 'sensors/data', ... (15 bytes))
1764803223: Sending PUBLISH to auto-704FD644-A531-8221-F3B9-29D0376C16CC (d0, q0, r0, m0, 'sensors/data', ... (15 bytes))
1764803228: Received PUBLISH from auto-070BFCB7-A969-6F0A-BE0A-B1353D5D1588 (d0, q0, r0, m0, 'sensors/data', ... (15 bytes))
1764803228: Sending PUBLISH to auto-704FD644-A531-8221-F3B9-29D0376C16CC (d0, q0, r0, m0, 'sensors/data', ... (15 bytes))
1764803233: Received PUBLISH from auto-070BFCB7-A969-6F0A-BE0A-B1353D5D1588 (d0, q0, r0, m0, 'sensors/data', ... (15 bytes))
1764803233: Sending PUBLISH to auto-704FD644-A531-8221-F3B9-29D0376C16CC (d0, q0, r0, m0, 'sensors/data', ... (15 bytes))
1764803239: Received PUBLISH from auto-070BFCB7-A969-6F0A-BE0A-B1353D5D1588 (d0, q0, r0, m0, 'sensors/data', ... (16 bytes))
1764803239: Sending PUBLISH to auto-704FD644-A531-8221-F3B9-29D0376C16CC (d0, q0, r0, m0, 'sensors/data', ... (16 bytes))
1764803244: Received PUBLISH from auto-070BFCB7-A969-6F0A-BE0A-B1353D5D1588 (d0, q0, r0, m0, 'sensors/data', ... (17 bytes))
1764803244: Sending PUBLISH to auto-704FD644-A531-8221-F3B9-29D0376C16CC (d0, q0, r0, m0, 'sensors/data', ... (17 bytes))
1764803249: Received PUBLISH from auto-070BFCB7-A969-6F0A-BE0A-B1353D5D1588 (d0, q0, r0, m0, 'sensors/data', ... (15 bytes))
1764803249: Sending PUBLISH to auto-704FD644-A531-8221-F3B9-29D0376C16CC (d0, q0, r0, m0, 'sensors/data', ... (15 bytes))
1764803249: Received PINGREQ from auto-704FD644-A531-8221-F3B9-29D0376C16CC
1764803249: Sending PINGRESP to auto-704FD644-A531-8221-F3B9-29D0376C16CC
1764803254: Received PUBLISH from auto-070BFCB7-A969-6F0A-BE0A-B1353D5D1588 (d0, q0, r0, m0, 'sensors/data', ... (17 bytes))
1764803254: Sending PUBLISH to auto-704FD644-A531-8221-F3B9-29D0376C16CC (d0, q0, r0, m0, 'sensors/data', ... (17 bytes))
1764803259: Received PUBLISH from auto-070BFCB7-A969-6F0A-BE0A-B1353D5D1588 (d0, q0, r0, m0, 'sensors/data', ... (14 bytes))
1764803259: Sending PUBLISH to auto-704FD644-A531-8221-F3B9-29D0376C16CC (d0, q0, r0, m0, 'sensors/data', ... (14 bytes))
1764803264: Received PUBLISH from auto-070BFCB7-A969-6F0A-BE0A-B1353D5D1588 (d0, q0, r0, m0, 'sensors/data', ... (17 bytes))
1764803264: Sending PUBLISH to auto-704FD644-A531-8221-F3B9-29D0376C16CC (d0, q0, r0, m0, 'sensors/data', ... (17 bytes))
1764803269: Received PUBLISH from auto-070BFCB7-A969-6F0A-BE0A-B1353D5D1588 (d0, q0, r0, m0, 'sensors/data', ... (16 bytes))
1764803269: Sending PUBLISH to auto-704FD644-A531-8221-F3B9-29D0376C16CC (d0, q0, r0, m0, 'sensors/data', ... (16 bytes))
1764803274: Received PUBLISH from auto-070BFCB7-A969-6F0A-BE0A-B1353D5D1588 (d0, q0, r0, m0, 'sensors/data', ... (15 bytes))
1764803274: Sending PUBLISH to auto-704FD644-A531-8221-F3B9-29D0376C16CC (d0, q0, r0, m0, 'sensors/data', ... (15 bytes))
1764803279: Received PUBLISH from auto-070BFCB7-A969-6F0A-BE0A-B1353D5D1588 (d0, q0, r0, m0, 'sensors/data', ... (17 bytes))
1764803279: Sending PUBLISH to auto-704FD644-A531-8221-F3B9-29D0376C16CC (d0, q0, r0, m0, 'sensors/data', ... (17 bytes))
1764803284: Received PUBLISH from auto-070BFCB7-A969-6F0A-BE0A-B1353D5D1588 (d0, q0, r0, m0, 'sensors/data', ... (16 bytes))
1764803284: Sending PUBLISH to auto-704FD644-A531-8221-F3B9-29D0376C16CC (d0, q0, r0, m0, 'sensors/data', ... (16 bytes))
1764803289: Received PUBLISH from auto-070BFCB7-A969-6F0A-BE0A-B1353D5D1588 (d0, q0, r0, m0, 'sensors/data', ... (17 bytes))
1764803289: Sending PUBLISH to auto-704FD644-A531-8221-F3B9-29D0376C16CC (d0, q0, r0, m0, 'sensors/data', ... (17 bytes))
1764803294: Received PUBLISH from auto-070BFCB7-A969-6F0A-BE0A-B1353D5D1588 (d0, q0, r0, m0, 'sensors/data', ... (17 bytes))
1764803294: Sending PUBLISH to auto-704FD644-A531-8221-F3B9-29D0376C16CC (d0, q0, r0, m0, 'sensors/data', ... (17 bytes))
1764803300: Received PUBLISH from auto-070BFCB7-A969-6F0A-BE0A-B1353D5D1588 (d0, q0, r0, m0, 'sensors/data', ... (15 bytes))
1764803300: Sending PUBLISH to auto-704FD644-A531-8221-F3B9-29D0376C16CC (d0, q0, r0, m0, 'sensors/data', ... (15 bytes))
1764803305: Received PUBLISH from auto-070BFCB7-A969-6F0A-BE0A-B1353D5D1588 (d0, q0, r0, m0, 'sensors/data', ... (15 bytes))
1764803305: Sending PUBLISH to auto-704FD644-A531-8221-F3B9-29D0376C16CC (d0, q0, r0, m0, 'sensors/data', ... (15 bytes))
1764803310: Received PINGREQ from auto-704FD644-A531-8221-F3B9-29D0376C16CC
1764803310: Sending PINGRESP to auto-704FD644-A531-8221-F3B9-29D0376C16CC
1764803310: Received PUBLISH from auto-070BFCB7-A969-6F0A-BE0A-B1353D5D1588 (d0, q0, r0, m0, 'sensors/data', ... (17 bytes))
1764803310: Sending PUBLISH to auto-704FD644-A531-8221-F3B9-29D0376C16CC (d0, q0, r0, m0, 'sensors/data', ... (17 bytes))
1764803315: Received PUBLISH from auto-070BFCB7-A969-6F0A-BE0A-B1353D5D1588 (d0, q0, r0, m0, 'sensors/data', ... (17 bytes))
1764803315: Sending PUBLISH to auto-704FD644-A531-8221-F3B9-29D0376C16CC (d0, q0, r0, m0, 'sensors/data', ... (17 bytes))
1764803320: Received PUBLISH from auto-070BFCB7-A969-6F0A-BE0A-B1353D5D1588 (d0, q0, r0, m0, 'sensors/data', ... (15 bytes))
1764803320: Sending PUBLISH to auto-704FD644-A531-8221-F3B9-29D0376C16CC (d0, q0, r0, m0, 'sensors/data', ... (15 bytes))
1764803325: Received PUBLISH from auto-070BFCB7-A969-6F0A-BE0A-B1353D5D1588 (d0, q0, r0, m0, 'sensors/data', ... (15 bytes))
1764803325: Sending PUBLISH to auto-704FD644-A531-8221-F3B9-29D0376C16CC (d0, q0, r0, m0, 'sensors/data', ... (15 bytes))
1764803330: Received PUBLISH from auto-070BFCB7-A969-6F0A-BE0A-B1353D5D1588 (d0, q0, r0, m0, 'sensors/data', ... (17 bytes))
1764803330: Sending PUBLISH to auto-704FD644-A531-8221-F3B9-29D0376C16CC (d0, q0, r0, m0, 'sensors/data', ... (17 bytes))
1764803335: Received PUBLISH from auto-070BFCB7-A969-6F0A-BE0A-B1353D5D1588 (d0, q0, r0, m0, 'sensors/data', ... (17 bytes))
1764803335: Sending PUBLISH to auto-704FD644-A531-8221-F3B9-29D0376C16CC (d0, q0, r0, m0, 'sensors/data', ... (17 bytes))
1764803340: Received PUBLISH from auto-070BFCB7-A969-6F0A-BE0A-B1353D5D1588 (d0, q0, r0, m0, 'sensors/data', ... (17 bytes))
1764803340: Sending PUBLISH to auto-704FD644-A531-8221-F3B9-29D0376C16CC (d0, q0, r0, m0, 'sensors/data', ... (17 bytes))
1764803345: Received PUBLISH from auto-070BFCB7-A969-6F0A-BE0A-B1353D5D1588 (d0, q0, r0, m0, 'sensors/data', ... (15 bytes))
1764803345: Sending PUBLISH to auto-704FD644-A531-8221-F3B9-29D0376C16CC (d0, q0, r0, m0, 'sensors/data', ... (15 bytes))
1764803350: Received PUBLISH from auto-070BFCB7-A969-6F0A-BE0A-B1353D5D1588 (d0, q0, r0, m0, 'sensors/data', ... (17 bytes))
1764803350: Sending PUBLISH to auto-704FD644-A531-8221-F3B9-29D0376C16CC (d0, q0, r0, m0, 'sensors/data', ... (17 bytes))
1764803355: Received PUBLISH from auto-070BFCB7-A969-6F0A-BE0A-B1353D5D1588 (d0, q0, r0, m0, 'sensors/data', ... (14 bytes))
1764803355: Sending PUBLISH to auto-704FD644-A531-8221-F3B9-29D0376C16CC (d0, q0, r0, m0, 'sensors/data', ... (14 bytes))
1764803361: Received PUBLISH from auto-070BFCB7-A969-6F0A-BE0A-B1353D5D1588 (d0, q0, r0, m0, 'sensors/data', ... (16 bytes))
1764803361: Sending PUBLISH to auto-704FD644-A531-8221-F3B9-29D0376C16CC (d0, q0, r0, m0, 'sensors/data', ... (16 bytes))
1764803366: Received PUBLISH from auto-070BFCB7-A969-6F0A-BE0A-B1353D5D1588 (d0, q0, r0, m0, 'sensors/data', ... (15 bytes))
1764803366: Sending PUBLISH to auto-704FD644-A531-8221-F3B9-29D0376C16CC (d0, q0, r0, m0, 'sensors/data', ... (15 bytes))
1764803371: Received PUBLISH from auto-070BFCB7-A969-6F0A-BE0A-B1353D5D1588 (d0, q0, r0, m0, 'sensors/data', ... (14 bytes))
1764803371: Sending PUBLISH to auto-704FD644-A531-8221-F3B9-29D0376C16CC (d0, q0, r0, m0, 'sensors/data', ... (14 bytes))
1764803371: Received PINGREQ from auto-704FD644-A531-8221-F3B9-29D0376C16CC
1764803371: Sending PINGRESP to auto-704FD644-A531-8221-F3B9-29D0376C16CC
1764803376: Received PUBLISH from auto-070BFCB7-A969-6F0A-BE0A-B1353D5D1588 (d0, q0, r0, m0, 'sensors/data', ... (14 bytes))
1764803376: Sending PUBLISH to auto-704FD644-A531-8221-F3B9-29D0376C16CC (d0, q0, r0, m0, 'sensors/data', ... (14 bytes))
1764803381: Received PUBLISH from auto-070BFCB7-A969-6F0A-BE0A-B1353D5D1588 (d0, q0, r0, m0, 'sensors/data', ... (17 bytes))
1764803381: Sending PUBLISH to auto-704FD644-A531-8221-F3B9-29D0376C16CC (d0, q0, r0, m0, 'sensors/data', ... (17 bytes))
1764803386: Received PUBLISH from auto-070BFCB7-A969-6F0A-BE0A-B1353D5D1588 (d0, q0, r0, m0, 'sensors/data', ... (14 bytes))
1764803386: Sending PUBLISH to auto-704FD644-A531-8221-F3B9-29D0376C16CC (d0, q0, r0, m0, 'sensors/data', ... (14 bytes))
1764803391: Received PUBLISH from auto-070BFCB7-A969-6F0A-BE0A-B1353D5D1588 (d0, q0, r0, m0, 'sensors/data', ... (15 bytes))
1764803391: Sending PUBLISH to auto-704FD644-A531-8221-F3B9-29D0376C16CC (d0, q0, r0, m0, 'sensors/data', ... (15 bytes))
1764803396: Received PUBLISH from auto-070BFCB7-A969-6F0A-BE0A-B1353D5D1588 (d0, q0, r0, m0, 'sensors/data', ... (17 bytes))
1764803396: Sending PUBLISH to auto-704FD644-A531-8221-F3B9-29D0376C16CC (d0, q0, r0, m0, 'sensors/data', ... (17 bytes))
1764803401: Received PUBLISH from auto-070BFCB7-A969-6F0A-BE0A-B1353D5D1588 (d0, q0, r0, m0, 'sensors/data', ... (17 bytes))
1764803401: Sending PUBLISH to auto-704FD644-A531-8221-F3B9-29D0376C16CC (d0, q0, r0, m0, 'sensors/data', ... (17 bytes))
1764803406: Received PUBLISH from auto-070BFCB7-A969-6F0A-BE0A-B1353D5D1588 (d0, q0, r0, m0, 'sensors/data', ... (16 bytes))
1764803406: Sending PUBLISH to auto-704FD644-A531-8221-F3B9-29D0376C16CC (d0, q0, r0, m0, 'sensors/data', ... (16 bytes))
1764803411: Received PUBLISH from auto-070BFCB7-A969-6F0A-BE0A-B1353D5D1588 (d0, q0, r0, m0, 'sensors/data', ... (15 bytes))
1764803411: Sending PUBLISH to auto-704FD644-A531-8221-F3B9-29D0376C16CC (d0, q0, r0, m0, 'sensors/data', ... (15 bytes))
1764803416: Received PUBLISH from auto-070BFCB7-A969-6F0A-BE0A-B1353D5D1588 (d0, q0, r0, m0, 'sensors/data', ... (17 bytes))
1764803416: Sending PUBLISH to auto-704FD644-A531-8221-F3B9-29D0376C16CC (d0, q0, r0, m0, 'sensors/data', ... (17 bytes))
1764803422: Received PUBLISH from auto-070BFCB7-A969-6F0A-BE0A-B1353D5D1588 (d0, q0, r0, m0, 'sensors/data', ... (15 bytes))
1764803422: Sending PUBLISH to auto-704FD644-A531-8221-F3B9-29D0376C16CC (d0, q0, r0, m0, 'sensors/data', ... (15 bytes))
1764803427: Received PUBLISH from auto-070BFCB7-A969-6F0A-BE0A-B1353D5D1588 (d0, q0, r0, m0, 'sensors/data', ... (17 bytes))
1764803427: Sending PUBLISH to auto-704FD644-A531-8221-F3B9-29D0376C16CC (d0, q0, r0, m0, 'sensors/data', ... (17 bytes))
1764803432: Received PUBLISH from auto-070BFCB7-A969-6F0A-BE0A-B1353D5D1588 (d0, q0, r0, m0, 'sensors/data', ... (16 bytes))
1764803432: Sending PUBLISH to auto-704FD644-A531-8221-F3B9-29D0376C16CC (d0, q0, r0, m0, 'sensors/data', ... (16 bytes))
1764803432: Received PINGREQ from auto-704FD644-A531-8221-F3B9-29D0376C16CC
1764803432: Sending PINGRESP to auto-704FD644-A531-8221-F3B9-29D0376C16CC
1764803437: Received PUBLISH from auto-070BFCB7-A969-6F0A-BE0A-B1353D5D1588 (d0, q0, r0, m0, 'sensors/data', ... (16 bytes))
1764803437: Sending PUBLISH to auto-704FD644-A531-8221-F3B9-29D0376C16CC (d0, q0, r0, m0, 'sensors/data', ... (16 bytes))
1764803442: Received PUBLISH from auto-070BFCB7-A969-6F0A-BE0A-B1353D5D1588 (d0, q0, r0, m0, 'sensors/data', ... (15 bytes))
1764803442: Sending PUBLISH to auto-704FD644-A531-8221-F3B9-29D0376C16CC (d0, q0, r0, m0, 'sensors/data', ... (15 bytes))
1764803447: Received PUBLISH from auto-070BFCB7-A969-6F0A-BE0A-B1353D5D1588 (d0, q0, r0, m0, 'sensors/data', ... (17 bytes))
1764803447: Sending PUBLISH to auto-704FD644-A531-8221-F3B9-29D0376C16CC (d0, q0, r0, m0, 'sensors/data', ... (17 bytes))
1764803452: Received PUBLISH from auto-070BFCB7-A969-6F0A-BE0A-B1353D5D1588 (d0, q0, r0, m0, 'sensors/data', ... (14 bytes))
1764803452: Sending PUBLISH to auto-704FD644-A531-8221-F3B9-29D0376C16CC (d0, q0, r0, m0, 'sensors/data', ... (14 bytes))
1764803457: Received PUBLISH from auto-070BFCB7-A969-6F0A-BE0A-B1353D5D1588 (d0, q0, r0, m0, 'sensors/data', ... (15 bytes))
1764803457: Sending PUBLISH to auto-704FD644-A531-8221-F3B9-29D0376C16CC (d0, q0, r0, m0, 'sensors/data', ... (15 bytes))
1764803462: Received PUBLISH from auto-070BFCB7-A969-6F0A-BE0A-B1353D5D1588 (d0, q0, r0, m0, 'sensors/data', ... (15 bytes))
1764803462: Sending PUBLISH to auto-704FD644-A531-8221-F3B9-29D0376C16CC (d0, q0, r0, m0, 'sensors/data', ... (15 bytes))
1764803467: Received PUBLISH from auto-070BFCB7-A969-6F0A-BE0A-B1353D5D1588 (d0, q0, r0, m0, 'sensors/data', ... (17 bytes))
1764803467: Sending PUBLISH to auto-704FD644-A531-8221-F3B9-29D0376C16CC (d0, q0, r0, m0, 'sensors/data', ... (17 bytes))
1764803472: Received PUBLISH from auto-070BFCB7-A969-6F0A-BE0A-B1353D5D1588 (d0, q0, r0, m0, 'sensors/data', ... (15 bytes))
1764803472: Sending PUBLISH to auto-704FD644-A531-8221-F3B9-29D0376C16CC (d0, q0, r0, m0, 'sensors/data', ... (15 bytes))
1764803477: Received PUBLISH from auto-070BFCB7-A969-6F0A-BE0A-B1353D5D1588 (d0, q0, r0, m0, 'sensors/data', ... (14 bytes))
1764803477: Sending PUBLISH to auto-704FD644-A531-8221-F3B9-29D0376C16CC (d0, q0, r0, m0, 'sensors/data', ... (14 bytes))
1764803483: Received PUBLISH from auto-070BFCB7-A969-6F0A-BE0A-B1353D5D1588 (d0, q0, r0, m0, 'sensors/data', ... (16 bytes))
1764803483: Sending PUBLISH to auto-704FD644-A531-8221-F3B9-29D0376C16CC (d0, q0, r0, m0, 'sensors/data', ... (16 bytes))
1764803488: Received PUBLISH from auto-070BFCB7-A969-6F0A-BE0A-B1353D5D1588 (d0, q0, r0, m0, 'sensors/data', ... (17 bytes))
1764803488: Sending PUBLISH to auto-704FD644-A531-8221-F3B9-29D0376C16CC (d0, q0, r0, m0, 'sensors/data', ... (17 bytes))
1764803493: Received PUBLISH from auto-070BFCB7-A969-6F0A-BE0A-B1353D5D1588 (d0, q0, r0, m0, 'sensors/data', ... (16 bytes))
1764803493: Sending PUBLISH to auto-704FD644-A531-8221-F3B9-29D0376C16CC (d0, q0, r0, m0, 'sensors/data', ... (16 bytes))
1764803493: Received PINGREQ from auto-704FD644-A531-8221-F3B9-29D0376C16CC
1764803493: Sending PINGRESP to auto-704FD644-A531-8221-F3B9-29D0376C16CC
1764803498: Received PUBLISH from auto-070BFCB7-A969-6F0A-BE0A-B1353D5D1588 (d0, q0, r0, m0, 'sensors/data', ... (14 bytes))
1764803498: Sending PUBLISH to auto-704FD644-A531-8221-F3B9-29D0376C16CC (d0, q0, r0, m0, 'sensors/data', ... (14 bytes))
1764803503: Received PUBLISH from auto-070BFCB7-A969-6F0A-BE0A-B1353D5D1588 (d0, q0, r0, m0, 'sensors/data', ... (16 bytes))
1764803503: Sending PUBLISH to auto-704FD644-A531-8221-F3B9-29D0376C16CC (d0, q0, r0, m0, 'sensors/data', ... (16 bytes))
1764803508: Received PUBLISH from auto-070BFCB7-A969-6F0A-BE0A-B1353D5D1588 (d0, q0, r0, m0, 'sensors/data', ... (17 bytes))
1764803508: Sending PUBLISH to auto-704FD644-A531-8221-F3B9-29D0376C16CC (d0, q0, r0, m0, 'sensors/data', ... (17 bytes))
1764803513: Received PUBLISH from auto-070BFCB7-A969-6F0A-BE0A-B1353D5D1588 (d0, q0, r0, m0, 'sensors/data', ... (14 bytes))
1764803513: Sending PUBLISH to auto-704FD644-A531-8221-F3B9-29D0376C16CC (d0, q0, r0, m0, 'sensors/data', ... (14 bytes))
1764803518: Received PUBLISH from auto-070BFCB7-A969-6F0A-BE0A-B1353D5D1588 (d0, q0, r0, m0, 'sensors/data', ... (17 bytes))
1764803518: Sending PUBLISH to auto-704FD644-A531-8221-F3B9-29D0376C16CC (d0, q0, r0, m0, 'sensors/data', ... (17 bytes))
1764803523: Received PUBLISH from auto-070BFCB7-A969-6F0A-BE0A-B1353D5D1588 (d0, q0, r0, m0, 'sensors/data', ... (15 bytes))
1764803523: Sending PUBLISH to auto-704FD644-A531-8221-F3B9-29D0376C16CC (d0, q0, r0, m0, 'sensors/data', ... (15 bytes))
1764803528: Received PUBLISH from auto-070BFCB7-A969-6F0A-BE0A-B1353D5D1588 (d0, q0, r0, m0, 'sensors/data', ... (15 bytes))
1764803528: Sending PUBLISH to auto-704FD644-A531-8221-F3B9-29D0376C16CC (d0, q0, r0, m0, 'sensors/data', ... (15 bytes))
1764803530: Client auto-704FD644-A531-8221-F3B9-29D0376C16CC closed its connection.
1764803533: Received PUBLISH from auto-070BFCB7-A969-6F0A-BE0A-B1353D5D1588 (d0, q0, r0, m0, 'sensors/data', ... (15 bytes))
1764803538: Received PUBLISH from auto-070BFCB7-A969-6F0A-BE0A-B1353D5D1588 (d0, q0, r0, m0, 'sensors/data', ... (16 bytes))
1764803544: Received PUBLISH from auto-070BFCB7-A969-6F0A-BE0A-B1353D5D1588 (d0, q0, r0, m0, 'sensors/data', ... (17 bytes))
1764803545: Client auto-070BFCB7-A969-6F0A-BE0A-B1353D5D1588 closed its connection.
1764803557: mosquitto version 2.0.22 terminating
1764803644: mosquitto version 2.0.22 starting
1764803644: Config loaded from /mosquitto/config/mosquitto.conf.
1764803644: Opening ipv4 listen socket on port 1883.
1764803644: mosquitto version 2.0.22 running
1764803647: New connection from 172.19.0.3:49809 on port 1883.
1764803647: New client connected from 172.19.0.3:49809 as auto-2F7A09BB-D38F-C528-9CAC-3B0F7F039058 (p2, c1, k60).
1764803647: No will message specified.
1764803647: Sending CONNACK to auto-2F7A09BB-D38F-C528-9CAC-3B0F7F039058 (0, 0)
1764803647: Received SUBSCRIBE from auto-2F7A09BB-D38F-C528-9CAC-3B0F7F039058
1764803647: 	sensors/data (QoS 0)
1764803647: auto-2F7A09BB-D38F-C528-9CAC-3B0F7F039058 0 sensors/data
1764803647: Sending SUBACK to auto-2F7A09BB-D38F-C528-9CAC-3B0F7F039058
1764803650: New connection from 172.19.0.4:45741 on port 1883.
1764803650: New client connected from 172.19.0.4:45741 as auto-64D71F60-566B-807E-BF7E-29818AD26DC9 (p2, c1, k60).
1764803650: No will message specified.
1764803650: Sending CONNACK to auto-64D71F60-566B-807E-BF7E-29818AD26DC9 (0, 0)
1764803650: Received PUBLISH from auto-64D71F60-566B-807E-BF7E-29818AD26DC9 (d0, q0, r0, m0, 'sensors/data', ... (15 bytes))
1764803650: Sending PUBLISH to auto-2F7A09BB-D38F-C528-9CAC-3B0F7F039058 (d0, q0, r0, m0, 'sensors/data', ... (15 bytes))
1764803655: Received PUBLISH from auto-64D71F60-566B-807E-BF7E-29818AD26DC9 (d0, q0, r0, m0, 'sensors/data', ... (15 bytes))
1764803655: Sending PUBLISH to auto-2F7A09BB-D38F-C528-9CAC-3B0F7F039058 (d0, q0, r0, m0, 'sensors/data', ... (15 bytes))
1764803660: Received PUBLISH from auto-64D71F60-566B-807E-BF7E-29818AD26DC9 (d0, q0, r0, m0, 'sensors/data', ... (17 bytes))
1764803660: Sending PUBLISH to auto-2F7A09BB-D38F-C528-9CAC-3B0F7F039058 (d0, q0, r0, m0, 'sensors/data', ... (17 bytes))
1764803665: Received PUBLISH from auto-64D71F60-566B-807E-BF7E-29818AD26DC9 (d0, q0, r0, m0, 'sensors/data', ... (17 bytes))
1764803665: Sending PUBLISH to auto-2F7A09BB-D38F-C528-9CAC-3B0F7F039058 (d0, q0, r0, m0, 'sensors/data', ... (17 bytes))
1764803670: Received PUBLISH from auto-64D71F60-566B-807E-BF7E-29818AD26DC9 (d0, q0, r0, m0, 'sensors/data', ... (17 bytes))
1764803670: Sending PUBLISH to auto-2F7A09BB-D38F-C528-9CAC-3B0F7F039058 (d0, q0, r0, m0, 'sensors/data', ... (17 bytes))
1764803675: Received PUBLISH from auto-64D71F60-566B-807E-BF7E-29818AD26DC9 (d0, q0, r0, m0, 'sensors/data', ... (17 bytes))
1764803675: Sending PUBLISH to auto-2F7A09BB-D38F-C528-9CAC-3B0F7F039058 (d0, q0, r0, m0, 'sensors/data', ... (17 bytes))
1764803681: Received PUBLISH from auto-64D71F60-566B-807E-BF7E-29818AD26DC9 (d0, q0, r0, m0, 'sensors/data', ... (14 bytes))
1764803681: Sending PUBLISH to auto-2F7A09BB-D38F-C528-9CAC-3B0F7F039058 (d0, q0, r0, m0, 'sensors/data', ... (14 bytes))
1764803686: Received PUBLISH from auto-64D71F60-566B-807E-BF7E-29818AD26DC9 (d0, q0, r0, m0, 'sensors/data', ... (15 bytes))
1764803686: Sending PUBLISH to auto-2F7A09BB-D38F-C528-9CAC-3B0F7F039058 (d0, q0, r0, m0, 'sensors/data', ... (15 bytes))
1764803691: Received PUBLISH from auto-64D71F60-566B-807E-BF7E-29818AD26DC9 (d0, q0, r0, m0, 'sensors/data', ... (17 bytes))
1764803691: Sending PUBLISH to auto-2F7A09BB-D38F-C528-9CAC-3B0F7F039058 (d0, q0, r0, m0, 'sensors/data', ... (17 bytes))
1764803696: Received PUBLISH from auto-64D71F60-566B-807E-BF7E-29818AD26DC9 (d0, q0, r0, m0, 'sensors/data', ... (17 bytes))
1764803696: Sending PUBLISH to auto-2F7A09BB-D38F-C528-9CAC-3B0F7F039058 (d0, q0, r0, m0, 'sensors/data', ... (17 bytes))
1764803701: Received PUBLISH from auto-64D71F60-566B-807E-BF7E-29818AD26DC9 (d0, q0, r0, m0, 'sensors/data', ... (17 bytes))
1764803701: Sending PUBLISH to auto-2F7A09BB-D38F-C528-9CAC-3B0F7F039058 (d0, q0, r0, m0, 'sensors/data', ... (17 bytes))
1764803706: Received PUBLISH from auto-64D71F60-566B-807E-BF7E-29818AD26DC9 (d0, q0, r0, m0, 'sensors/data', ... (17 bytes))
1764803706: Sending PUBLISH to auto-2F7A09BB-D38F-C528-9CAC-3B0F7F039058 (d0, q0, r0, m0, 'sensors/data', ... (17 bytes))
1764803707: Received PINGREQ from auto-2F7A09BB-D38F-C528-9CAC-3B0F7F039058
1764803707: Sending PINGRESP to auto-2F7A09BB-D38F-C528-9CAC-3B0F7F039058
1764803711: Received PUBLISH from auto-64D71F60-566B-807E-BF7E-29818AD26DC9 (d0, q0, r0, m0, 'sensors/data', ... (15 bytes))
1764803711: Sending PUBLISH to auto-2F7A09BB-D38F-C528-9CAC-3B0F7F039058 (d0, q0, r0, m0, 'sensors/data', ... (15 bytes))
1764803716: Received PUBLISH from auto-64D71F60-566B-807E-BF7E-29818AD26DC9 (d0, q0, r0, m0, 'sensors/data', ... (17 bytes))
1764803716: Sending PUBLISH to auto-2F7A09BB-D38F-C528-9CAC-3B0F7F039058 (d0, q0, r0, m0, 'sensors/data', ... (17 bytes))
1764803721: Received PUBLISH from auto-64D71F60-566B-807E-BF7E-29818AD26DC9 (d0, q0, r0, m0, 'sensors/data', ... (17 bytes))
1764803721: Sending PUBLISH to auto-2F7A09BB-D38F-C528-9CAC-3B0F7F039058 (d0, q0, r0, m0, 'sensors/data', ... (17 bytes))
1764803726: Received PUBLISH from auto-64D71F60-566B-807E-BF7E-29818AD26DC9 (d0, q0, r0, m0, 'sensors/data', ... (17 bytes))
1764803726: Sending PUBLISH to auto-2F7A09BB-D38F-C528-9CAC-3B0F7F039058 (d0, q0, r0, m0, 'sensors/data', ... (17 bytes))
1764803731: Received PUBLISH from auto-64D71F60-566B-807E-BF7E-29818AD26DC9 (d0, q0, r0, m0, 'sensors/data', ... (15 bytes))
1764803731: Sending PUBLISH to auto-2F7A09BB-D38F-C528-9CAC-3B0F7F039058 (d0, q0, r0, m0, 'sensors/data', ... (15 bytes))
1764803736: Received PUBLISH from auto-64D71F60-566B-807E-BF7E-29818AD26DC9 (d0, q0, r0, m0, 'sensors/data', ... (15 bytes))
1764803736: Sending PUBLISH to auto-2F7A09BB-D38F-C528-9CAC-3B0F7F039058 (d0, q0, r0, m0, 'sensors/data', ... (15 bytes))
1764803742: Received PUBLISH from auto-64D71F60-566B-807E-BF7E-29818AD26DC9 (d0, q0, r0, m0, 'sensors/data', ... (15 bytes))
1764803742: Sending PUBLISH to auto-2F7A09BB-D38F-C528-9CAC-3B0F7F039058 (d0, q0, r0, m0, 'sensors/data', ... (15 bytes))
1764803747: Received PUBLISH from auto-64D71F60-566B-807E-BF7E-29818AD26DC9 (d0, q0, r0, m0, 'sensors/data', ... (15 bytes))
1764803747: Sending PUBLISH to auto-2F7A09BB-D38F-C528-9CAC-3B0F7F039058 (d0, q0, r0, m0, 'sensors/data', ... (15 bytes))
1764803752: Received PUBLISH from auto-64D71F60-566B-807E-BF7E-29818AD26DC9 (d0, q0, r0, m0, 'sensors/data', ... (15 bytes))
1764803752: Sending PUBLISH to auto-2F7A09BB-D38F-C528-9CAC-3B0F7F039058 (d0, q0, r0, m0, 'sensors/data', ... (15 bytes))
1764803757: Received PUBLISH from auto-64D71F60-566B-807E-BF7E-29818AD26DC9 (d0, q0, r0, m0, 'sensors/data', ... (15 bytes))
1764803757: Sending PUBLISH to auto-2F7A09BB-D38F-C528-9CAC-3B0F7F039058 (d0, q0, r0, m0, 'sensors/data', ... (15 bytes))
1764803762: Received PUBLISH from auto-64D71F60-566B-807E-BF7E-29818AD26DC9 (d0, q0, r0, m0, 'sensors/data', ... (15 bytes))
1764803762: Sending PUBLISH to auto-2F7A09BB-D38F-C528-9CAC-3B0F7F039058 (d0, q0, r0, m0, 'sensors/data', ... (15 bytes))
1764803767: Received PUBLISH from auto-64D71F60-566B-807E-BF7E-29818AD26DC9 (d0, q0, r0, m0, 'sensors/data', ... (14 bytes))
1764803767: Sending PUBLISH to auto-2F7A09BB-D38F-C528-9CAC-3B0F7F039058 (d0, q0, r0, m0, 'sensors/data', ... (14 bytes))
1764803768: Received PINGREQ from auto-2F7A09BB-D38F-C528-9CAC-3B0F7F039058
1764803768: Sending PINGRESP to auto-2F7A09BB-D38F-C528-9CAC-3B0F7F039058
1764803772: Received PUBLISH from auto-64D71F60-566B-807E-BF7E-29818AD26DC9 (d0, q0, r0, m0, 'sensors/data', ... (17 bytes))
1764803772: Sending PUBLISH to auto-2F7A09BB-D38F-C528-9CAC-3B0F7F039058 (d0, q0, r0, m0, 'sensors/data', ... (17 bytes))
1764803777: Received PUBLISH from auto-64D71F60-566B-807E-BF7E-29818AD26DC9 (d0, q0, r0, m0, 'sensors/data', ... (15 bytes))
1764803777: Sending PUBLISH to auto-2F7A09BB-D38F-C528-9CAC-3B0F7F039058 (d0, q0, r0, m0, 'sensors/data', ... (15 bytes))
1764803782: Received PUBLISH from auto-64D71F60-566B-807E-BF7E-29818AD26DC9 (d0, q0, r0, m0, 'sensors/data', ... (15 bytes))
1764803782: Sending PUBLISH to auto-2F7A09BB-D38F-C528-9CAC-3B0F7F039058 (d0, q0, r0, m0, 'sensors/data', ... (15 bytes))
1764803787: Received PUBLISH from auto-64D71F60-566B-807E-BF7E-29818AD26DC9 (d0, q0, r0, m0, 'sensors/data', ... (15 bytes))
1764803787: Sending PUBLISH to auto-2F7A09BB-D38F-C528-9CAC-3B0F7F039058 (d0, q0, r0, m0, 'sensors/data', ... (15 bytes))
1764803792: Received PUBLISH from auto-64D71F60-566B-807E-BF7E-29818AD26DC9 (d0, q0, r0, m0, 'sensors/data', ... (15 bytes))
1764803792: Sending PUBLISH to auto-2F7A09BB-D38F-C528-9CAC-3B0F7F039058 (d0, q0, r0, m0, 'sensors/data', ... (15 bytes))
1764803797: Received PUBLISH from auto-64D71F60-566B-807E-BF7E-29818AD26DC9 (d0, q0, r0, m0, 'sensors/data', ... (17 bytes))
1764803797: Sending PUBLISH to auto-2F7A09BB-D38F-C528-9CAC-3B0F7F039058 (d0, q0, r0, m0, 'sensors/data', ... (17 bytes))
1764803803: Received PUBLISH from auto-64D71F60-566B-807E-BF7E-29818AD26DC9 (d0, q0, r0, m0, 'sensors/data', ... (17 bytes))
1764803803: Sending PUBLISH to auto-2F7A09BB-D38F-C528-9CAC-3B0F7F039058 (d0, q0, r0, m0, 'sensors/data', ... (17 bytes))
1764803808: Received PUBLISH from auto-64D71F60-566B-807E-BF7E-29818AD26DC9 (d0, q0, r0, m0, 'sensors/data', ... (15 bytes))
1764803808: Sending PUBLISH to auto-2F7A09BB-D38F-C528-9CAC-3B0F7F039058 (d0, q0, r0, m0, 'sensors/data', ... (15 bytes))
1764803813: Received PUBLISH from auto-64D71F60-566B-807E-BF7E-29818AD26DC9 (d0, q0, r0, m0, 'sensors/data', ... (15 bytes))
1764803813: Sending PUBLISH to auto-2F7A09BB-D38F-C528-9CAC-3B0F7F039058 (d0, q0, r0, m0, 'sensors/data', ... (15 bytes))
1764803818: Received PUBLISH from auto-64D71F60-566B-807E-BF7E-29818AD26DC9 (d0, q0, r0, m0, 'sensors/data', ... (14 bytes))
1764803818: Sending PUBLISH to auto-2F7A09BB-D38F-C528-9CAC-3B0F7F039058 (d0, q0, r0, m0, 'sensors/data', ... (14 bytes))
1764803823: Received PUBLISH from auto-64D71F60-566B-807E-BF7E-29818AD26DC9 (d0, q0, r0, m0, 'sensors/data', ... (15 bytes))
1764803823: Sending PUBLISH to auto-2F7A09BB-D38F-C528-9CAC-3B0F7F039058 (d0, q0, r0, m0, 'sensors/data', ... (15 bytes))
1764803828: Received PUBLISH from auto-64D71F60-566B-807E-BF7E-29818AD26DC9 (d0, q0, r0, m0, 'sensors/data', ... (17 bytes))
1764803828: Sending PUBLISH to auto-2F7A09BB-D38F-C528-9CAC-3B0F7F039058 (d0, q0, r0, m0, 'sensors/data', ... (17 bytes))
1764803829: Received PINGREQ from auto-2F7A09BB-D38F-C528-9CAC-3B0F7F039058
1764803829: Sending PINGRESP to auto-2F7A09BB-D38F-C528-9CAC-3B0F7F039058
1764803833: Received PUBLISH from auto-64D71F60-566B-807E-BF7E-29818AD26DC9 (d0, q0, r0, m0, 'sensors/data', ... (15 bytes))
1764803833: Sending PUBLISH to auto-2F7A09BB-D38F-C528-9CAC-3B0F7F039058 (d0, q0, r0, m0, 'sensors/data', ... (15 bytes))
1764803838: Received PUBLISH from auto-64D71F60-566B-807E-BF7E-29818AD26DC9 (d0, q0, r0, m0, 'sensors/data', ... (15 bytes))
1764803838: Sending PUBLISH to auto-2F7A09BB-D38F-C528-9CAC-3B0F7F039058 (d0, q0, r0, m0, 'sensors/data', ... (15 bytes))
1764803843: Received PUBLISH from auto-64D71F60-566B-807E-BF7E-29818AD26DC9 (d0, q0, r0, m0, 'sensors/data', ... (15 bytes))
1764803843: Sending PUBLISH to auto-2F7A09BB-D38F-C528-9CAC-3B0F7F039058 (d0, q0, r0, m0, 'sensors/data', ... (15 bytes))
1764803848: Received PUBLISH from auto-64D71F60-566B-807E-BF7E-29818AD26DC9 (d0, q0, r0, m0, 'sensors/data', ... (15 bytes))
1764803848: Sending PUBLISH to auto-2F7A09BB-D38F-C528-9CAC-3B0F7F039058 (d0, q0, r0, m0, 'sensors/data', ... (15 bytes))
1764803853: Received PUBLISH from auto-64D71F60-566B-807E-BF7E-29818AD26DC9 (d0, q0, r0, m0, 'sensors/data', ... (17 bytes))
1764803853: Sending PUBLISH to auto-2F7A09BB-D38F-C528-9CAC-3B0F7F039058 (d0, q0, r0, m0, 'sensors/data', ... (17 bytes))
1764803858: Received PUBLISH from auto-64D71F60-566B-807E-BF7E-29818AD26DC9 (d0, q0, r0, m0, 'sensors/data', ... (15 bytes))
1764803858: Sending PUBLISH to auto-2F7A09BB-D38F-C528-9CAC-3B0F7F039058 (d0, q0, r0, m0, 'sensors/data', ... (15 bytes))
1764803864: Received PUBLISH from auto-64D71F60-566B-807E-BF7E-29818AD26DC9 (d0, q0, r0, m0, 'sensors/data', ... (16 bytes))
1764803864: Sending PUBLISH to auto-2F7A09BB-D38F-C528-9CAC-3B0F7F039058 (d0, q0, r0, m0, 'sensors/data', ... (16 bytes))
1764803869: Received PUBLISH from auto-64D71F60-566B-807E-BF7E-29818AD26DC9 (d0, q0, r0, m0, 'sensors/data', ... (16 bytes))
1764803869: Sending PUBLISH to auto-2F7A09BB-D38F-C528-9CAC-3B0F7F039058 (d0, q0, r0, m0, 'sensors/data', ... (16 bytes))
1764803874: Received PUBLISH from auto-64D71F60-566B-807E-BF7E-29818AD26DC9 (d0, q0, r0, m0, 'sensors/data', ... (17 bytes))
1764803874: Sending PUBLISH to auto-2F7A09BB-D38F-C528-9CAC-3B0F7F039058 (d0, q0, r0, m0, 'sensors/data', ... (17 bytes))
1764803879: Received PUBLISH from auto-64D71F60-566B-807E-BF7E-29818AD26DC9 (d0, q0, r0, m0, 'sensors/data', ... (17 bytes))
1764803879: Sending PUBLISH to auto-2F7A09BB-D38F-C528-9CAC-3B0F7F039058 (d0, q0, r0, m0, 'sensors/data', ... (17 bytes))
1764803884: Received PUBLISH from auto-64D71F60-566B-807E-BF7E-29818AD26DC9 (d0, q0, r0, m0, 'sensors/data', ... (14 bytes))
1764803884: Sending PUBLISH to auto-2F7A09BB-D38F-C528-9CAC-3B0F7F039058 (d0, q0, r0, m0, 'sensors/data', ... (14 bytes))
1764803889: Received PUBLISH from auto-64D71F60-566B-807E-BF7E-29818AD26DC9 (d0, q0, r0, m0, 'sensors/data', ... (15 bytes))
1764803889: Sending PUBLISH to auto-2F7A09BB-D38F-C528-9CAC-3B0F7F039058 (d0, q0, r0, m0, 'sensors/data', ... (15 bytes))
1764803890: Received PINGREQ from auto-2F7A09BB-D38F-C528-9CAC-3B0F7F039058
1764803890: Sending PINGRESP to auto-2F7A09BB-D38F-C528-9CAC-3B0F7F039058
1764803894: Received PUBLISH from auto-64D71F60-566B-807E-BF7E-29818AD26DC9 (d0, q0, r0, m0, 'sensors/data', ... (17 bytes))
1764803894: Sending PUBLISH to auto-2F7A09BB-D38F-C528-9CAC-3B0F7F039058 (d0, q0, r0, m0, 'sensors/data', ... (17 bytes))
1764803899: Received PUBLISH from auto-64D71F60-566B-807E-BF7E-29818AD26DC9 (d0, q0, r0, m0, 'sensors/data', ... (17 bytes))
1764803899: Sending PUBLISH to auto-2F7A09BB-D38F-C528-9CAC-3B0F7F039058 (d0, q0, r0, m0, 'sensors/data', ... (17 bytes))
1764803904: Received PUBLISH from auto-64D71F60-566B-807E-BF7E-29818AD26DC9 (d0, q0, r0, m0, 'sensors/data', ... (14 bytes))
1764803904: Sending PUBLISH to auto-2F7A09BB-D38F-C528-9CAC-3B0F7F039058 (d0, q0, r0, m0, 'sensors/data', ... (14 bytes))
1764803909: Received PUBLISH from auto-64D71F60-566B-807E-BF7E-29818AD26DC9 (d0, q0, r0, m0, 'sensors/data', ... (16 bytes))
1764803909: Sending PUBLISH to auto-2F7A09BB-D38F-C528-9CAC-3B0F7F039058 (d0, q0, r0, m0, 'sensors/data', ... (16 bytes))
1764803914: Received PUBLISH from auto-64D71F60-566B-807E-BF7E-29818AD26DC9 (d0, q0, r0, m0, 'sensors/data', ... (14 bytes))
1764803914: Sending PUBLISH to auto-2F7A09BB-D38F-C528-9CAC-3B0F7F039058 (d0, q0, r0, m0, 'sensors/data', ... (14 bytes))
1764803919: Received PUBLISH from auto-64D71F60-566B-807E-BF7E-29818AD26DC9 (d0, q0, r0, m0, 'sensors/data', ... (17 bytes))
1764803919: Sending PUBLISH to auto-2F7A09BB-D38F-C528-9CAC-3B0F7F039058 (d0, q0, r0, m0, 'sensors/data', ... (17 bytes))
1764803925: Received PUBLISH from auto-64D71F60-566B-807E-BF7E-29818AD26DC9 (d0, q0, r0, m0, 'sensors/data', ... (15 bytes))
1764803925: Sending PUBLISH to auto-2F7A09BB-D38F-C528-9CAC-3B0F7F039058 (d0, q0, r0, m0, 'sensors/data', ... (15 bytes))
1764803930: Received PUBLISH from auto-64D71F60-566B-807E-BF7E-29818AD26DC9 (d0, q0, r0, m0, 'sensors/data', ... (16 bytes))
1764803930: Sending PUBLISH to auto-2F7A09BB-D38F-C528-9CAC-3B0F7F039058 (d0, q0, r0, m0, 'sensors/data', ... (16 bytes))
1764803935: Received PUBLISH from auto-64D71F60-566B-807E-BF7E-29818AD26DC9 (d0, q0, r0, m0, 'sensors/data', ... (15 bytes))
1764803935: Sending PUBLISH to auto-2F7A09BB-D38F-C528-9CAC-3B0F7F039058 (d0, q0, r0, m0, 'sensors/data', ... (15 bytes))
1764803940: Received PUBLISH from auto-64D71F60-566B-807E-BF7E-29818AD26DC9 (d0, q0, r0, m0, 'sensors/data', ... (15 bytes))
1764803940: Sending PUBLISH to auto-2F7A09BB-D38F-C528-9CAC-3B0F7F039058 (d0, q0, r0, m0, 'sensors/data', ... (15 bytes))
1764803945: Received PUBLISH from auto-64D71F60-566B-807E-BF7E-29818AD26DC9 (d0, q0, r0, m0, 'sensors/data', ... (15 bytes))
1764803945: Sending PUBLISH to auto-2F7A09BB-D38F-C528-9CAC-3B0F7F039058 (d0, q0, r0, m0, 'sensors/data', ... (15 bytes))
1764803950: Received PUBLISH from auto-64D71F60-566B-807E-BF7E-29818AD26DC9 (d0, q0, r0, m0, 'sensors/data', ... (16 bytes))
1764803950: Sending PUBLISH to auto-2F7A09BB-D38F-C528-9CAC-3B0F7F039058 (d0, q0, r0, m0, 'sensors/data', ... (16 bytes))
1764803951: Received PINGREQ from auto-2F7A09BB-D38F-C528-9CAC-3B0F7F039058
1764803951: Sending PINGRESP to auto-2F7A09BB-D38F-C528-9CAC-3B0F7F039058
1764803955: Received PUBLISH from auto-64D71F60-566B-807E-BF7E-29818AD26DC9 (d0, q0, r0, m0, 'sensors/data', ... (17 bytes))
1764803955: Sending PUBLISH to auto-2F7A09BB-D38F-C528-9CAC-3B0F7F039058 (d0, q0, r0, m0, 'sensors/data', ... (17 bytes))
1764803960: Received PUBLISH from auto-64D71F60-566B-807E-BF7E-29818AD26DC9 (d0, q0, r0, m0, 'sensors/data', ... (14 bytes))
1764803960: Sending PUBLISH to auto-2F7A09BB-D38F-C528-9CAC-3B0F7F039058 (d0, q0, r0, m0, 'sensors/data', ... (14 bytes))
1764803965: Received PUBLISH from auto-64D71F60-566B-807E-BF7E-29818AD26DC9 (d0, q0, r0, m0, 'sensors/data', ... (15 bytes))
1764803965: Sending PUBLISH to auto-2F7A09BB-D38F-C528-9CAC-3B0F7F039058 (d0, q0, r0, m0, 'sensors/data', ... (15 bytes))
1764803970: Received PUBLISH from auto-64D71F60-566B-807E-BF7E-29818AD26DC9 (d0, q0, r0, m0, 'sensors/data', ... (16 bytes))
1764803970: Sending PUBLISH to auto-2F7A09BB-D38F-C528-9CAC-3B0F7F039058 (d0, q0, r0, m0, 'sensors/data', ... (16 bytes))
1764803975: Received PUBLISH from auto-64D71F60-566B-807E-BF7E-29818AD26DC9 (d0, q0, r0, m0, 'sensors/data', ... (15 bytes))
1764803975: Sending PUBLISH to auto-2F7A09BB-D38F-C528-9CAC-3B0F7F039058 (d0, q0, r0, m0, 'sensors/data', ... (15 bytes))
1764803980: Received PUBLISH from auto-64D71F60-566B-807E-BF7E-29818AD26DC9 (d0, q0, r0, m0, 'sensors/data', ... (15 bytes))
1764803980: Sending PUBLISH to auto-2F7A09BB-D38F-C528-9CAC-3B0F7F039058 (d0, q0, r0, m0, 'sensors/data', ... (15 bytes))
1764803986: Received PUBLISH from auto-64D71F60-566B-807E-BF7E-29818AD26DC9 (d0, q0, r0, m0, 'sensors/data', ... (15 bytes))
1764803986: Sending PUBLISH to auto-2F7A09BB-D38F-C528-9CAC-3B0F7F039058 (d0, q0, r0, m0, 'sensors/data', ... (15 bytes))
1764803991: Received PUBLISH from auto-64D71F60-566B-807E-BF7E-29818AD26DC9 (d0, q0, r0, m0, 'sensors/data', ... (17 bytes))
1764803991: Sending PUBLISH to auto-2F7A09BB-D38F-C528-9CAC-3B0F7F039058 (d0, q0, r0, m0, 'sensors/data', ... (17 bytes))
1764803996: Received PUBLISH from auto-64D71F60-566B-807E-BF7E-29818AD26DC9 (d0, q0, r0, m0, 'sensors/data', ... (17 bytes))
1764803996: Sending PUBLISH to auto-2F7A09BB-D38F-C528-9CAC-3B0F7F039058 (d0, q0, r0, m0, 'sensors/data', ... (17 bytes))
1764804001: Received PUBLISH from auto-64D71F60-566B-807E-BF7E-29818AD26DC9 (d0, q0, r0, m0, 'sensors/data', ... (14 bytes))
1764804001: Sending PUBLISH to auto-2F7A09BB-D38F-C528-9CAC-3B0F7F039058 (d0, q0, r0, m0, 'sensors/data', ... (14 bytes))
1764804006: Received PUBLISH from auto-64D71F60-566B-807E-BF7E-29818AD26DC9 (d0, q0, r0, m0, 'sensors/data', ... (17 bytes))
1764804006: Sending PUBLISH to auto-2F7A09BB-D38F-C528-9CAC-3B0F7F039058 (d0, q0, r0, m0, 'sensors/data', ... (17 bytes))
1764804011: Received PUBLISH from auto-64D71F60-566B-807E-BF7E-29818AD26DC9 (d0, q0, r0, m0, 'sensors/data', ... (17 bytes))
1764804011: Sending PUBLISH to auto-2F7A09BB-D38F-C528-9CAC-3B0F7F039058 (d0, q0, r0, m0, 'sensors/data', ... (17 bytes))
1764804012: Received PINGREQ from auto-2F7A09BB-D38F-C528-9CAC-3B0F7F039058
1764804012: Sending PINGRESP to auto-2F7A09BB-D38F-C528-9CAC-3B0F7F039058
1764804016: Received PUBLISH from auto-64D71F60-566B-807E-BF7E-29818AD26DC9 (d0, q0, r0, m0, 'sensors/data', ... (15 bytes))
1764804016: Sending PUBLISH to auto-2F7A09BB-D38F-C528-9CAC-3B0F7F039058 (d0, q0, r0, m0, 'sensors/data', ... (15 bytes))
1764804021: Received PUBLISH from auto-64D71F60-566B-807E-BF7E-29818AD26DC9 (d0, q0, r0, m0, 'sensors/data', ... (16 bytes))
1764804021: Sending PUBLISH to auto-2F7A09BB-D38F-C528-9CAC-3B0F7F039058 (d0, q0, r0, m0, 'sensors/data', ... (16 bytes))
1764804026: Received PUBLISH from auto-64D71F60-566B-807E-BF7E-29818AD26DC9 (d0, q0, r0, m0, 'sensors/data', ... (16 bytes))
1764804026: Sending PUBLISH to auto-2F7A09BB-D38F-C528-9CAC-3B0F7F039058 (d0, q0, r0, m0, 'sensors/data', ... (16 bytes))
1764804031: Received PUBLISH from auto-64D71F60-566B-807E-BF7E-29818AD26DC9 (d0, q0, r0, m0, 'sensors/data', ... (16 bytes))
1764804031: Sending PUBLISH to auto-2F7A09BB-D38F-C528-9CAC-3B0F7F039058 (d0, q0, r0, m0, 'sensors/data', ... (16 bytes))
1764804036: Received PUBLISH from auto-64D71F60-566B-807E-BF7E-29818AD26DC9 (d0, q0, r0, m0, 'sensors/data', ... (14 bytes))
1764804036: Sending PUBLISH to auto-2F7A09BB-D38F-C528-9CAC-3B0F7F039058 (d0, q0, r0, m0, 'sensors/data', ... (14 bytes))
1764804041: Received PUBLISH from auto-64D71F60-566B-807E-BF7E-29818AD26DC9 (d0, q0, r0, m0, 'sensors/data', ... (15 bytes))
1764804041: Sending PUBLISH to auto-2F7A09BB-D38F-C528-9CAC-3B0F7F039058 (d0, q0, r0, m0, 'sensors/data', ... (15 bytes))
1764804046: Received PUBLISH from auto-64D71F60-566B-807E-BF7E-29818AD26DC9 (d0, q0, r0, m0, 'sensors/data', ... (15 bytes))
1764804046: Sending PUBLISH to auto-2F7A09BB-D38F-C528-9CAC-3B0F7F039058 (d0, q0, r0, m0, 'sensors/data', ... (15 bytes))
1764804052: Received PUBLISH from auto-64D71F60-566B-807E-BF7E-29818AD26DC9 (d0, q0, r0, m0, 'sensors/data', ... (16 bytes))
1764804052: Sending PUBLISH to auto-2F7A09BB-D38F-C528-9CAC-3B0F7F039058 (d0, q0, r0, m0, 'sensors/data', ... (16 bytes))
1764804057: Received PUBLISH from auto-64D71F60-566B-807E-BF7E-29818AD26DC9 (d0, q0, r0, m0, 'sensors/data', ... (15 bytes))
1764804057: Sending PUBLISH to auto-2F7A09BB-D38F-C528-9CAC-3B0F7F039058 (d0, q0, r0, m0, 'sensors/data', ... (15 bytes))
1764804062: Received PUBLISH from auto-64D71F60-566B-807E-BF7E-29818AD26DC9 (d0, q0, r0, m0, 'sensors/data', ... (15 bytes))
1764804062: Sending PUBLISH to auto-2F7A09BB-D38F-C528-9CAC-3B0F7F039058 (d0, q0, r0, m0, 'sensors/data', ... (15 bytes))
1764804067: Received PUBLISH from auto-64D71F60-566B-807E-BF7E-29818AD26DC9 (d0, q0, r0, m0, 'sensors/data', ... (15 bytes))
1764804067: Sending PUBLISH to auto-2F7A09BB-D38F-C528-9CAC-3B0F7F039058 (d0, q0, r0, m0, 'sensors/data', ... (15 bytes))
1764804072: Received PUBLISH from auto-64D71F60-566B-807E-BF7E-29818AD26DC9 (d0, q0, r0, m0, 'sensors/data', ... (15 bytes))
1764804072: Sending PUBLISH to auto-2F7A09BB-D38F-C528-9CAC-3B0F7F039058 (d0, q0, r0, m0, 'sensors/data', ... (15 bytes))
1764804073: Received PINGREQ from auto-2F7A09BB-D38F-C528-9CAC-3B0F7F039058
1764804073: Sending PINGRESP to auto-2F7A09BB-D38F-C528-9CAC-3B0F7F039058
1764804077: Received PUBLISH from auto-64D71F60-566B-807E-BF7E-29818AD26DC9 (d0, q0, r0, m0, 'sensors/data', ... (16 bytes))
1764804077: Sending PUBLISH to auto-2F7A09BB-D38F-C528-9CAC-3B0F7F039058 (d0, q0, r0, m0, 'sensors/data', ... (16 bytes))
1764804082: Received PUBLISH from auto-64D71F60-566B-807E-BF7E-29818AD26DC9 (d0, q0, r0, m0, 'sensors/data', ... (15 bytes))
1764804082: Sending PUBLISH to auto-2F7A09BB-D38F-C528-9CAC-3B0F7F039058 (d0, q0, r0, m0, 'sensors/data', ... (15 bytes))
1764804087: Received PUBLISH from auto-64D71F60-566B-807E-BF7E-29818AD26DC9 (d0, q0, r0, m0, 'sensors/data', ... (17 bytes))
1764804087: Sending PUBLISH to auto-2F7A09BB-D38F-C528-9CAC-3B0F7F039058 (d0, q0, r0, m0, 'sensors/data', ... (17 bytes))
1764804092: Received PUBLISH from auto-64D71F60-566B-807E-BF7E-29818AD26DC9 (d0, q0, r0, m0, 'sensors/data', ... (17 bytes))
1764804092: Sending PUBLISH to auto-2F7A09BB-D38F-C528-9CAC-3B0F7F039058 (d0, q0, r0, m0, 'sensors/data', ... (17 bytes))
1764804097: Received PUBLISH from auto-64D71F60-566B-807E-BF7E-29818AD26DC9 (d0, q0, r0, m0, 'sensors/data', ... (16 bytes))
1764804097: Sending PUBLISH to auto-2F7A09BB-D38F-C528-9CAC-3B0F7F039058 (d0, q0, r0, m0, 'sensors/data', ... (16 bytes))
1764804102: Received PUBLISH from auto-64D71F60-566B-807E-BF7E-29818AD26DC9 (d0, q0, r0, m0, 'sensors/data', ... (14 bytes))
1764804102: Sending PUBLISH to auto-2F7A09BB-D38F-C528-9CAC-3B0F7F039058 (d0, q0, r0, m0, 'sensors/data', ... (14 bytes))
1764804107: Received PUBLISH from auto-64D71F60-566B-807E-BF7E-29818AD26DC9 (d0, q0, r0, m0, 'sensors/data', ... (15 bytes))
1764804107: Sending PUBLISH to auto-2F7A09BB-D38F-C528-9CAC-3B0F7F039058 (d0, q0, r0, m0, 'sensors/data', ... (15 bytes))
1764804113: Received PUBLISH from auto-64D71F60-566B-807E-BF7E-29818AD26DC9 (d0, q0, r0, m0, 'sensors/data', ... (14 bytes))
1764804113: Sending PUBLISH to auto-2F7A09BB-D38F-C528-9CAC-3B0F7F039058 (d0, q0, r0, m0, 'sensors/data', ... (14 bytes))
1764804118: Received PUBLISH from auto-64D71F60-566B-807E-BF7E-29818AD26DC9 (d0, q0, r0, m0, 'sensors/data', ... (16 bytes))
1764804118: Sending PUBLISH to auto-2F7A09BB-D38F-C528-9CAC-3B0F7F039058 (d0, q0, r0, m0, 'sensors/data', ... (16 bytes))
1764804123: Received PUBLISH from auto-64D71F60-566B-807E-BF7E-29818AD26DC9 (d0, q0, r0, m0, 'sensors/data', ... (16 bytes))
1764804123: Sending PUBLISH to auto-2F7A09BB-D38F-C528-9CAC-3B0F7F039058 (d0, q0, r0, m0, 'sensors/data', ... (16 bytes))
1764804128: Received PUBLISH from auto-64D71F60-566B-807E-BF7E-29818AD26DC9 (d0, q0, r0, m0, 'sensors/data', ... (14 bytes))
1764804128: Sending PUBLISH to auto-2F7A09BB-D38F-C528-9CAC-3B0F7F039058 (d0, q0, r0, m0, 'sensors/data', ... (14 bytes))
1764804133: Received PUBLISH from auto-64D71F60-566B-807E-BF7E-29818AD26DC9 (d0, q0, r0, m0, 'sensors/data', ... (14 bytes))
1764804133: Sending PUBLISH to auto-2F7A09BB-D38F-C528-9CAC-3B0F7F039058 (d0, q0, r0, m0, 'sensors/data', ... (14 bytes))
1764804134: Received PINGREQ from auto-2F7A09BB-D38F-C528-9CAC-3B0F7F039058
1764804134: Sending PINGRESP to auto-2F7A09BB-D38F-C528-9CAC-3B0F7F039058
1764804138: Received PUBLISH from auto-64D71F60-566B-807E-BF7E-29818AD26DC9 (d0, q0, r0, m0, 'sensors/data', ... (14 bytes))
1764804138: Sending PUBLISH to auto-2F7A09BB-D38F-C528-9CAC-3B0F7F039058 (d0, q0, r0, m0, 'sensors/data', ... (14 bytes))
1764804143: Received PUBLISH from auto-64D71F60-566B-807E-BF7E-29818AD26DC9 (d0, q0, r0, m0, 'sensors/data', ... (14 bytes))
1764804143: Sending PUBLISH to auto-2F7A09BB-D38F-C528-9CAC-3B0F7F039058 (d0, q0, r0, m0, 'sensors/data', ... (14 bytes))
1764804148: Received PUBLISH from auto-64D71F60-566B-807E-BF7E-29818AD26DC9 (d0, q0, r0, m0, 'sensors/data', ... (15 bytes))
1764804148: Sending PUBLISH to auto-2F7A09BB-D38F-C528-9CAC-3B0F7F039058 (d0, q0, r0, m0, 'sensors/data', ... (15 bytes))
1764804153: Received PUBLISH from auto-64D71F60-566B-807E-BF7E-29818AD26DC9 (d0, q0, r0, m0, 'sensors/data', ... (16 bytes))
1764804153: Sending PUBLISH to auto-2F7A09BB-D38F-C528-9CAC-3B0F7F039058 (d0, q0, r0, m0, 'sensors/data', ... (16 bytes))
1764804158: Received PUBLISH from auto-64D71F60-566B-807E-BF7E-29818AD26DC9 (d0, q0, r0, m0, 'sensors/data', ... (17 bytes))
1764804158: Sending PUBLISH to auto-2F7A09BB-D38F-C528-9CAC-3B0F7F039058 (d0, q0, r0, m0, 'sensors/data', ... (17 bytes))
1764804163: Received PUBLISH from auto-64D71F60-566B-807E-BF7E-29818AD26DC9 (d0, q0, r0, m0, 'sensors/data', ... (15 bytes))
1764804163: Sending PUBLISH to auto-2F7A09BB-D38F-C528-9CAC-3B0F7F039058 (d0, q0, r0, m0, 'sensors/data', ... (15 bytes))
1764804168: Received PUBLISH from auto-64D71F60-566B-807E-BF7E-29818AD26DC9 (d0, q0, r0, m0, 'sensors/data', ... (17 bytes))
1764804168: Sending PUBLISH to auto-2F7A09BB-D38F-C528-9CAC-3B0F7F039058 (d0, q0, r0, m0, 'sensors/data', ... (17 bytes))
1764804174: Received PUBLISH from auto-64D71F60-566B-807E-BF7E-29818AD26DC9 (d0, q0, r0, m0, 'sensors/data', ... (15 bytes))
1764804174: Sending PUBLISH to auto-2F7A09BB-D38F-C528-9CAC-3B0F7F039058 (d0, q0, r0, m0, 'sensors/data', ... (15 bytes))
1764804179: Received PUBLISH from auto-64D71F60-566B-807E-BF7E-29818AD26DC9 (d0, q0, r0, m0, 'sensors/data', ... (16 bytes))
1764804179: Sending PUBLISH to auto-2F7A09BB-D38F-C528-9CAC-3B0F7F039058 (d0, q0, r0, m0, 'sensors/data', ... (16 bytes))
1764804184: Received PUBLISH from auto-64D71F60-566B-807E-BF7E-29818AD26DC9 (d0, q0, r0, m0, 'sensors/data', ... (15 bytes))
1764804184: Sending PUBLISH to auto-2F7A09BB-D38F-C528-9CAC-3B0F7F039058 (d0, q0, r0, m0, 'sensors/data', ... (15 bytes))
1764804189: Received PUBLISH from auto-64D71F60-566B-807E-BF7E-29818AD26DC9 (d0, q0, r0, m0, 'sensors/data', ... (15 bytes))
1764804189: Sending PUBLISH to auto-2F7A09BB-D38F-C528-9CAC-3B0F7F039058 (d0, q0, r0, m0, 'sensors/data', ... (15 bytes))
1764804194: Received PUBLISH from auto-64D71F60-566B-807E-BF7E-29818AD26DC9 (d0, q0, r0, m0, 'sensors/data', ... (14 bytes))
1764804194: Sending PUBLISH to auto-2F7A09BB-D38F-C528-9CAC-3B0F7F039058 (d0, q0, r0, m0, 'sensors/data', ... (14 bytes))
1764804195: Received PINGREQ from auto-2F7A09BB-D38F-C528-9CAC-3B0F7F039058
1764804195: Sending PINGRESP to auto-2F7A09BB-D38F-C528-9CAC-3B0F7F039058
1764804199: Received PUBLISH from auto-64D71F60-566B-807E-BF7E-29818AD26DC9 (d0, q0, r0, m0, 'sensors/data', ... (15 bytes))
1764804199: Sending PUBLISH to auto-2F7A09BB-D38F-C528-9CAC-3B0F7F039058 (d0, q0, r0, m0, 'sensors/data', ... (15 bytes))
1764804204: Received PUBLISH from auto-64D71F60-566B-807E-BF7E-29818AD26DC9 (d0, q0, r0, m0, 'sensors/data', ... (14 bytes))
1764804204: Sending PUBLISH to auto-2F7A09BB-D38F-C528-9CAC-3B0F7F039058 (d0, q0, r0, m0, 'sensors/data', ... (14 bytes))
1764804209: Received PUBLISH from auto-64D71F60-566B-807E-BF7E-29818AD26DC9 (d0, q0, r0, m0, 'sensors/data', ... (15 bytes))
1764804209: Sending PUBLISH to auto-2F7A09BB-D38F-C528-9CAC-3B0F7F039058 (d0, q0, r0, m0, 'sensors/data', ... (15 bytes))
1764804214: Received PUBLISH from auto-64D71F60-566B-807E-BF7E-29818AD26DC9 (d0, q0, r0, m0, 'sensors/data', ... (16 bytes))
1764804214: Sending PUBLISH to auto-2F7A09BB-D38F-C528-9CAC-3B0F7F039058 (d0, q0, r0, m0, 'sensors/data', ... (16 bytes))
1764804219: Received PUBLISH from auto-64D71F60-566B-807E-BF7E-29818AD26DC9 (d0, q0, r0, m0, 'sensors/data', ... (16 bytes))
1764804219: Sending PUBLISH to auto-2F7A09BB-D38F-C528-9CAC-3B0F7F039058 (d0, q0, r0, m0, 'sensors/data', ... (16 bytes))
1764804224: Received PUBLISH from auto-64D71F60-566B-807E-BF7E-29818AD26DC9 (d0, q0, r0, m0, 'sensors/data', ... (14 bytes))
1764804224: Sending PUBLISH to auto-2F7A09BB-D38F-C528-9CAC-3B0F7F039058 (d0, q0, r0, m0, 'sensors/data', ... (14 bytes))
1764804229: Received PUBLISH from auto-64D71F60-566B-807E-BF7E-29818AD26DC9 (d0, q0, r0, m0, 'sensors/data', ... (17 bytes))
1764804229: Sending PUBLISH to auto-2F7A09BB-D38F-C528-9CAC-3B0F7F039058 (d0, q0, r0, m0, 'sensors/data', ... (17 bytes))
1764804235: Received PUBLISH from auto-64D71F60-566B-807E-BF7E-29818AD26DC9 (d0, q0, r0, m0, 'sensors/data', ... (14 bytes))
1764804235: Sending PUBLISH to auto-2F7A09BB-D38F-C528-9CAC-3B0F7F039058 (d0, q0, r0, m0, 'sensors/data', ... (14 bytes))
1764804240: Received PUBLISH from auto-64D71F60-566B-807E-BF7E-29818AD26DC9 (d0, q0, r0, m0, 'sensors/data', ... (17 bytes))
1764804240: Sending PUBLISH to auto-2F7A09BB-D38F-C528-9CAC-3B0F7F039058 (d0, q0, r0, m0, 'sensors/data', ... (17 bytes))
1764804245: Received PUBLISH from auto-64D71F60-566B-807E-BF7E-29818AD26DC9 (d0, q0, r0, m0, 'sensors/data', ... (16 bytes))
1764804245: Sending PUBLISH to auto-2F7A09BB-D38F-C528-9CAC-3B0F7F039058 (d0, q0, r0, m0, 'sensors/data', ... (16 bytes))
1764804250: Received PUBLISH from auto-64D71F60-566B-807E-BF7E-29818AD26DC9 (d0, q0, r0, m0, 'sensors/data', ... (17 bytes))
1764804250: Sending PUBLISH to auto-2F7A09BB-D38F-C528-9CAC-3B0F7F039058 (d0, q0, r0, m0, 'sensors/data', ... (17 bytes))
1764804255: Received PUBLISH from auto-64D71F60-566B-807E-BF7E-29818AD26DC9 (d0, q0, r0, m0, 'sensors/data', ... (15 bytes))
1764804255: Sending PUBLISH to auto-2F7A09BB-D38F-C528-9CAC-3B0F7F039058 (d0, q0, r0, m0, 'sensors/data', ... (15 bytes))
1764804256: Received PINGREQ from auto-2F7A09BB-D38F-C528-9CAC-3B0F7F039058
1764804256: Sending PINGRESP to auto-2F7A09BB-D38F-C528-9CAC-3B0F7F039058
1764804260: Received PUBLISH from auto-64D71F60-566B-807E-BF7E-29818AD26DC9 (d0, q0, r0, m0, 'sensors/data', ... (15 bytes))
1764804260: Sending PUBLISH to auto-2F7A09BB-D38F-C528-9CAC-3B0F7F039058 (d0, q0, r0, m0, 'sensors/data', ... (15 bytes))
1764804265: Received PUBLISH from auto-64D71F60-566B-807E-BF7E-29818AD26DC9 (d0, q0, r0, m0, 'sensors/data', ... (15 bytes))
1764804265: Sending PUBLISH to auto-2F7A09BB-D38F-C528-9CAC-3B0F7F039058 (d0, q0, r0, m0, 'sensors/data', ... (15 bytes))
1764804270: Received PUBLISH from auto-64D71F60-566B-807E-BF7E-29818AD26DC9 (d0, q0, r0, m0, 'sensors/data', ... (15 bytes))
1764804270: Sending PUBLISH to auto-2F7A09BB-D38F-C528-9CAC-3B0F7F039058 (d0, q0, r0, m0, 'sensors/data', ... (15 bytes))
1764804275: Received PUBLISH from auto-64D71F60-566B-807E-BF7E-29818AD26DC9 (d0, q0, r0, m0, 'sensors/data', ... (15 bytes))
1764804275: Sending PUBLISH to auto-2F7A09BB-D38F-C528-9CAC-3B0F7F039058 (d0, q0, r0, m0, 'sensors/data', ... (15 bytes))
1764804280: Received PUBLISH from auto-64D71F60-566B-807E-BF7E-29818AD26DC9 (d0, q0, r0, m0, 'sensors/data', ... (15 bytes))
1764804280: Sending PUBLISH to auto-2F7A09BB-D38F-C528-9CAC-3B0F7F039058 (d0, q0, r0, m0, 'sensors/data', ... (15 bytes))
1764804285: Received PUBLISH from auto-64D71F60-566B-807E-BF7E-29818AD26DC9 (d0, q0, r0, m0, 'sensors/data', ... (15 bytes))
1764804285: Sending PUBLISH to auto-2F7A09BB-D38F-C528-9CAC-3B0F7F039058 (d0, q0, r0, m0, 'sensors/data', ... (15 bytes))
1764804290: Received PUBLISH from auto-64D71F60-566B-807E-BF7E-29818AD26DC9 (d0, q0, r0, m0, 'sensors/data', ... (15 bytes))
1764804290: Sending PUBLISH to auto-2F7A09BB-D38F-C528-9CAC-3B0F7F039058 (d0, q0, r0, m0, 'sensors/data', ... (15 bytes))
1764804296: Received PUBLISH from auto-64D71F60-566B-807E-BF7E-29818AD26DC9 (d0, q0, r0, m0, 'sensors/data', ... (14 bytes))
1764804296: Sending PUBLISH to auto-2F7A09BB-D38F-C528-9CAC-3B0F7F039058 (d0, q0, r0, m0, 'sensors/data', ... (14 bytes))
1764804301: Received PUBLISH from auto-64D71F60-566B-807E-BF7E-29818AD26DC9 (d0, q0, r0, m0, 'sensors/data', ... (17 bytes))
1764804301: Sending PUBLISH to auto-2F7A09BB-D38F-C528-9CAC-3B0F7F039058 (d0, q0, r0, m0, 'sensors/data', ... (17 bytes))
1764804306: Received PUBLISH from auto-64D71F60-566B-807E-BF7E-29818AD26DC9 (d0, q0, r0, m0, 'sensors/data', ... (17 bytes))
1764804306: Sending PUBLISH to auto-2F7A09BB-D38F-C528-9CAC-3B0F7F039058 (d0, q0, r0, m0, 'sensors/data', ... (17 bytes))
1764804311: Received PUBLISH from auto-64D71F60-566B-807E-BF7E-29818AD26DC9 (d0, q0, r0, m0, 'sensors/data', ... (15 bytes))
1764804311: Sending PUBLISH to auto-2F7A09BB-D38F-C528-9CAC-3B0F7F039058 (d0, q0, r0, m0, 'sensors/data', ... (15 bytes))
1764804316: Received PUBLISH from auto-64D71F60-566B-807E-BF7E-29818AD26DC9 (d0, q0, r0, m0, 'sensors/data', ... (17 bytes))
1764804316: Sending PUBLISH to auto-2F7A09BB-D38F-C528-9CAC-3B0F7F039058 (d0, q0, r0, m0, 'sensors/data', ... (17 bytes))
1764804317: Received PINGREQ from auto-2F7A09BB-D38F-C528-9CAC-3B0F7F039058
1764804317: Sending PINGRESP to auto-2F7A09BB-D38F-C528-9CAC-3B0F7F039058
1764804321: Received PUBLISH from auto-64D71F60-566B-807E-BF7E-29818AD26DC9 (d0, q0, r0, m0, 'sensors/data', ... (15 bytes))
1764804321: Sending PUBLISH to auto-2F7A09BB-D38F-C528-9CAC-3B0F7F039058 (d0, q0, r0, m0, 'sensors/data', ... (15 bytes))
1764804326: Received PUBLISH from auto-64D71F60-566B-807E-BF7E-29818AD26DC9 (d0, q0, r0, m0, 'sensors/data', ... (15 bytes))
1764804326: Sending PUBLISH to auto-2F7A09BB-D38F-C528-9CAC-3B0F7F039058 (d0, q0, r0, m0, 'sensors/data', ... (15 bytes))
1764804331: Received PUBLISH from auto-64D71F60-566B-807E-BF7E-29818AD26DC9 (d0, q0, r0, m0, 'sensors/data', ... (15 bytes))
1764804331: Sending PUBLISH to auto-2F7A09BB-D38F-C528-9CAC-3B0F7F039058 (d0, q0, r0, m0, 'sensors/data', ... (15 bytes))
1764804336: Received PUBLISH from auto-64D71F60-566B-807E-BF7E-29818AD26DC9 (d0, q0, r0, m0, 'sensors/data', ... (16 bytes))
1764804336: Sending PUBLISH to auto-2F7A09BB-D38F-C528-9CAC-3B0F7F039058 (d0, q0, r0, m0, 'sensors/data', ... (16 bytes))
1764804341: Client auto-2F7A09BB-D38F-C528-9CAC-3B0F7F039058 closed its connection.
1764804341: Received PUBLISH from auto-64D71F60-566B-807E-BF7E-29818AD26DC9 (d0, q0, r0, m0, 'sensors/data', ... (17 bytes))
1764804346: Received PUBLISH from auto-64D71F60-566B-807E-BF7E-29818AD26DC9 (d0, q0, r0, m0, 'sensors/data', ... (15 bytes))
1764804351: Received PUBLISH from auto-64D71F60-566B-807E-BF7E-29818AD26DC9 (d0, q0, r0, m0, 'sensors/data', ... (15 bytes))
1764804357: Received PUBLISH from auto-64D71F60-566B-807E-BF7E-29818AD26DC9 (d0, q0, r0, m0, 'sensors/data', ... (15 bytes))
1764804357: Client auto-64D71F60-566B-807E-BF7E-29818AD26DC9 closed its connection.
1764804369: mosquitto version 2.0.22 terminating
1764804446: mosquitto version 2.0.22 starting
1764804446: Config loaded from /mosquitto/config/mosquitto.conf.
1764804446: Opening ipv4 listen socket on port 1883.
1764804446: mosquitto version 2.0.22 running
1764804449: New connection from 172.19.0.3:52517 on port 1883.
1764804449: New client connected from 172.19.0.3:52517 as auto-246B1B43-9D65-379C-6E3B-A549A633028D (p2, c1, k60).
1764804449: No will message specified.
1764804449: Sending CONNACK to auto-246B1B43-9D65-379C-6E3B-A549A633028D (0, 0)
1764804449: Received SUBSCRIBE from auto-246B1B43-9D65-379C-6E3B-A549A633028D
1764804449: 	sensors/data (QoS 0)
1764804449: auto-246B1B43-9D65-379C-6E3B-A549A633028D 0 sensors/data
1764804449: Sending SUBACK to auto-246B1B43-9D65-379C-6E3B-A549A633028D
1764804452: New connection from 172.19.0.4:47207 on port 1883.
1764804452: New client connected from 172.19.0.4:47207 as auto-7D6B5617-FF44-7D45-9261-5764E184C300 (p2, c1, k60).
1764804452: No will message specified.
1764804452: Sending CONNACK to auto-7D6B5617-FF44-7D45-9261-5764E184C300 (0, 0)
1764804452: Received PUBLISH from auto-7D6B5617-FF44-7D45-9261-5764E184C300 (d0, q0, r0, m0, 'sensors/data', ... (16 bytes))
1764804452: Sending PUBLISH to auto-246B1B43-9D65-379C-6E3B-A549A633028D (d0, q0, r0, m0, 'sensors/data', ... (16 bytes))
1764804457: Received PUBLISH from auto-7D6B5617-FF44-7D45-9261-5764E184C300 (d0, q0, r0, m0, 'sensors/data', ... (16 bytes))
1764804457: Sending PUBLISH to auto-246B1B43-9D65-379C-6E3B-A549A633028D (d0, q0, r0, m0, 'sensors/data', ... (16 bytes))
1764804462: Received PUBLISH from auto-7D6B5617-FF44-7D45-9261-5764E184C300 (d0, q0, r0, m0, 'sensors/data', ... (16 bytes))
1764804462: Sending PUBLISH to auto-246B1B43-9D65-379C-6E3B-A549A633028D (d0, q0, r0, m0, 'sensors/data', ... (16 bytes))
1764804467: Received PUBLISH from auto-7D6B5617-FF44-7D45-9261-5764E184C300 (d0, q0, r0, m0, 'sensors/data', ... (16 bytes))
1764804467: Sending PUBLISH to auto-246B1B43-9D65-379C-6E3B-A549A633028D (d0, q0, r0, m0, 'sensors/data', ... (16 bytes))
1764804472: Received PUBLISH from auto-7D6B5617-FF44-7D45-9261-5764E184C300 (d0, q0, r0, m0, 'sensors/data', ... (17 bytes))
1764804472: Sending PUBLISH to auto-246B1B43-9D65-379C-6E3B-A549A633028D (d0, q0, r0, m0, 'sensors/data', ... (17 bytes))
1764804477: Received PUBLISH from auto-7D6B5617-FF44-7D45-9261-5764E184C300 (d0, q0, r0, m0, 'sensors/data', ... (17 bytes))
1764804477: Sending PUBLISH to auto-246B1B43-9D65-379C-6E3B-A549A633028D (d0, q0, r0, m0, 'sensors/data', ... (17 bytes))
1764804482: Received PUBLISH from auto-7D6B5617-FF44-7D45-9261-5764E184C300 (d0, q0, r0, m0, 'sensors/data', ... (15 bytes))
1764804482: Sending PUBLISH to auto-246B1B43-9D65-379C-6E3B-A549A633028D (d0, q0, r0, m0, 'sensors/data', ... (15 bytes))
1764804487: Received PUBLISH from auto-7D6B5617-FF44-7D45-9261-5764E184C300 (d0, q0, r0, m0, 'sensors/data', ... (15 bytes))
1764804487: Sending PUBLISH to auto-246B1B43-9D65-379C-6E3B-A549A633028D (d0, q0, r0, m0, 'sensors/data', ... (15 bytes))
1764804493: Received PUBLISH from auto-7D6B5617-FF44-7D45-9261-5764E184C300 (d0, q0, r0, m0, 'sensors/data', ... (16 bytes))
1764804493: Sending PUBLISH to auto-246B1B43-9D65-379C-6E3B-A549A633028D (d0, q0, r0, m0, 'sensors/data', ... (16 bytes))
1764804498: Received PUBLISH from auto-7D6B5617-FF44-7D45-9261-5764E184C300 (d0, q0, r0, m0, 'sensors/data', ... (15 bytes))
1764804498: Sending PUBLISH to auto-246B1B43-9D65-379C-6E3B-A549A633028D (d0, q0, r0, m0, 'sensors/data', ... (15 bytes))
1764804503: Received PUBLISH from auto-7D6B5617-FF44-7D45-9261-5764E184C300 (d0, q0, r0, m0, 'sensors/data', ... (15 bytes))
1764804503: Sending PUBLISH to auto-246B1B43-9D65-379C-6E3B-A549A633028D (d0, q0, r0, m0, 'sensors/data', ... (15 bytes))
1764804508: Received PUBLISH from auto-7D6B5617-FF44-7D45-9261-5764E184C300 (d0, q0, r0, m0, 'sensors/data', ... (15 bytes))
1764804508: Sending PUBLISH to auto-246B1B43-9D65-379C-6E3B-A549A633028D (d0, q0, r0, m0, 'sensors/data', ... (15 bytes))
1764804509: Received PINGREQ from auto-246B1B43-9D65-379C-6E3B-A549A633028D
1764804509: Sending PINGRESP to auto-246B1B43-9D65-379C-6E3B-A549A633028D
1764804513: Received PUBLISH from auto-7D6B5617-FF44-7D45-9261-5764E184C300 (d0, q0, r0, m0, 'sensors/data', ... (14 bytes))
1764804513: Sending PUBLISH to auto-246B1B43-9D65-379C-6E3B-A549A633028D (d0, q0, r0, m0, 'sensors/data', ... (14 bytes))
1764804518: Received PUBLISH from auto-7D6B5617-FF44-7D45-9261-5764E184C300 (d0, q0, r0, m0, 'sensors/data', ... (17 bytes))
1764804518: Sending PUBLISH to auto-246B1B43-9D65-379C-6E3B-A549A633028D (d0, q0, r0, m0, 'sensors/data', ... (17 bytes))
1764804523: Received PUBLISH from auto-7D6B5617-FF44-7D45-9261-5764E184C300 (d0, q0, r0, m0, 'sensors/data', ... (16 bytes))
1764804523: Sending PUBLISH to auto-246B1B43-9D65-379C-6E3B-A549A633028D (d0, q0, r0, m0, 'sensors/data', ... (16 bytes))
1764804528: Received PUBLISH from auto-7D6B5617-FF44-7D45-9261-5764E184C300 (d0, q0, r0, m0, 'sensors/data', ... (15 bytes))
1764804528: Sending PUBLISH to auto-246B1B43-9D65-379C-6E3B-A549A633028D (d0, q0, r0, m0, 'sensors/data', ... (15 bytes))
1764804533: Received PUBLISH from auto-7D6B5617-FF44-7D45-9261-5764E184C300 (d0, q0, r0, m0, 'sensors/data', ... (14 bytes))
1764804533: Sending PUBLISH to auto-246B1B43-9D65-379C-6E3B-A549A633028D (d0, q0, r0, m0, 'sensors/data', ... (14 bytes))
1764804536: Client auto-246B1B43-9D65-379C-6E3B-A549A633028D closed its connection.
1764804538: Received PUBLISH from auto-7D6B5617-FF44-7D45-9261-5764E184C300 (d0, q0, r0, m0, 'sensors/data', ... (15 bytes))
1764804543: Received PUBLISH from auto-7D6B5617-FF44-7D45-9261-5764E184C300 (d0, q0, r0, m0, 'sensors/data', ... (14 bytes))
1764804548: Received PUBLISH from auto-7D6B5617-FF44-7D45-9261-5764E184C300 (d0, q0, r0, m0, 'sensors/data', ... (17 bytes))
1764804551: Client auto-7D6B5617-FF44-7D45-9261-5764E184C300 closed its connection.
1764804563: mosquitto version 2.0.22 terminating
1764804827: mosquitto version 2.0.22 starting
1764804827: Config loaded from /mosquitto/config/mosquitto.conf.
1764804827: Opening ipv4 listen socket on port 1883.
1764804827: mosquitto version 2.0.22 running
1764804830: New connection from 172.19.0.3:40849 on port 1883.
1764804830: New client connected from 172.19.0.3:40849 as auto-44819782-C155-6D86-C00E-7D8D7A86475D (p2, c1, k60).
1764804830: No will message specified.
1764804830: Sending CONNACK to auto-44819782-C155-6D86-C00E-7D8D7A86475D (0, 0)
1764804830: Received SUBSCRIBE from auto-44819782-C155-6D86-C00E-7D8D7A86475D
1764804830: 	sensors/data (QoS 0)
1764804830: auto-44819782-C155-6D86-C00E-7D8D7A86475D 0 sensors/data
1764804830: Sending SUBACK to auto-44819782-C155-6D86-C00E-7D8D7A86475D
1764804833: New connection from 172.19.0.4:55931 on port 1883.
1764804833: New client connected from 172.19.0.4:55931 as auto-EB2C5B4F-E049-A50D-1D3A-18BEC9490286 (p2, c1, k60).
1764804833: No will message specified.
1764804833: Sending CONNACK to auto-EB2C5B4F-E049-A50D-1D3A-18BEC9490286 (0, 0)
1764804833: Received PUBLISH from auto-EB2C5B4F-E049-A50D-1D3A-18BEC9490286 (d0, q0, r0, m0, 'sensors/data', ... (14 bytes))
1764804833: Sending PUBLISH to auto-44819782-C155-6D86-C00E-7D8D7A86475D (d0, q0, r0, m0, 'sensors/data', ... (14 bytes))
1764804838: Received PUBLISH from auto-EB2C5B4F-E049-A50D-1D3A-18BEC9490286 (d0, q0, r0, m0, 'sensors/data', ... (17 bytes))
1764804838: Sending PUBLISH to auto-44819782-C155-6D86-C00E-7D8D7A86475D (d0, q0, r0, m0, 'sensors/data', ... (17 bytes))
1764804843: Received PUBLISH from auto-EB2C5B4F-E049-A50D-1D3A-18BEC9490286 (d0, q0, r0, m0, 'sensors/data', ... (17 bytes))
1764804843: Sending PUBLISH to auto-44819782-C155-6D86-C00E-7D8D7A86475D (d0, q0, r0, m0, 'sensors/data', ... (17 bytes))
1764804848: Received PUBLISH from auto-EB2C5B4F-E049-A50D-1D3A-18BEC9490286 (d0, q0, r0, m0, 'sensors/data', ... (16 bytes))
1764804848: Sending PUBLISH to auto-44819782-C155-6D86-C00E-7D8D7A86475D (d0, q0, r0, m0, 'sensors/data', ... (16 bytes))
1764804854: Received PUBLISH from auto-EB2C5B4F-E049-A50D-1D3A-18BEC9490286 (d0, q0, r0, m0, 'sensors/data', ... (15 bytes))
1764804854: Sending PUBLISH to auto-44819782-C155-6D86-C00E-7D8D7A86475D (d0, q0, r0, m0, 'sensors/data', ... (15 bytes))
1764804859: Received PUBLISH from auto-EB2C5B4F-E049-A50D-1D3A-18BEC9490286 (d0, q0, r0, m0, 'sensors/data', ... (15 bytes))
1764804859: Sending PUBLISH to auto-44819782-C155-6D86-C00E-7D8D7A86475D (d0, q0, r0, m0, 'sensors/data', ... (15 bytes))
1764804864: Received PUBLISH from auto-EB2C5B4F-E049-A50D-1D3A-18BEC9490286 (d0, q0, r0, m0, 'sensors/data', ... (16 bytes))
1764804864: Sending PUBLISH to auto-44819782-C155-6D86-C00E-7D8D7A86475D (d0, q0, r0, m0, 'sensors/data', ... (16 bytes))
1764804869: Received PUBLISH from auto-EB2C5B4F-E049-A50D-1D3A-18BEC9490286 (d0, q0, r0, m0, 'sensors/data', ... (14 bytes))
1764804869: Sending PUBLISH to auto-44819782-C155-6D86-C00E-7D8D7A86475D (d0, q0, r0, m0, 'sensors/data', ... (14 bytes))
1764804874: Received PUBLISH from auto-EB2C5B4F-E049-A50D-1D3A-18BEC9490286 (d0, q0, r0, m0, 'sensors/data', ... (14 bytes))
1764804874: Sending PUBLISH to auto-44819782-C155-6D86-C00E-7D8D7A86475D (d0, q0, r0, m0, 'sensors/data', ... (14 bytes))
1764804879: Received PUBLISH from auto-EB2C5B4F-E049-A50D-1D3A-18BEC9490286 (d0, q0, r0, m0, 'sensors/data', ... (15 bytes))
1764804879: Sending PUBLISH to auto-44819782-C155-6D86-C00E-7D8D7A86475D (d0, q0, r0, m0, 'sensors/data', ... (15 bytes))
1764804884: Received PUBLISH from auto-EB2C5B4F-E049-A50D-1D3A-18BEC9490286 (d0, q0, r0, m0, 'sensors/data', ... (15 bytes))
1764804884: Sending PUBLISH to auto-44819782-C155-6D86-C00E-7D8D7A86475D (d0, q0, r0, m0, 'sensors/data', ... (15 bytes))
1764804889: Received PUBLISH from auto-EB2C5B4F-E049-A50D-1D3A-18BEC9490286 (d0, q0, r0, m0, 'sensors/data', ... (15 bytes))
1764804889: Sending PUBLISH to auto-44819782-C155-6D86-C00E-7D8D7A86475D (d0, q0, r0, m0, 'sensors/data', ... (15 bytes))
1764804891: Received PINGREQ from auto-44819782-C155-6D86-C00E-7D8D7A86475D
1764804891: Sending PINGRESP to auto-44819782-C155-6D86-C00E-7D8D7A86475D
1764804894: Received PUBLISH from auto-EB2C5B4F-E049-A50D-1D3A-18BEC9490286 (d0, q0, r0, m0, 'sensors/data', ... (15 bytes))
1764804894: Sending PUBLISH to auto-44819782-C155-6D86-C00E-7D8D7A86475D (d0, q0, r0, m0, 'sensors/data', ... (15 bytes))
1764804899: Received PUBLISH from auto-EB2C5B4F-E049-A50D-1D3A-18BEC9490286 (d0, q0, r0, m0, 'sensors/data', ... (15 bytes))
1764804899: Sending PUBLISH to auto-44819782-C155-6D86-C00E-7D8D7A86475D (d0, q0, r0, m0, 'sensors/data', ... (15 bytes))
1764804904: Received PUBLISH from auto-EB2C5B4F-E049-A50D-1D3A-18BEC9490286 (d0, q0, r0, m0, 'sensors/data', ... (15 bytes))
1764804904: Sending PUBLISH to auto-44819782-C155-6D86-C00E-7D8D7A86475D (d0, q0, r0, m0, 'sensors/data', ... (15 bytes))
1764804909: Received PUBLISH from auto-EB2C5B4F-E049-A50D-1D3A-18BEC9490286 (d0, q0, r0, m0, 'sensors/data', ... (15 bytes))
1764804909: Sending PUBLISH to auto-44819782-C155-6D86-C00E-7D8D7A86475D (d0, q0, r0, m0, 'sensors/data', ... (15 bytes))
1764804915: Received PUBLISH from auto-EB2C5B4F-E049-A50D-1D3A-18BEC9490286 (d0, q0, r0, m0, 'sensors/data', ... (15 bytes))
1764804915: Sending PUBLISH to auto-44819782-C155-6D86-C00E-7D8D7A86475D (d0, q0, r0, m0, 'sensors/data', ... (15 bytes))
1764804920: Received PUBLISH from auto-EB2C5B4F-E049-A50D-1D3A-18BEC9490286 (d0, q0, r0, m0, 'sensors/data', ... (15 bytes))
1764804920: Sending PUBLISH to auto-44819782-C155-6D86-C00E-7D8D7A86475D (d0, q0, r0, m0, 'sensors/data', ... (15 bytes))
1764804925: Received PUBLISH from auto-EB2C5B4F-E049-A50D-1D3A-18BEC9490286 (d0, q0, r0, m0, 'sensors/data', ... (17 bytes))
1764804925: Sending PUBLISH to auto-44819782-C155-6D86-C00E-7D8D7A86475D (d0, q0, r0, m0, 'sensors/data', ... (17 bytes))
1764804930: Received PUBLISH from auto-EB2C5B4F-E049-A50D-1D3A-18BEC9490286 (d0, q0, r0, m0, 'sensors/data', ... (14 bytes))
1764804930: Sending PUBLISH to auto-44819782-C155-6D86-C00E-7D8D7A86475D (d0, q0, r0, m0, 'sensors/data', ... (14 bytes))
1764804935: Received PUBLISH from auto-EB2C5B4F-E049-A50D-1D3A-18BEC9490286 (d0, q0, r0, m0, 'sensors/data', ... (15 bytes))
1764804935: Sending PUBLISH to auto-44819782-C155-6D86-C00E-7D8D7A86475D (d0, q0, r0, m0, 'sensors/data', ... (15 bytes))
1764804940: Received PUBLISH from auto-EB2C5B4F-E049-A50D-1D3A-18BEC9490286 (d0, q0, r0, m0, 'sensors/data', ... (16 bytes))
1764804940: Sending PUBLISH to auto-44819782-C155-6D86-C00E-7D8D7A86475D (d0, q0, r0, m0, 'sensors/data', ... (16 bytes))
1764804945: Received PUBLISH from auto-EB2C5B4F-E049-A50D-1D3A-18BEC9490286 (d0, q0, r0, m0, 'sensors/data', ... (15 bytes))
1764804945: Sending PUBLISH to auto-44819782-C155-6D86-C00E-7D8D7A86475D (d0, q0, r0, m0, 'sensors/data', ... (15 bytes))
1764804950: Received PUBLISH from auto-EB2C5B4F-E049-A50D-1D3A-18BEC9490286 (d0, q0, r0, m0, 'sensors/data', ... (16 bytes))
1764804950: Sending PUBLISH to auto-44819782-C155-6D86-C00E-7D8D7A86475D (d0, q0, r0, m0, 'sensors/data', ... (16 bytes))
1764804952: Received PINGREQ from auto-44819782-C155-6D86-C00E-7D8D7A86475D
1764804952: Sending PINGRESP to auto-44819782-C155-6D86-C00E-7D8D7A86475D
1764804955: Received PUBLISH from auto-EB2C5B4F-E049-A50D-1D3A-18BEC9490286 (d0, q0, r0, m0, 'sensors/data', ... (17 bytes))
1764804955: Sending PUBLISH to auto-44819782-C155-6D86-C00E-7D8D7A86475D (d0, q0, r0, m0, 'sensors/data', ... (17 bytes))
1764804960: Received PUBLISH from auto-EB2C5B4F-E049-A50D-1D3A-18BEC9490286 (d0, q0, r0, m0, 'sensors/data', ... (16 bytes))
1764804960: Sending PUBLISH to auto-44819782-C155-6D86-C00E-7D8D7A86475D (d0, q0, r0, m0, 'sensors/data', ... (16 bytes))
1764804965: Received PUBLISH from auto-EB2C5B4F-E049-A50D-1D3A-18BEC9490286 (d0, q0, r0, m0, 'sensors/data', ... (17 bytes))
1764804965: Sending PUBLISH to auto-44819782-C155-6D86-C00E-7D8D7A86475D (d0, q0, r0, m0, 'sensors/data', ... (17 bytes))
1764804970: Received PUBLISH from auto-EB2C5B4F-E049-A50D-1D3A-18BEC9490286 (d0, q0, r0, m0, 'sensors/data', ... (14 bytes))
1764804970: Sending PUBLISH to auto-44819782-C155-6D86-C00E-7D8D7A86475D (d0, q0, r0, m0, 'sensors/data', ... (14 bytes))
1764804975: Received PUBLISH from auto-EB2C5B4F-E049-A50D-1D3A-18BEC9490286 (d0, q0, r0, m0, 'sensors/data', ... (17 bytes))
1764804975: Sending PUBLISH to auto-44819782-C155-6D86-C00E-7D8D7A86475D (d0, q0, r0, m0, 'sensors/data', ... (17 bytes))
1764804981: Received PUBLISH from auto-EB2C5B4F-E049-A50D-1D3A-18BEC9490286 (d0, q0, r0, m0, 'sensors/data', ... (15 bytes))
1764804981: Sending PUBLISH to auto-44819782-C155-6D86-C00E-7D8D7A86475D (d0, q0, r0, m0, 'sensors/data', ... (15 bytes))
1764804986: Received PUBLISH from auto-EB2C5B4F-E049-A50D-1D3A-18BEC9490286 (d0, q0, r0, m0, 'sensors/data', ... (15 bytes))
1764804986: Sending PUBLISH to auto-44819782-C155-6D86-C00E-7D8D7A86475D (d0, q0, r0, m0, 'sensors/data', ... (15 bytes))
1764804991: Received PUBLISH from auto-EB2C5B4F-E049-A50D-1D3A-18BEC9490286 (d0, q0, r0, m0, 'sensors/data', ... (14 bytes))
1764804991: Sending PUBLISH to auto-44819782-C155-6D86-C00E-7D8D7A86475D (d0, q0, r0, m0, 'sensors/data', ... (14 bytes))
1764804996: Received PUBLISH from auto-EB2C5B4F-E049-A50D-1D3A-18BEC9490286 (d0, q0, r0, m0, 'sensors/data', ... (15 bytes))
1764804996: Sending PUBLISH to auto-44819782-C155-6D86-C00E-7D8D7A86475D (d0, q0, r0, m0, 'sensors/data', ... (15 bytes))
1764805001: Received PUBLISH from auto-EB2C5B4F-E049-A50D-1D3A-18BEC9490286 (d0, q0, r0, m0, 'sensors/data', ... (15 bytes))
1764805001: Sending PUBLISH to auto-44819782-C155-6D86-C00E-7D8D7A86475D (d0, q0, r0, m0, 'sensors/data', ... (15 bytes))
1764805006: Received PUBLISH from auto-EB2C5B4F-E049-A50D-1D3A-18BEC9490286 (d0, q0, r0, m0, 'sensors/data', ... (17 bytes))
1764805006: Sending PUBLISH to auto-44819782-C155-6D86-C00E-7D8D7A86475D (d0, q0, r0, m0, 'sensors/data', ... (17 bytes))
1764805011: Received PUBLISH from auto-EB2C5B4F-E049-A50D-1D3A-18BEC9490286 (d0, q0, r0, m0, 'sensors/data', ... (15 bytes))
1764805011: Sending PUBLISH to auto-44819782-C155-6D86-C00E-7D8D7A86475D (d0, q0, r0, m0, 'sensors/data', ... (15 bytes))
1764805013: Received PINGREQ from auto-44819782-C155-6D86-C00E-7D8D7A86475D
1764805013: Sending PINGRESP to auto-44819782-C155-6D86-C00E-7D8D7A86475D
1764805016: Received PUBLISH from auto-EB2C5B4F-E049-A50D-1D3A-18BEC9490286 (d0, q0, r0, m0, 'sensors/data', ... (15 bytes))
1764805016: Sending PUBLISH to auto-44819782-C155-6D86-C00E-7D8D7A86475D (d0, q0, r0, m0, 'sensors/data', ... (15 bytes))
1764805021: Received PUBLISH from auto-EB2C5B4F-E049-A50D-1D3A-18BEC9490286 (d0, q0, r0, m0, 'sensors/data', ... (15 bytes))
1764805021: Sending PUBLISH to auto-44819782-C155-6D86-C00E-7D8D7A86475D (d0, q0, r0, m0, 'sensors/data', ... (15 bytes))
1764805026: Received PUBLISH from auto-EB2C5B4F-E049-A50D-1D3A-18BEC9490286 (d0, q0, r0, m0, 'sensors/data', ... (17 bytes))
1764805026: Sending PUBLISH to auto-44819782-C155-6D86-C00E-7D8D7A86475D (d0, q0, r0, m0, 'sensors/data', ... (17 bytes))
1764805031: Received PUBLISH from auto-EB2C5B4F-E049-A50D-1D3A-18BEC9490286 (d0, q0, r0, m0, 'sensors/data', ... (15 bytes))
1764805031: Sending PUBLISH to auto-44819782-C155-6D86-C00E-7D8D7A86475D (d0, q0, r0, m0, 'sensors/data', ... (15 bytes))
1764805036: Received PUBLISH from auto-EB2C5B4F-E049-A50D-1D3A-18BEC9490286 (d0, q0, r0, m0, 'sensors/data', ... (15 bytes))
1764805036: Sending PUBLISH to auto-44819782-C155-6D86-C00E-7D8D7A86475D (d0, q0, r0, m0, 'sensors/data', ... (15 bytes))
1764805042: Received PUBLISH from auto-EB2C5B4F-E049-A50D-1D3A-18BEC9490286 (d0, q0, r0, m0, 'sensors/data', ... (14 bytes))
1764805042: Sending PUBLISH to auto-44819782-C155-6D86-C00E-7D8D7A86475D (d0, q0, r0, m0, 'sensors/data', ... (14 bytes))
1764805047: Received PUBLISH from auto-EB2C5B4F-E049-A50D-1D3A-18BEC9490286 (d0, q0, r0, m0, 'sensors/data', ... (16 bytes))
1764805047: Sending PUBLISH to auto-44819782-C155-6D86-C00E-7D8D7A86475D (d0, q0, r0, m0, 'sensors/data', ... (16 bytes))
1764805052: Received PUBLISH from auto-EB2C5B4F-E049-A50D-1D3A-18BEC9490286 (d0, q0, r0, m0, 'sensors/data', ... (17 bytes))
1764805052: Sending PUBLISH to auto-44819782-C155-6D86-C00E-7D8D7A86475D (d0, q0, r0, m0, 'sensors/data', ... (17 bytes))
1764805057: Received PUBLISH from auto-EB2C5B4F-E049-A50D-1D3A-18BEC9490286 (d0, q0, r0, m0, 'sensors/data', ... (15 bytes))
1764805057: Sending PUBLISH to auto-44819782-C155-6D86-C00E-7D8D7A86475D (d0, q0, r0, m0, 'sensors/data', ... (15 bytes))
1764805062: Received PUBLISH from auto-EB2C5B4F-E049-A50D-1D3A-18BEC9490286 (d0, q0, r0, m0, 'sensors/data', ... (16 bytes))
1764805062: Sending PUBLISH to auto-44819782-C155-6D86-C00E-7D8D7A86475D (d0, q0, r0, m0, 'sensors/data', ... (16 bytes))
1764805067: Received PUBLISH from auto-EB2C5B4F-E049-A50D-1D3A-18BEC9490286 (d0, q0, r0, m0, 'sensors/data', ... (14 bytes))
1764805067: Sending PUBLISH to auto-44819782-C155-6D86-C00E-7D8D7A86475D (d0, q0, r0, m0, 'sensors/data', ... (14 bytes))
1764805072: Received PUBLISH from auto-EB2C5B4F-E049-A50D-1D3A-18BEC9490286 (d0, q0, r0, m0, 'sensors/data', ... (15 bytes))
1764805072: Sending PUBLISH to auto-44819782-C155-6D86-C00E-7D8D7A86475D (d0, q0, r0, m0, 'sensors/data', ... (15 bytes))
1764805074: Received PINGREQ from auto-44819782-C155-6D86-C00E-7D8D7A86475D
1764805074: Sending PINGRESP to auto-44819782-C155-6D86-C00E-7D8D7A86475D
1764805077: Received PUBLISH from auto-EB2C5B4F-E049-A50D-1D3A-18BEC9490286 (d0, q0, r0, m0, 'sensors/data', ... (15 bytes))
1764805077: Sending PUBLISH to auto-44819782-C155-6D86-C00E-7D8D7A86475D (d0, q0, r0, m0, 'sensors/data', ... (15 bytes))
1764805082: Received PUBLISH from auto-EB2C5B4F-E049-A50D-1D3A-18BEC9490286 (d0, q0, r0, m0, 'sensors/data', ... (14 bytes))
1764805082: Sending PUBLISH to auto-44819782-C155-6D86-C00E-7D8D7A86475D (d0, q0, r0, m0, 'sensors/data', ... (14 bytes))
1764805087: Received PUBLISH from auto-EB2C5B4F-E049-A50D-1D3A-18BEC9490286 (d0, q0, r0, m0, 'sensors/data', ... (17 bytes))
1764805087: Sending PUBLISH to auto-44819782-C155-6D86-C00E-7D8D7A86475D (d0, q0, r0, m0, 'sensors/data', ... (17 bytes))
1764805092: Received PUBLISH from auto-EB2C5B4F-E049-A50D-1D3A-18BEC9490286 (d0, q0, r0, m0, 'sensors/data', ... (15 bytes))
1764805092: Sending PUBLISH to auto-44819782-C155-6D86-C00E-7D8D7A86475D (d0, q0, r0, m0, 'sensors/data', ... (15 bytes))
1764805094: Client auto-44819782-C155-6D86-C00E-7D8D7A86475D closed its connection.
1764805097: Received PUBLISH from auto-EB2C5B4F-E049-A50D-1D3A-18BEC9490286 (d0, q0, r0, m0, 'sensors/data', ... (15 bytes))
1764805103: Received PUBLISH from auto-EB2C5B4F-E049-A50D-1D3A-18BEC9490286 (d0, q0, r0, m0, 'sensors/data', ... (17 bytes))
1764805108: Received PUBLISH from auto-EB2C5B4F-E049-A50D-1D3A-18BEC9490286 (d0, q0, r0, m0, 'sensors/data', ... (17 bytes))
1764805109: Client auto-EB2C5B4F-E049-A50D-1D3A-18BEC9490286 closed its connection.
1764805121: mosquitto version 2.0.22 terminating
1764805188: mosquitto version 2.0.22 starting
1764805188: Config loaded from /mosquitto/config/mosquitto.conf.
1764805188: Opening ipv4 listen socket on port 1883.
1764805188: mosquitto version 2.0.22 running
1764805191: New connection from 172.19.0.3:47649 on port 1883.
1764805191: New client connected from 172.19.0.3:47649 as auto-207DFFFF-2898-6DA1-0B14-F908331A913E (p2, c1, k60).
1764805191: No will message specified.
1764805191: Sending CONNACK to auto-207DFFFF-2898-6DA1-0B14-F908331A913E (0, 0)
1764805191: Received SUBSCRIBE from auto-207DFFFF-2898-6DA1-0B14-F908331A913E
1764805191: 	sensors/data (QoS 0)
1764805191: auto-207DFFFF-2898-6DA1-0B14-F908331A913E 0 sensors/data
1764805191: Sending SUBACK to auto-207DFFFF-2898-6DA1-0B14-F908331A913E
1764805194: New connection from 172.19.0.4:57769 on port 1883.
1764805194: New client connected from 172.19.0.4:57769 as auto-68007083-3A3B-AB27-B9BA-C96F64E6D2BF (p2, c1, k60).
1764805194: No will message specified.
1764805194: Sending CONNACK to auto-68007083-3A3B-AB27-B9BA-C96F64E6D2BF (0, 0)
1764805194: Received PUBLISH from auto-68007083-3A3B-AB27-B9BA-C96F64E6D2BF (d0, q0, r0, m0, 'sensors/data', ... (17 bytes))
1764805194: Sending PUBLISH to auto-207DFFFF-2898-6DA1-0B14-F908331A913E (d0, q0, r0, m0, 'sensors/data', ... (17 bytes))
1764805199: Received PUBLISH from auto-68007083-3A3B-AB27-B9BA-C96F64E6D2BF (d0, q0, r0, m0, 'sensors/data', ... (15 bytes))
1764805199: Sending PUBLISH to auto-207DFFFF-2898-6DA1-0B14-F908331A913E (d0, q0, r0, m0, 'sensors/data', ... (15 bytes))
1764805204: Received PUBLISH from auto-68007083-3A3B-AB27-B9BA-C96F64E6D2BF (d0, q0, r0, m0, 'sensors/data', ... (15 bytes))
1764805204: Sending PUBLISH to auto-207DFFFF-2898-6DA1-0B14-F908331A913E (d0, q0, r0, m0, 'sensors/data', ... (15 bytes))
1764805209: Received PUBLISH from auto-68007083-3A3B-AB27-B9BA-C96F64E6D2BF (d0, q0, r0, m0, 'sensors/data', ... (17 bytes))
1764805209: Sending PUBLISH to auto-207DFFFF-2898-6DA1-0B14-F908331A913E (d0, q0, r0, m0, 'sensors/data', ... (17 bytes))
1764805214: Received PUBLISH from auto-68007083-3A3B-AB27-B9BA-C96F64E6D2BF (d0, q0, r0, m0, 'sensors/data', ... (17 bytes))
1764805214: Sending PUBLISH to auto-207DFFFF-2898-6DA1-0B14-F908331A913E (d0, q0, r0, m0, 'sensors/data', ... (17 bytes))
1764805219: Received PUBLISH from auto-68007083-3A3B-AB27-B9BA-C96F64E6D2BF (d0, q0, r0, m0, 'sensors/data', ... (15 bytes))
1764805219: Sending PUBLISH to auto-207DFFFF-2898-6DA1-0B14-F908331A913E (d0, q0, r0, m0, 'sensors/data', ... (15 bytes))
1764805224: Received PUBLISH from auto-68007083-3A3B-AB27-B9BA-C96F64E6D2BF (d0, q0, r0, m0, 'sensors/data', ... (15 bytes))
1764805224: Sending PUBLISH to auto-207DFFFF-2898-6DA1-0B14-F908331A913E (d0, q0, r0, m0, 'sensors/data', ... (15 bytes))
1764805229: Received PUBLISH from auto-68007083-3A3B-AB27-B9BA-C96F64E6D2BF (d0, q0, r0, m0, 'sensors/data', ... (15 bytes))
1764805229: Sending PUBLISH to auto-207DFFFF-2898-6DA1-0B14-F908331A913E (d0, q0, r0, m0, 'sensors/data', ... (15 bytes))
1764805235: Received PUBLISH from auto-68007083-3A3B-AB27-B9BA-C96F64E6D2BF (d0, q0, r0, m0, 'sensors/data', ... (15 bytes))
1764805235: Sending PUBLISH to auto-207DFFFF-2898-6DA1-0B14-F908331A913E (d0, q0, r0, m0, 'sensors/data', ... (15 bytes))
1764805240: Received PUBLISH from auto-68007083-3A3B-AB27-B9BA-C96F64E6D2BF (d0, q0, r0, m0, 'sensors/data', ... (15 bytes))
1764805240: Sending PUBLISH to auto-207DFFFF-2898-6DA1-0B14-F908331A913E (d0, q0, r0, m0, 'sensors/data', ... (15 bytes))
1764805245: Received PUBLISH from auto-68007083-3A3B-AB27-B9BA-C96F64E6D2BF (d0, q0, r0, m0, 'sensors/data', ... (15 bytes))
1764805245: Sending PUBLISH to auto-207DFFFF-2898-6DA1-0B14-F908331A913E (d0, q0, r0, m0, 'sensors/data', ... (15 bytes))
1764805250: Received PUBLISH from auto-68007083-3A3B-AB27-B9BA-C96F64E6D2BF (d0, q0, r0, m0, 'sensors/data', ... (15 bytes))
1764805250: Sending PUBLISH to auto-207DFFFF-2898-6DA1-0B14-F908331A913E (d0, q0, r0, m0, 'sensors/data', ... (15 bytes))
1764805251: Received PINGREQ from auto-207DFFFF-2898-6DA1-0B14-F908331A913E
1764805251: Sending PINGRESP to auto-207DFFFF-2898-6DA1-0B14-F908331A913E
1764805255: Received PUBLISH from auto-68007083-3A3B-AB27-B9BA-C96F64E6D2BF (d0, q0, r0, m0, 'sensors/data', ... (15 bytes))
1764805255: Sending PUBLISH to auto-207DFFFF-2898-6DA1-0B14-F908331A913E (d0, q0, r0, m0, 'sensors/data', ... (15 bytes))
1764805260: Received PUBLISH from auto-68007083-3A3B-AB27-B9BA-C96F64E6D2BF (d0, q0, r0, m0, 'sensors/data', ... (15 bytes))
1764805260: Sending PUBLISH to auto-207DFFFF-2898-6DA1-0B14-F908331A913E (d0, q0, r0, m0, 'sensors/data', ... (15 bytes))
1764805265: Received PUBLISH from auto-68007083-3A3B-AB27-B9BA-C96F64E6D2BF (d0, q0, r0, m0, 'sensors/data', ... (15 bytes))
1764805265: Sending PUBLISH to auto-207DFFFF-2898-6DA1-0B14-F908331A913E (d0, q0, r0, m0, 'sensors/data', ... (15 bytes))
1764805270: Received PUBLISH from auto-68007083-3A3B-AB27-B9BA-C96F64E6D2BF (d0, q0, r0, m0, 'sensors/data', ... (17 bytes))
1764805270: Sending PUBLISH to auto-207DFFFF-2898-6DA1-0B14-F908331A913E (d0, q0, r0, m0, 'sensors/data', ... (17 bytes))
1764805275: Received PUBLISH from auto-68007083-3A3B-AB27-B9BA-C96F64E6D2BF (d0, q0, r0, m0, 'sensors/data', ... (17 bytes))
1764805275: Sending PUBLISH to auto-207DFFFF-2898-6DA1-0B14-F908331A913E (d0, q0, r0, m0, 'sensors/data', ... (17 bytes))
1764805280: Received PUBLISH from auto-68007083-3A3B-AB27-B9BA-C96F64E6D2BF (d0, q0, r0, m0, 'sensors/data', ... (15 bytes))
1764805280: Sending PUBLISH to auto-207DFFFF-2898-6DA1-0B14-F908331A913E (d0, q0, r0, m0, 'sensors/data', ... (15 bytes))
1764805285: Received PUBLISH from auto-68007083-3A3B-AB27-B9BA-C96F64E6D2BF (d0, q0, r0, m0, 'sensors/data', ... (15 bytes))
1764805285: Sending PUBLISH to auto-207DFFFF-2898-6DA1-0B14-F908331A913E (d0, q0, r0, m0, 'sensors/data', ... (15 bytes))
1764805290: Received PUBLISH from auto-68007083-3A3B-AB27-B9BA-C96F64E6D2BF (d0, q0, r0, m0, 'sensors/data', ... (14 bytes))
1764805290: Sending PUBLISH to auto-207DFFFF-2898-6DA1-0B14-F908331A913E (d0, q0, r0, m0, 'sensors/data', ... (14 bytes))
1764805296: Received PUBLISH from auto-68007083-3A3B-AB27-B9BA-C96F64E6D2BF (d0, q0, r0, m0, 'sensors/data', ... (16 bytes))
1764805296: Sending PUBLISH to auto-207DFFFF-2898-6DA1-0B14-F908331A913E (d0, q0, r0, m0, 'sensors/data', ... (16 bytes))
1764805301: Received PUBLISH from auto-68007083-3A3B-AB27-B9BA-C96F64E6D2BF (d0, q0, r0, m0, 'sensors/data', ... (15 bytes))
1764805301: Sending PUBLISH to auto-207DFFFF-2898-6DA1-0B14-F908331A913E (d0, q0, r0, m0, 'sensors/data', ... (15 bytes))
1764805306: Received PUBLISH from auto-68007083-3A3B-AB27-B9BA-C96F64E6D2BF (d0, q0, r0, m0, 'sensors/data', ... (15 bytes))
1764805306: Sending PUBLISH to auto-207DFFFF-2898-6DA1-0B14-F908331A913E (d0, q0, r0, m0, 'sensors/data', ... (15 bytes))
1764805311: Received PUBLISH from auto-68007083-3A3B-AB27-B9BA-C96F64E6D2BF (d0, q0, r0, m0, 'sensors/data', ... (16 bytes))
1764805311: Sending PUBLISH to auto-207DFFFF-2898-6DA1-0B14-F908331A913E (d0, q0, r0, m0, 'sensors/data', ... (16 bytes))
1764805312: Received PINGREQ from auto-207DFFFF-2898-6DA1-0B14-F908331A913E
1764805312: Sending PINGRESP to auto-207DFFFF-2898-6DA1-0B14-F908331A913E
1764805316: Received PUBLISH from auto-68007083-3A3B-AB27-B9BA-C96F64E6D2BF (d0, q0, r0, m0, 'sensors/data', ... (15 bytes))
1764805316: Sending PUBLISH to auto-207DFFFF-2898-6DA1-0B14-F908331A913E (d0, q0, r0, m0, 'sensors/data', ... (15 bytes))
1764805321: Received PUBLISH from auto-68007083-3A3B-AB27-B9BA-C96F64E6D2BF (d0, q0, r0, m0, 'sensors/data', ... (14 bytes))
1764805321: Sending PUBLISH to auto-207DFFFF-2898-6DA1-0B14-F908331A913E (d0, q0, r0, m0, 'sensors/data', ... (14 bytes))
1764805326: Received PUBLISH from auto-68007083-3A3B-AB27-B9BA-C96F64E6D2BF (d0, q0, r0, m0, 'sensors/data', ... (15 bytes))
1764805326: Sending PUBLISH to auto-207DFFFF-2898-6DA1-0B14-F908331A913E (d0, q0, r0, m0, 'sensors/data', ... (15 bytes))
1764805331: Received PUBLISH from auto-68007083-3A3B-AB27-B9BA-C96F64E6D2BF (d0, q0, r0, m0, 'sensors/data', ... (17 bytes))
1764805331: Sending PUBLISH to auto-207DFFFF-2898-6DA1-0B14-F908331A913E (d0, q0, r0, m0, 'sensors/data', ... (17 bytes))
1764805336: Received PUBLISH from auto-68007083-3A3B-AB27-B9BA-C96F64E6D2BF (d0, q0, r0, m0, 'sensors/data', ... (17 bytes))
1764805336: Sending PUBLISH to auto-207DFFFF-2898-6DA1-0B14-F908331A913E (d0, q0, r0, m0, 'sensors/data', ... (17 bytes))
1764805341: Received PUBLISH from auto-68007083-3A3B-AB27-B9BA-C96F64E6D2BF (d0, q0, r0, m0, 'sensors/data', ... (17 bytes))
1764805341: Sending PUBLISH to auto-207DFFFF-2898-6DA1-0B14-F908331A913E (d0, q0, r0, m0, 'sensors/data', ... (17 bytes))
1764805346: Received PUBLISH from auto-68007083-3A3B-AB27-B9BA-C96F64E6D2BF (d0, q0, r0, m0, 'sensors/data', ... (15 bytes))
1764805346: Sending PUBLISH to auto-207DFFFF-2898-6DA1-0B14-F908331A913E (d0, q0, r0, m0, 'sensors/data', ... (15 bytes))
1764805351: Received PUBLISH from auto-68007083-3A3B-AB27-B9BA-C96F64E6D2BF (d0, q0, r0, m0, 'sensors/data', ... (17 bytes))
1764805351: Sending PUBLISH to auto-207DFFFF-2898-6DA1-0B14-F908331A913E (d0, q0, r0, m0, 'sensors/data', ... (17 bytes))
1764805356: Received PUBLISH from auto-68007083-3A3B-AB27-B9BA-C96F64E6D2BF (d0, q0, r0, m0, 'sensors/data', ... (17 bytes))
1764805356: Sending PUBLISH to auto-207DFFFF-2898-6DA1-0B14-F908331A913E (d0, q0, r0, m0, 'sensors/data', ... (17 bytes))
1764805362: Received PUBLISH from auto-68007083-3A3B-AB27-B9BA-C96F64E6D2BF (d0, q0, r0, m0, 'sensors/data', ... (17 bytes))
1764805362: Sending PUBLISH to auto-207DFFFF-2898-6DA1-0B14-F908331A913E (d0, q0, r0, m0, 'sensors/data', ... (17 bytes))
1764805367: Received PUBLISH from auto-68007083-3A3B-AB27-B9BA-C96F64E6D2BF (d0, q0, r0, m0, 'sensors/data', ... (15 bytes))
1764805367: Sending PUBLISH to auto-207DFFFF-2898-6DA1-0B14-F908331A913E (d0, q0, r0, m0, 'sensors/data', ... (15 bytes))
1764805372: Received PUBLISH from auto-68007083-3A3B-AB27-B9BA-C96F64E6D2BF (d0, q0, r0, m0, 'sensors/data', ... (16 bytes))
1764805372: Sending PUBLISH to auto-207DFFFF-2898-6DA1-0B14-F908331A913E (d0, q0, r0, m0, 'sensors/data', ... (16 bytes))
1764805373: Received PINGREQ from auto-207DFFFF-2898-6DA1-0B14-F908331A913E
1764805373: Sending PINGRESP to auto-207DFFFF-2898-6DA1-0B14-F908331A913E
1764805377: Received PUBLISH from auto-68007083-3A3B-AB27-B9BA-C96F64E6D2BF (d0, q0, r0, m0, 'sensors/data', ... (15 bytes))
1764805377: Sending PUBLISH to auto-207DFFFF-2898-6DA1-0B14-F908331A913E (d0, q0, r0, m0, 'sensors/data', ... (15 bytes))
1764805382: Received PUBLISH from auto-68007083-3A3B-AB27-B9BA-C96F64E6D2BF (d0, q0, r0, m0, 'sensors/data', ... (15 bytes))
1764805382: Sending PUBLISH to auto-207DFFFF-2898-6DA1-0B14-F908331A913E (d0, q0, r0, m0, 'sensors/data', ... (15 bytes))
1764805387: Received PUBLISH from auto-68007083-3A3B-AB27-B9BA-C96F64E6D2BF (d0, q0, r0, m0, 'sensors/data', ... (15 bytes))
1764805387: Sending PUBLISH to auto-207DFFFF-2898-6DA1-0B14-F908331A913E (d0, q0, r0, m0, 'sensors/data', ... (15 bytes))
1764805392: Received PUBLISH from auto-68007083-3A3B-AB27-B9BA-C96F64E6D2BF (d0, q0, r0, m0, 'sensors/data', ... (15 bytes))
1764805392: Sending PUBLISH to auto-207DFFFF-2898-6DA1-0B14-F908331A913E (d0, q0, r0, m0, 'sensors/data', ... (15 bytes))
1764805397: Received PUBLISH from auto-68007083-3A3B-AB27-B9BA-C96F64E6D2BF (d0, q0, r0, m0, 'sensors/data', ... (15 bytes))
1764805397: Sending PUBLISH to auto-207DFFFF-2898-6DA1-0B14-F908331A913E (d0, q0, r0, m0, 'sensors/data', ... (15 bytes))
1764805402: Received PUBLISH from auto-68007083-3A3B-AB27-B9BA-C96F64E6D2BF (d0, q0, r0, m0, 'sensors/data', ... (15 bytes))
1764805402: Sending PUBLISH to auto-207DFFFF-2898-6DA1-0B14-F908331A913E (d0, q0, r0, m0, 'sensors/data', ... (15 bytes))
1764805407: Received PUBLISH from auto-68007083-3A3B-AB27-B9BA-C96F64E6D2BF (d0, q0, r0, m0, 'sensors/data', ... (15 bytes))
1764805407: Sending PUBLISH to auto-207DFFFF-2898-6DA1-0B14-F908331A913E (d0, q0, r0, m0, 'sensors/data', ... (15 bytes))
1764805412: Received PUBLISH from auto-68007083-3A3B-AB27-B9BA-C96F64E6D2BF (d0, q0, r0, m0, 'sensors/data', ... (15 bytes))
1764805412: Sending PUBLISH to auto-207DFFFF-2898-6DA1-0B14-F908331A913E (d0, q0, r0, m0, 'sensors/data', ... (15 bytes))
1764805417: Received PUBLISH from auto-68007083-3A3B-AB27-B9BA-C96F64E6D2BF (d0, q0, r0, m0, 'sensors/data', ... (17 bytes))
1764805417: Sending PUBLISH to auto-207DFFFF-2898-6DA1-0B14-F908331A913E (d0, q0, r0, m0, 'sensors/data', ... (17 bytes))
1764805423: Received PUBLISH from auto-68007083-3A3B-AB27-B9BA-C96F64E6D2BF (d0, q0, r0, m0, 'sensors/data', ... (15 bytes))
1764805423: Sending PUBLISH to auto-207DFFFF-2898-6DA1-0B14-F908331A913E (d0, q0, r0, m0, 'sensors/data', ... (15 bytes))
1764805428: Received PUBLISH from auto-68007083-3A3B-AB27-B9BA-C96F64E6D2BF (d0, q0, r0, m0, 'sensors/data', ... (15 bytes))
1764805428: Sending PUBLISH to auto-207DFFFF-2898-6DA1-0B14-F908331A913E (d0, q0, r0, m0, 'sensors/data', ... (15 bytes))
1764805433: Received PUBLISH from auto-68007083-3A3B-AB27-B9BA-C96F64E6D2BF (d0, q0, r0, m0, 'sensors/data', ... (15 bytes))
1764805433: Sending PUBLISH to auto-207DFFFF-2898-6DA1-0B14-F908331A913E (d0, q0, r0, m0, 'sensors/data', ... (15 bytes))
1764805434: Received PINGREQ from auto-207DFFFF-2898-6DA1-0B14-F908331A913E
1764805434: Sending PINGRESP to auto-207DFFFF-2898-6DA1-0B14-F908331A913E
1764805438: Received PUBLISH from auto-68007083-3A3B-AB27-B9BA-C96F64E6D2BF (d0, q0, r0, m0, 'sensors/data', ... (14 bytes))
1764805438: Sending PUBLISH to auto-207DFFFF-2898-6DA1-0B14-F908331A913E (d0, q0, r0, m0, 'sensors/data', ... (14 bytes))
1764805443: Received PUBLISH from auto-68007083-3A3B-AB27-B9BA-C96F64E6D2BF (d0, q0, r0, m0, 'sensors/data', ... (15 bytes))
1764805443: Sending PUBLISH to auto-207DFFFF-2898-6DA1-0B14-F908331A913E (d0, q0, r0, m0, 'sensors/data', ... (15 bytes))
1764805448: Received PUBLISH from auto-68007083-3A3B-AB27-B9BA-C96F64E6D2BF (d0, q0, r0, m0, 'sensors/data', ... (15 bytes))
1764805448: Sending PUBLISH to auto-207DFFFF-2898-6DA1-0B14-F908331A913E (d0, q0, r0, m0, 'sensors/data', ... (15 bytes))
1764805453: Received PUBLISH from auto-68007083-3A3B-AB27-B9BA-C96F64E6D2BF (d0, q0, r0, m0, 'sensors/data', ... (15 bytes))
1764805453: Sending PUBLISH to auto-207DFFFF-2898-6DA1-0B14-F908331A913E (d0, q0, r0, m0, 'sensors/data', ... (15 bytes))
1764805458: Received PUBLISH from auto-68007083-3A3B-AB27-B9BA-C96F64E6D2BF (d0, q0, r0, m0, 'sensors/data', ... (14 bytes))
1764805458: Sending PUBLISH to auto-207DFFFF-2898-6DA1-0B14-F908331A913E (d0, q0, r0, m0, 'sensors/data', ... (14 bytes))
1764805463: Received PUBLISH from auto-68007083-3A3B-AB27-B9BA-C96F64E6D2BF (d0, q0, r0, m0, 'sensors/data', ... (15 bytes))
1764805463: Sending PUBLISH to auto-207DFFFF-2898-6DA1-0B14-F908331A913E (d0, q0, r0, m0, 'sensors/data', ... (15 bytes))
1764805468: Received PUBLISH from auto-68007083-3A3B-AB27-B9BA-C96F64E6D2BF (d0, q0, r0, m0, 'sensors/data', ... (15 bytes))
1764805468: Sending PUBLISH to auto-207DFFFF-2898-6DA1-0B14-F908331A913E (d0, q0, r0, m0, 'sensors/data', ... (15 bytes))
1764805473: Received PUBLISH from auto-68007083-3A3B-AB27-B9BA-C96F64E6D2BF (d0, q0, r0, m0, 'sensors/data', ... (15 bytes))
1764805473: Sending PUBLISH to auto-207DFFFF-2898-6DA1-0B14-F908331A913E (d0, q0, r0, m0, 'sensors/data', ... (15 bytes))
1764805478: Received PUBLISH from auto-68007083-3A3B-AB27-B9BA-C96F64E6D2BF (d0, q0, r0, m0, 'sensors/data', ... (15 bytes))
1764805478: Sending PUBLISH to auto-207DFFFF-2898-6DA1-0B14-F908331A913E (d0, q0, r0, m0, 'sensors/data', ... (15 bytes))
1764805484: Received PUBLISH from auto-68007083-3A3B-AB27-B9BA-C96F64E6D2BF (d0, q0, r0, m0, 'sensors/data', ... (14 bytes))
1764805484: Sending PUBLISH to auto-207DFFFF-2898-6DA1-0B14-F908331A913E (d0, q0, r0, m0, 'sensors/data', ... (14 bytes))
1764805489: Received PUBLISH from auto-68007083-3A3B-AB27-B9BA-C96F64E6D2BF (d0, q0, r0, m0, 'sensors/data', ... (15 bytes))
1764805489: Sending PUBLISH to auto-207DFFFF-2898-6DA1-0B14-F908331A913E (d0, q0, r0, m0, 'sensors/data', ... (15 bytes))
1764805494: Received PUBLISH from auto-68007083-3A3B-AB27-B9BA-C96F64E6D2BF (d0, q0, r0, m0, 'sensors/data', ... (15 bytes))
1764805494: Sending PUBLISH to auto-207DFFFF-2898-6DA1-0B14-F908331A913E (d0, q0, r0, m0, 'sensors/data', ... (15 bytes))
1764805495: Received PINGREQ from auto-207DFFFF-2898-6DA1-0B14-F908331A913E
1764805495: Sending PINGRESP to auto-207DFFFF-2898-6DA1-0B14-F908331A913E
1764805499: Received PUBLISH from auto-68007083-3A3B-AB27-B9BA-C96F64E6D2BF (d0, q0, r0, m0, 'sensors/data', ... (15 bytes))
1764805499: Sending PUBLISH to auto-207DFFFF-2898-6DA1-0B14-F908331A913E (d0, q0, r0, m0, 'sensors/data', ... (15 bytes))
1764805504: Received PUBLISH from auto-68007083-3A3B-AB27-B9BA-C96F64E6D2BF (d0, q0, r0, m0, 'sensors/data', ... (15 bytes))
1764805504: Sending PUBLISH to auto-207DFFFF-2898-6DA1-0B14-F908331A913E (d0, q0, r0, m0, 'sensors/data', ... (15 bytes))
1764805509: Received PUBLISH from auto-68007083-3A3B-AB27-B9BA-C96F64E6D2BF (d0, q0, r0, m0, 'sensors/data', ... (16 bytes))
1764805509: Sending PUBLISH to auto-207DFFFF-2898-6DA1-0B14-F908331A913E (d0, q0, r0, m0, 'sensors/data', ... (16 bytes))
1764805514: Received PUBLISH from auto-68007083-3A3B-AB27-B9BA-C96F64E6D2BF (d0, q0, r0, m0, 'sensors/data', ... (15 bytes))
1764805514: Sending PUBLISH to auto-207DFFFF-2898-6DA1-0B14-F908331A913E (d0, q0, r0, m0, 'sensors/data', ... (15 bytes))
1764805519: Received PUBLISH from auto-68007083-3A3B-AB27-B9BA-C96F64E6D2BF (d0, q0, r0, m0, 'sensors/data', ... (15 bytes))
1764805519: Sending PUBLISH to auto-207DFFFF-2898-6DA1-0B14-F908331A913E (d0, q0, r0, m0, 'sensors/data', ... (15 bytes))
1764805524: Received PUBLISH from auto-68007083-3A3B-AB27-B9BA-C96F64E6D2BF (d0, q0, r0, m0, 'sensors/data', ... (15 bytes))
1764805524: Sending PUBLISH to auto-207DFFFF-2898-6DA1-0B14-F908331A913E (d0, q0, r0, m0, 'sensors/data', ... (15 bytes))
1764805529: Received PUBLISH from auto-68007083-3A3B-AB27-B9BA-C96F64E6D2BF (d0, q0, r0, m0, 'sensors/data', ... (16 bytes))
1764805529: Sending PUBLISH to auto-207DFFFF-2898-6DA1-0B14-F908331A913E (d0, q0, r0, m0, 'sensors/data', ... (16 bytes))
1764805534: Received PUBLISH from auto-68007083-3A3B-AB27-B9BA-C96F64E6D2BF (d0, q0, r0, m0, 'sensors/data', ... (17 bytes))
1764805534: Sending PUBLISH to auto-207DFFFF-2898-6DA1-0B14-F908331A913E (d0, q0, r0, m0, 'sensors/data', ... (17 bytes))
1764805539: Received PUBLISH from auto-68007083-3A3B-AB27-B9BA-C96F64E6D2BF (d0, q0, r0, m0, 'sensors/data', ... (15 bytes))
1764805539: Sending PUBLISH to auto-207DFFFF-2898-6DA1-0B14-F908331A913E (d0, q0, r0, m0, 'sensors/data', ... (15 bytes))
1764805545: Received PUBLISH from auto-68007083-3A3B-AB27-B9BA-C96F64E6D2BF (d0, q0, r0, m0, 'sensors/data', ... (17 bytes))
1764805545: Sending PUBLISH to auto-207DFFFF-2898-6DA1-0B14-F908331A913E (d0, q0, r0, m0, 'sensors/data', ... (17 bytes))
1764805550: Received PUBLISH from auto-68007083-3A3B-AB27-B9BA-C96F64E6D2BF (d0, q0, r0, m0, 'sensors/data', ... (15 bytes))
1764805550: Sending PUBLISH to auto-207DFFFF-2898-6DA1-0B14-F908331A913E (d0, q0, r0, m0, 'sensors/data', ... (15 bytes))
1764805555: Received PUBLISH from auto-68007083-3A3B-AB27-B9BA-C96F64E6D2BF (d0, q0, r0, m0, 'sensors/data', ... (17 bytes))
1764805555: Sending PUBLISH to auto-207DFFFF-2898-6DA1-0B14-F908331A913E (d0, q0, r0, m0, 'sensors/data', ... (17 bytes))
1764805556: Received PINGREQ from auto-207DFFFF-2898-6DA1-0B14-F908331A913E
1764805556: Sending PINGRESP to auto-207DFFFF-2898-6DA1-0B14-F908331A913E
1764805560: Received PUBLISH from auto-68007083-3A3B-AB27-B9BA-C96F64E6D2BF (d0, q0, r0, m0, 'sensors/data', ... (15 bytes))
1764805560: Sending PUBLISH to auto-207DFFFF-2898-6DA1-0B14-F908331A913E (d0, q0, r0, m0, 'sensors/data', ... (15 bytes))
1764805565: Received PUBLISH from auto-68007083-3A3B-AB27-B9BA-C96F64E6D2BF (d0, q0, r0, m0, 'sensors/data', ... (17 bytes))
1764805565: Sending PUBLISH to auto-207DFFFF-2898-6DA1-0B14-F908331A913E (d0, q0, r0, m0, 'sensors/data', ... (17 bytes))
1764805570: Received PUBLISH from auto-68007083-3A3B-AB27-B9BA-C96F64E6D2BF (d0, q0, r0, m0, 'sensors/data', ... (14 bytes))
1764805570: Sending PUBLISH to auto-207DFFFF-2898-6DA1-0B14-F908331A913E (d0, q0, r0, m0, 'sensors/data', ... (14 bytes))
1764805575: Received PUBLISH from auto-68007083-3A3B-AB27-B9BA-C96F64E6D2BF (d0, q0, r0, m0, 'sensors/data', ... (16 bytes))
1764805575: Sending PUBLISH to auto-207DFFFF-2898-6DA1-0B14-F908331A913E (d0, q0, r0, m0, 'sensors/data', ... (16 bytes))
1764805580: Received PUBLISH from auto-68007083-3A3B-AB27-B9BA-C96F64E6D2BF (d0, q0, r0, m0, 'sensors/data', ... (15 bytes))
1764805580: Sending PUBLISH to auto-207DFFFF-2898-6DA1-0B14-F908331A913E (d0, q0, r0, m0, 'sensors/data', ... (15 bytes))
1764805585: Received PUBLISH from auto-68007083-3A3B-AB27-B9BA-C96F64E6D2BF (d0, q0, r0, m0, 'sensors/data', ... (15 bytes))
1764805585: Sending PUBLISH to auto-207DFFFF-2898-6DA1-0B14-F908331A913E (d0, q0, r0, m0, 'sensors/data', ... (15 bytes))
1764805590: Received PUBLISH from auto-68007083-3A3B-AB27-B9BA-C96F64E6D2BF (d0, q0, r0, m0, 'sensors/data', ... (17 bytes))
1764805590: Sending PUBLISH to auto-207DFFFF-2898-6DA1-0B14-F908331A913E (d0, q0, r0, m0, 'sensors/data', ... (17 bytes))
1764805595: Received PUBLISH from auto-68007083-3A3B-AB27-B9BA-C96F64E6D2BF (d0, q0, r0, m0, 'sensors/data', ... (14 bytes))
1764805595: Sending PUBLISH to auto-207DFFFF-2898-6DA1-0B14-F908331A913E (d0, q0, r0, m0, 'sensors/data', ... (14 bytes))
1764805600: Received PUBLISH from auto-68007083-3A3B-AB27-B9BA-C96F64E6D2BF (d0, q0, r0, m0, 'sensors/data', ... (17 bytes))
1764805600: Sending PUBLISH to auto-207DFFFF-2898-6DA1-0B14-F908331A913E (d0, q0, r0, m0, 'sensors/data', ... (17 bytes))
1764805606: Received PUBLISH from auto-68007083-3A3B-AB27-B9BA-C96F64E6D2BF (d0, q0, r0, m0, 'sensors/data', ... (15 bytes))
1764805606: Sending PUBLISH to auto-207DFFFF-2898-6DA1-0B14-F908331A913E (d0, q0, r0, m0, 'sensors/data', ... (15 bytes))
1764805611: Received PUBLISH from auto-68007083-3A3B-AB27-B9BA-C96F64E6D2BF (d0, q0, r0, m0, 'sensors/data', ... (14 bytes))
1764805611: Sending PUBLISH to auto-207DFFFF-2898-6DA1-0B14-F908331A913E (d0, q0, r0, m0, 'sensors/data', ... (14 bytes))
1764805616: Received PUBLISH from auto-68007083-3A3B-AB27-B9BA-C96F64E6D2BF (d0, q0, r0, m0, 'sensors/data', ... (15 bytes))
1764805616: Sending PUBLISH to auto-207DFFFF-2898-6DA1-0B14-F908331A913E (d0, q0, r0, m0, 'sensors/data', ... (15 bytes))
1764805617: Received PINGREQ from auto-207DFFFF-2898-6DA1-0B14-F908331A913E
1764805617: Sending PINGRESP to auto-207DFFFF-2898-6DA1-0B14-F908331A913E
1764805621: Received PUBLISH from auto-68007083-3A3B-AB27-B9BA-C96F64E6D2BF (d0, q0, r0, m0, 'sensors/data', ... (14 bytes))
1764805621: Sending PUBLISH to auto-207DFFFF-2898-6DA1-0B14-F908331A913E (d0, q0, r0, m0, 'sensors/data', ... (14 bytes))
1764805626: Received PUBLISH from auto-68007083-3A3B-AB27-B9BA-C96F64E6D2BF (d0, q0, r0, m0, 'sensors/data', ... (15 bytes))
1764805626: Sending PUBLISH to auto-207DFFFF-2898-6DA1-0B14-F908331A913E (d0, q0, r0, m0, 'sensors/data', ... (15 bytes))
1764805631: Received PUBLISH from auto-68007083-3A3B-AB27-B9BA-C96F64E6D2BF (d0, q0, r0, m0, 'sensors/data', ... (15 bytes))
1764805631: Sending PUBLISH to auto-207DFFFF-2898-6DA1-0B14-F908331A913E (d0, q0, r0, m0, 'sensors/data', ... (15 bytes))
1764805636: Received PUBLISH from auto-68007083-3A3B-AB27-B9BA-C96F64E6D2BF (d0, q0, r0, m0, 'sensors/data', ... (14 bytes))
1764805636: Sending PUBLISH to auto-207DFFFF-2898-6DA1-0B14-F908331A913E (d0, q0, r0, m0, 'sensors/data', ... (14 bytes))
1764805641: Received PUBLISH from auto-68007083-3A3B-AB27-B9BA-C96F64E6D2BF (d0, q0, r0, m0, 'sensors/data', ... (15 bytes))
1764805641: Sending PUBLISH to auto-207DFFFF-2898-6DA1-0B14-F908331A913E (d0, q0, r0, m0, 'sensors/data', ... (15 bytes))
1764805646: Received PUBLISH from auto-68007083-3A3B-AB27-B9BA-C96F64E6D2BF (d0, q0, r0, m0, 'sensors/data', ... (17 bytes))
1764805646: Sending PUBLISH to auto-207DFFFF-2898-6DA1-0B14-F908331A913E (d0, q0, r0, m0, 'sensors/data', ... (17 bytes))
1764805651: Received PUBLISH from auto-68007083-3A3B-AB27-B9BA-C96F64E6D2BF (d0, q0, r0, m0, 'sensors/data', ... (15 bytes))
1764805651: Sending PUBLISH to auto-207DFFFF-2898-6DA1-0B14-F908331A913E (d0, q0, r0, m0, 'sensors/data', ... (15 bytes))
1764805656: Received PUBLISH from auto-68007083-3A3B-AB27-B9BA-C96F64E6D2BF (d0, q0, r0, m0, 'sensors/data', ... (15 bytes))
1764805656: Sending PUBLISH to auto-207DFFFF-2898-6DA1-0B14-F908331A913E (d0, q0, r0, m0, 'sensors/data', ... (15 bytes))
1764805661: Received PUBLISH from auto-68007083-3A3B-AB27-B9BA-C96F64E6D2BF (d0, q0, r0, m0, 'sensors/data', ... (15 bytes))
1764805661: Sending PUBLISH to auto-207DFFFF-2898-6DA1-0B14-F908331A913E (d0, q0, r0, m0, 'sensors/data', ... (15 bytes))
1764805667: Received PUBLISH from auto-68007083-3A3B-AB27-B9BA-C96F64E6D2BF (d0, q0, r0, m0, 'sensors/data', ... (14 bytes))
1764805667: Sending PUBLISH to auto-207DFFFF-2898-6DA1-0B14-F908331A913E (d0, q0, r0, m0, 'sensors/data', ... (14 bytes))
1764805672: Received PUBLISH from auto-68007083-3A3B-AB27-B9BA-C96F64E6D2BF (d0, q0, r0, m0, 'sensors/data', ... (15 bytes))
1764805672: Sending PUBLISH to auto-207DFFFF-2898-6DA1-0B14-F908331A913E (d0, q0, r0, m0, 'sensors/data', ... (15 bytes))
1764805677: Received PUBLISH from auto-68007083-3A3B-AB27-B9BA-C96F64E6D2BF (d0, q0, r0, m0, 'sensors/data', ... (15 bytes))
1764805677: Sending PUBLISH to auto-207DFFFF-2898-6DA1-0B14-F908331A913E (d0, q0, r0, m0, 'sensors/data', ... (15 bytes))
1764805677: Received PINGREQ from auto-207DFFFF-2898-6DA1-0B14-F908331A913E
1764805677: Sending PINGRESP to auto-207DFFFF-2898-6DA1-0B14-F908331A913E
1764805682: Received PUBLISH from auto-68007083-3A3B-AB27-B9BA-C96F64E6D2BF (d0, q0, r0, m0, 'sensors/data', ... (15 bytes))
1764805682: Sending PUBLISH to auto-207DFFFF-2898-6DA1-0B14-F908331A913E (d0, q0, r0, m0, 'sensors/data', ... (15 bytes))
1764805687: Received PUBLISH from auto-68007083-3A3B-AB27-B9BA-C96F64E6D2BF (d0, q0, r0, m0, 'sensors/data', ... (16 bytes))
1764805687: Sending PUBLISH to auto-207DFFFF-2898-6DA1-0B14-F908331A913E (d0, q0, r0, m0, 'sensors/data', ... (16 bytes))
1764805692: Received PUBLISH from auto-68007083-3A3B-AB27-B9BA-C96F64E6D2BF (d0, q0, r0, m0, 'sensors/data', ... (15 bytes))
1764805692: Sending PUBLISH to auto-207DFFFF-2898-6DA1-0B14-F908331A913E (d0, q0, r0, m0, 'sensors/data', ... (15 bytes))
1764805697: Received PUBLISH from auto-68007083-3A3B-AB27-B9BA-C96F64E6D2BF (d0, q0, r0, m0, 'sensors/data', ... (14 bytes))
1764805697: Sending PUBLISH to auto-207DFFFF-2898-6DA1-0B14-F908331A913E (d0, q0, r0, m0, 'sensors/data', ... (14 bytes))
1764805702: Received PUBLISH from auto-68007083-3A3B-AB27-B9BA-C96F64E6D2BF (d0, q0, r0, m0, 'sensors/data', ... (16 bytes))
1764805702: Sending PUBLISH to auto-207DFFFF-2898-6DA1-0B14-F908331A913E (d0, q0, r0, m0, 'sensors/data', ... (16 bytes))
1764805707: Received PUBLISH from auto-68007083-3A3B-AB27-B9BA-C96F64E6D2BF (d0, q0, r0, m0, 'sensors/data', ... (16 bytes))
1764805707: Sending PUBLISH to auto-207DFFFF-2898-6DA1-0B14-F908331A913E (d0, q0, r0, m0, 'sensors/data', ... (16 bytes))
1764805712: Received PUBLISH from auto-68007083-3A3B-AB27-B9BA-C96F64E6D2BF (d0, q0, r0, m0, 'sensors/data', ... (17 bytes))
1764805712: Sending PUBLISH to auto-207DFFFF-2898-6DA1-0B14-F908331A913E (d0, q0, r0, m0, 'sensors/data', ... (17 bytes))
1764805717: Received PUBLISH from auto-68007083-3A3B-AB27-B9BA-C96F64E6D2BF (d0, q0, r0, m0, 'sensors/data', ... (16 bytes))
1764805717: Sending PUBLISH to auto-207DFFFF-2898-6DA1-0B14-F908331A913E (d0, q0, r0, m0, 'sensors/data', ... (16 bytes))
1764805722: Received PUBLISH from auto-68007083-3A3B-AB27-B9BA-C96F64E6D2BF (d0, q0, r0, m0, 'sensors/data', ... (15 bytes))
1764805722: Sending PUBLISH to auto-207DFFFF-2898-6DA1-0B14-F908331A913E (d0, q0, r0, m0, 'sensors/data', ... (15 bytes))
1764805728: Received PUBLISH from auto-68007083-3A3B-AB27-B9BA-C96F64E6D2BF (d0, q0, r0, m0, 'sensors/data', ... (14 bytes))
1764805728: Sending PUBLISH to auto-207DFFFF-2898-6DA1-0B14-F908331A913E (d0, q0, r0, m0, 'sensors/data', ... (14 bytes))
1764805733: Received PUBLISH from auto-68007083-3A3B-AB27-B9BA-C96F64E6D2BF (d0, q0, r0, m0, 'sensors/data', ... (15 bytes))
1764805733: Sending PUBLISH to auto-207DFFFF-2898-6DA1-0B14-F908331A913E (d0, q0, r0, m0, 'sensors/data', ... (15 bytes))
1764805738: Received PUBLISH from auto-68007083-3A3B-AB27-B9BA-C96F64E6D2BF (d0, q0, r0, m0, 'sensors/data', ... (15 bytes))
1764805738: Sending PUBLISH to auto-207DFFFF-2898-6DA1-0B14-F908331A913E (d0, q0, r0, m0, 'sensors/data', ... (15 bytes))
1764805738: Received PINGREQ from auto-207DFFFF-2898-6DA1-0B14-F908331A913E
1764805738: Sending PINGRESP to auto-207DFFFF-2898-6DA1-0B14-F908331A913E
1764805743: Received PUBLISH from auto-68007083-3A3B-AB27-B9BA-C96F64E6D2BF (d0, q0, r0, m0, 'sensors/data', ... (15 bytes))
1764805743: Sending PUBLISH to auto-207DFFFF-2898-6DA1-0B14-F908331A913E (d0, q0, r0, m0, 'sensors/data', ... (15 bytes))
1764805748: Received PUBLISH from auto-68007083-3A3B-AB27-B9BA-C96F64E6D2BF (d0, q0, r0, m0, 'sensors/data', ... (15 bytes))
1764805748: Sending PUBLISH to auto-207DFFFF-2898-6DA1-0B14-F908331A913E (d0, q0, r0, m0, 'sensors/data', ... (15 bytes))
1764805753: Received PUBLISH from auto-68007083-3A3B-AB27-B9BA-C96F64E6D2BF (d0, q0, r0, m0, 'sensors/data', ... (14 bytes))
1764805753: Sending PUBLISH to auto-207DFFFF-2898-6DA1-0B14-F908331A913E (d0, q0, r0, m0, 'sensors/data', ... (14 bytes))
1764805758: Received PUBLISH from auto-68007083-3A3B-AB27-B9BA-C96F64E6D2BF (d0, q0, r0, m0, 'sensors/data', ... (14 bytes))
1764805758: Sending PUBLISH to auto-207DFFFF-2898-6DA1-0B14-F908331A913E (d0, q0, r0, m0, 'sensors/data', ... (14 bytes))
1764805763: Received PUBLISH from auto-68007083-3A3B-AB27-B9BA-C96F64E6D2BF (d0, q0, r0, m0, 'sensors/data', ... (16 bytes))
1764805763: Sending PUBLISH to auto-207DFFFF-2898-6DA1-0B14-F908331A913E (d0, q0, r0, m0, 'sensors/data', ... (16 bytes))
1764805768: Received PUBLISH from auto-68007083-3A3B-AB27-B9BA-C96F64E6D2BF (d0, q0, r0, m0, 'sensors/data', ... (14 bytes))
1764805768: Sending PUBLISH to auto-207DFFFF-2898-6DA1-0B14-F908331A913E (d0, q0, r0, m0, 'sensors/data', ... (14 bytes))
1764805773: Received PUBLISH from auto-68007083-3A3B-AB27-B9BA-C96F64E6D2BF (d0, q0, r0, m0, 'sensors/data', ... (15 bytes))
1764805773: Sending PUBLISH to auto-207DFFFF-2898-6DA1-0B14-F908331A913E (d0, q0, r0, m0, 'sensors/data', ... (15 bytes))
1764805778: Received PUBLISH from auto-68007083-3A3B-AB27-B9BA-C96F64E6D2BF (d0, q0, r0, m0, 'sensors/data', ... (15 bytes))
1764805778: Sending PUBLISH to auto-207DFFFF-2898-6DA1-0B14-F908331A913E (d0, q0, r0, m0, 'sensors/data', ... (15 bytes))
1764805783: Received PUBLISH from auto-68007083-3A3B-AB27-B9BA-C96F64E6D2BF (d0, q0, r0, m0, 'sensors/data', ... (17 bytes))
1764805783: Sending PUBLISH to auto-207DFFFF-2898-6DA1-0B14-F908331A913E (d0, q0, r0, m0, 'sensors/data', ... (17 bytes))
1764805789: Received PUBLISH from auto-68007083-3A3B-AB27-B9BA-C96F64E6D2BF (d0, q0, r0, m0, 'sensors/data', ... (14 bytes))
1764805789: Sending PUBLISH to auto-207DFFFF-2898-6DA1-0B14-F908331A913E (d0, q0, r0, m0, 'sensors/data', ... (14 bytes))
1764805794: Received PUBLISH from auto-68007083-3A3B-AB27-B9BA-C96F64E6D2BF (d0, q0, r0, m0, 'sensors/data', ... (15 bytes))
1764805794: Sending PUBLISH to auto-207DFFFF-2898-6DA1-0B14-F908331A913E (d0, q0, r0, m0, 'sensors/data', ... (15 bytes))
1764805799: Received PUBLISH from auto-68007083-3A3B-AB27-B9BA-C96F64E6D2BF (d0, q0, r0, m0, 'sensors/data', ... (17 bytes))
1764805799: Sending PUBLISH to auto-207DFFFF-2898-6DA1-0B14-F908331A913E (d0, q0, r0, m0, 'sensors/data', ... (17 bytes))
1764805799: Received PINGREQ from auto-207DFFFF-2898-6DA1-0B14-F908331A913E
1764805799: Sending PINGRESP to auto-207DFFFF-2898-6DA1-0B14-F908331A913E
1764805804: Received PUBLISH from auto-68007083-3A3B-AB27-B9BA-C96F64E6D2BF (d0, q0, r0, m0, 'sensors/data', ... (17 bytes))
1764805804: Sending PUBLISH to auto-207DFFFF-2898-6DA1-0B14-F908331A913E (d0, q0, r0, m0, 'sensors/data', ... (17 bytes))
1764805809: Received PUBLISH from auto-68007083-3A3B-AB27-B9BA-C96F64E6D2BF (d0, q0, r0, m0, 'sensors/data', ... (16 bytes))
1764805809: Sending PUBLISH to auto-207DFFFF-2898-6DA1-0B14-F908331A913E (d0, q0, r0, m0, 'sensors/data', ... (16 bytes))
1764805814: Received PUBLISH from auto-68007083-3A3B-AB27-B9BA-C96F64E6D2BF (d0, q0, r0, m0, 'sensors/data', ... (16 bytes))
1764805814: Sending PUBLISH to auto-207DFFFF-2898-6DA1-0B14-F908331A913E (d0, q0, r0, m0, 'sensors/data', ... (16 bytes))
1764805819: Received PUBLISH from auto-68007083-3A3B-AB27-B9BA-C96F64E6D2BF (d0, q0, r0, m0, 'sensors/data', ... (15 bytes))
1764805819: Sending PUBLISH to auto-207DFFFF-2898-6DA1-0B14-F908331A913E (d0, q0, r0, m0, 'sensors/data', ... (15 bytes))
1764805824: Received PUBLISH from auto-68007083-3A3B-AB27-B9BA-C96F64E6D2BF (d0, q0, r0, m0, 'sensors/data', ... (17 bytes))
1764805824: Sending PUBLISH to auto-207DFFFF-2898-6DA1-0B14-F908331A913E (d0, q0, r0, m0, 'sensors/data', ... (17 bytes))
1764805829: Received PUBLISH from auto-68007083-3A3B-AB27-B9BA-C96F64E6D2BF (d0, q0, r0, m0, 'sensors/data', ... (15 bytes))
1764805829: Sending PUBLISH to auto-207DFFFF-2898-6DA1-0B14-F908331A913E (d0, q0, r0, m0, 'sensors/data', ... (15 bytes))
1764805834: Received PUBLISH from auto-68007083-3A3B-AB27-B9BA-C96F64E6D2BF (d0, q0, r0, m0, 'sensors/data', ... (15 bytes))
1764805834: Sending PUBLISH to auto-207DFFFF-2898-6DA1-0B14-F908331A913E (d0, q0, r0, m0, 'sensors/data', ... (15 bytes))
1764805839: Received PUBLISH from auto-68007083-3A3B-AB27-B9BA-C96F64E6D2BF (d0, q0, r0, m0, 'sensors/data', ... (14 bytes))
1764805839: Sending PUBLISH to auto-207DFFFF-2898-6DA1-0B14-F908331A913E (d0, q0, r0, m0, 'sensors/data', ... (14 bytes))
1764805844: Received PUBLISH from auto-68007083-3A3B-AB27-B9BA-C96F64E6D2BF (d0, q0, r0, m0, 'sensors/data', ... (15 bytes))
1764805844: Sending PUBLISH to auto-207DFFFF-2898-6DA1-0B14-F908331A913E (d0, q0, r0, m0, 'sensors/data', ... (15 bytes))
1764805849: Received PUBLISH from auto-68007083-3A3B-AB27-B9BA-C96F64E6D2BF (d0, q0, r0, m0, 'sensors/data', ... (15 bytes))
1764805849: Sending PUBLISH to auto-207DFFFF-2898-6DA1-0B14-F908331A913E (d0, q0, r0, m0, 'sensors/data', ... (15 bytes))
1764805855: Received PUBLISH from auto-68007083-3A3B-AB27-B9BA-C96F64E6D2BF (d0, q0, r0, m0, 'sensors/data', ... (15 bytes))
1764805855: Sending PUBLISH to auto-207DFFFF-2898-6DA1-0B14-F908331A913E (d0, q0, r0, m0, 'sensors/data', ... (15 bytes))
1764805860: Received PUBLISH from auto-68007083-3A3B-AB27-B9BA-C96F64E6D2BF (d0, q0, r0, m0, 'sensors/data', ... (15 bytes))
1764805860: Sending PUBLISH to auto-207DFFFF-2898-6DA1-0B14-F908331A913E (d0, q0, r0, m0, 'sensors/data', ... (15 bytes))
1764805860: Received PINGREQ from auto-207DFFFF-2898-6DA1-0B14-F908331A913E
1764805860: Sending PINGRESP to auto-207DFFFF-2898-6DA1-0B14-F908331A913E
1764805865: Received PUBLISH from auto-68007083-3A3B-AB27-B9BA-C96F64E6D2BF (d0, q0, r0, m0, 'sensors/data', ... (15 bytes))
1764805865: Sending PUBLISH to auto-207DFFFF-2898-6DA1-0B14-F908331A913E (d0, q0, r0, m0, 'sensors/data', ... (15 bytes))
1764805870: Received PUBLISH from auto-68007083-3A3B-AB27-B9BA-C96F64E6D2BF (d0, q0, r0, m0, 'sensors/data', ... (15 bytes))
1764805870: Sending PUBLISH to auto-207DFFFF-2898-6DA1-0B14-F908331A913E (d0, q0, r0, m0, 'sensors/data', ... (15 bytes))
1764805875: Received PUBLISH from auto-68007083-3A3B-AB27-B9BA-C96F64E6D2BF (d0, q0, r0, m0, 'sensors/data', ... (17 bytes))
1764805875: Sending PUBLISH to auto-207DFFFF-2898-6DA1-0B14-F908331A913E (d0, q0, r0, m0, 'sensors/data', ... (17 bytes))
1764805880: Received PUBLISH from auto-68007083-3A3B-AB27-B9BA-C96F64E6D2BF (d0, q0, r0, m0, 'sensors/data', ... (15 bytes))
1764805880: Sending PUBLISH to auto-207DFFFF-2898-6DA1-0B14-F908331A913E (d0, q0, r0, m0, 'sensors/data', ... (15 bytes))
1764805885: Received PUBLISH from auto-68007083-3A3B-AB27-B9BA-C96F64E6D2BF (d0, q0, r0, m0, 'sensors/data', ... (15 bytes))
1764805885: Sending PUBLISH to auto-207DFFFF-2898-6DA1-0B14-F908331A913E (d0, q0, r0, m0, 'sensors/data', ... (15 bytes))
1764805890: Received PUBLISH from auto-68007083-3A3B-AB27-B9BA-C96F64E6D2BF (d0, q0, r0, m0, 'sensors/data', ... (15 bytes))
1764805890: Sending PUBLISH to auto-207DFFFF-2898-6DA1-0B14-F908331A913E (d0, q0, r0, m0, 'sensors/data', ... (15 bytes))
1764805895: Received PUBLISH from auto-68007083-3A3B-AB27-B9BA-C96F64E6D2BF (d0, q0, r0, m0, 'sensors/data', ... (14 bytes))
1764805895: Sending PUBLISH to auto-207DFFFF-2898-6DA1-0B14-F908331A913E (d0, q0, r0, m0, 'sensors/data', ... (14 bytes))
1764805900: Received PUBLISH from auto-68007083-3A3B-AB27-B9BA-C96F64E6D2BF (d0, q0, r0, m0, 'sensors/data', ... (17 bytes))
1764805900: Sending PUBLISH to auto-207DFFFF-2898-6DA1-0B14-F908331A913E (d0, q0, r0, m0, 'sensors/data', ... (17 bytes))
1764805905: Received PUBLISH from auto-68007083-3A3B-AB27-B9BA-C96F64E6D2BF (d0, q0, r0, m0, 'sensors/data', ... (15 bytes))
1764805905: Sending PUBLISH to auto-207DFFFF-2898-6DA1-0B14-F908331A913E (d0, q0, r0, m0, 'sensors/data', ... (15 bytes))
1764805910: Received PUBLISH from auto-68007083-3A3B-AB27-B9BA-C96F64E6D2BF (d0, q0, r0, m0, 'sensors/data', ... (17 bytes))
1764805910: Sending PUBLISH to auto-207DFFFF-2898-6DA1-0B14-F908331A913E (d0, q0, r0, m0, 'sensors/data', ... (17 bytes))
1764805916: Received PUBLISH from auto-68007083-3A3B-AB27-B9BA-C96F64E6D2BF (d0, q0, r0, m0, 'sensors/data', ... (17 bytes))
1764805916: Sending PUBLISH to auto-207DFFFF-2898-6DA1-0B14-F908331A913E (d0, q0, r0, m0, 'sensors/data', ... (17 bytes))
1764805921: Received PUBLISH from auto-68007083-3A3B-AB27-B9BA-C96F64E6D2BF (d0, q0, r0, m0, 'sensors/data', ... (15 bytes))
1764805921: Sending PUBLISH to auto-207DFFFF-2898-6DA1-0B14-F908331A913E (d0, q0, r0, m0, 'sensors/data', ... (15 bytes))
1764805921: Received PINGREQ from auto-207DFFFF-2898-6DA1-0B14-F908331A913E
1764805921: Sending PINGRESP to auto-207DFFFF-2898-6DA1-0B14-F908331A913E
1764805926: Received PUBLISH from auto-68007083-3A3B-AB27-B9BA-C96F64E6D2BF (d0, q0, r0, m0, 'sensors/data', ... (14 bytes))
1764805926: Sending PUBLISH to auto-207DFFFF-2898-6DA1-0B14-F908331A913E (d0, q0, r0, m0, 'sensors/data', ... (14 bytes))
1764805931: Received PUBLISH from auto-68007083-3A3B-AB27-B9BA-C96F64E6D2BF (d0, q0, r0, m0, 'sensors/data', ... (15 bytes))
1764805931: Sending PUBLISH to auto-207DFFFF-2898-6DA1-0B14-F908331A913E (d0, q0, r0, m0, 'sensors/data', ... (15 bytes))
1764805936: Received PUBLISH from auto-68007083-3A3B-AB27-B9BA-C96F64E6D2BF (d0, q0, r0, m0, 'sensors/data', ... (17 bytes))
1764805936: Sending PUBLISH to auto-207DFFFF-2898-6DA1-0B14-F908331A913E (d0, q0, r0, m0, 'sensors/data', ... (17 bytes))
1764805941: Received PUBLISH from auto-68007083-3A3B-AB27-B9BA-C96F64E6D2BF (d0, q0, r0, m0, 'sensors/data', ... (15 bytes))
1764805941: Sending PUBLISH to auto-207DFFFF-2898-6DA1-0B14-F908331A913E (d0, q0, r0, m0, 'sensors/data', ... (15 bytes))
1764805946: Received PUBLISH from auto-68007083-3A3B-AB27-B9BA-C96F64E6D2BF (d0, q0, r0, m0, 'sensors/data', ... (14 bytes))
1764805946: Sending PUBLISH to auto-207DFFFF-2898-6DA1-0B14-F908331A913E (d0, q0, r0, m0, 'sensors/data', ... (14 bytes))
1764805947: Client auto-207DFFFF-2898-6DA1-0B14-F908331A913E closed its connection.
1764805951: Received PUBLISH from auto-68007083-3A3B-AB27-B9BA-C96F64E6D2BF (d0, q0, r0, m0, 'sensors/data', ... (17 bytes))
1764805956: Received PUBLISH from auto-68007083-3A3B-AB27-B9BA-C96F64E6D2BF (d0, q0, r0, m0, 'sensors/data', ... (16 bytes))
1764805961: Received PUBLISH from auto-68007083-3A3B-AB27-B9BA-C96F64E6D2BF (d0, q0, r0, m0, 'sensors/data', ... (16 bytes))
1764805962: Client auto-68007083-3A3B-AB27-B9BA-C96F64E6D2BF closed its connection.
1764805974: mosquitto version 2.0.22 terminating
1764806040: mosquitto version 2.0.22 starting
1764806040: Config loaded from /mosquitto/config/mosquitto.conf.
1764806040: Opening ipv4 listen socket on port 1883.
1764806040: mosquitto version 2.0.22 running
1764806042: New connection from 172.19.0.3:35745 on port 1883.
1764806042: New client connected from 172.19.0.3:35745 as auto-2595CEB4-FCFB-F2B6-7545-A4F3D20B82B6 (p2, c1, k60).
1764806042: No will message specified.
1764806042: Sending CONNACK to auto-2595CEB4-FCFB-F2B6-7545-A4F3D20B82B6 (0, 0)
1764806042: Received SUBSCRIBE from auto-2595CEB4-FCFB-F2B6-7545-A4F3D20B82B6
1764806042: 	sensors/data (QoS 0)
1764806042: auto-2595CEB4-FCFB-F2B6-7545-A4F3D20B82B6 0 sensors/data
1764806042: Sending SUBACK to auto-2595CEB4-FCFB-F2B6-7545-A4F3D20B82B6
1764806046: New connection from 172.19.0.4:42879 on port 1883.
1764806046: New client connected from 172.19.0.4:42879 as auto-DF6BCC01-258D-AB27-75CB-3608071A57B9 (p2, c1, k60).
1764806046: No will message specified.
1764806046: Sending CONNACK to auto-DF6BCC01-258D-AB27-75CB-3608071A57B9 (0, 0)
1764806046: Received PUBLISH from auto-DF6BCC01-258D-AB27-75CB-3608071A57B9 (d0, q0, r0, m0, 'sensors/data', ... (15 bytes))
1764806046: Sending PUBLISH to auto-2595CEB4-FCFB-F2B6-7545-A4F3D20B82B6 (d0, q0, r0, m0, 'sensors/data', ... (15 bytes))
1764806051: Received PUBLISH from auto-DF6BCC01-258D-AB27-75CB-3608071A57B9 (d0, q0, r0, m0, 'sensors/data', ... (14 bytes))
1764806051: Sending PUBLISH to auto-2595CEB4-FCFB-F2B6-7545-A4F3D20B82B6 (d0, q0, r0, m0, 'sensors/data', ... (14 bytes))
1764806056: Received PUBLISH from auto-DF6BCC01-258D-AB27-75CB-3608071A57B9 (d0, q0, r0, m0, 'sensors/data', ... (16 bytes))
1764806056: Sending PUBLISH to auto-2595CEB4-FCFB-F2B6-7545-A4F3D20B82B6 (d0, q0, r0, m0, 'sensors/data', ... (16 bytes))
1764806061: Received PUBLISH from auto-DF6BCC01-258D-AB27-75CB-3608071A57B9 (d0, q0, r0, m0, 'sensors/data', ... (17 bytes))
1764806061: Sending PUBLISH to auto-2595CEB4-FCFB-F2B6-7545-A4F3D20B82B6 (d0, q0, r0, m0, 'sensors/data', ... (17 bytes))
1764806066: Received PUBLISH from auto-DF6BCC01-258D-AB27-75CB-3608071A57B9 (d0, q0, r0, m0, 'sensors/data', ... (16 bytes))
1764806066: Sending PUBLISH to auto-2595CEB4-FCFB-F2B6-7545-A4F3D20B82B6 (d0, q0, r0, m0, 'sensors/data', ... (16 bytes))
1764806071: Received PUBLISH from auto-DF6BCC01-258D-AB27-75CB-3608071A57B9 (d0, q0, r0, m0, 'sensors/data', ... (15 bytes))
1764806071: Sending PUBLISH to auto-2595CEB4-FCFB-F2B6-7545-A4F3D20B82B6 (d0, q0, r0, m0, 'sensors/data', ... (15 bytes))
1764806076: Received PUBLISH from auto-DF6BCC01-258D-AB27-75CB-3608071A57B9 (d0, q0, r0, m0, 'sensors/data', ... (17 bytes))
1764806076: Sending PUBLISH to auto-2595CEB4-FCFB-F2B6-7545-A4F3D20B82B6 (d0, q0, r0, m0, 'sensors/data', ... (17 bytes))
1764806081: Received PUBLISH from auto-DF6BCC01-258D-AB27-75CB-3608071A57B9 (d0, q0, r0, m0, 'sensors/data', ... (14 bytes))
1764806081: Sending PUBLISH to auto-2595CEB4-FCFB-F2B6-7545-A4F3D20B82B6 (d0, q0, r0, m0, 'sensors/data', ... (14 bytes))
1764806086: Received PUBLISH from auto-DF6BCC01-258D-AB27-75CB-3608071A57B9 (d0, q0, r0, m0, 'sensors/data', ... (16 bytes))
1764806086: Sending PUBLISH to auto-2595CEB4-FCFB-F2B6-7545-A4F3D20B82B6 (d0, q0, r0, m0, 'sensors/data', ... (16 bytes))
1764806091: Received PUBLISH from auto-DF6BCC01-258D-AB27-75CB-3608071A57B9 (d0, q0, r0, m0, 'sensors/data', ... (17 bytes))
1764806091: Sending PUBLISH to auto-2595CEB4-FCFB-F2B6-7545-A4F3D20B82B6 (d0, q0, r0, m0, 'sensors/data', ... (17 bytes))
1764806097: Received PUBLISH from auto-DF6BCC01-258D-AB27-75CB-3608071A57B9 (d0, q0, r0, m0, 'sensors/data', ... (16 bytes))
1764806097: Sending PUBLISH to auto-2595CEB4-FCFB-F2B6-7545-A4F3D20B82B6 (d0, q0, r0, m0, 'sensors/data', ... (16 bytes))
1764806102: Received PUBLISH from auto-DF6BCC01-258D-AB27-75CB-3608071A57B9 (d0, q0, r0, m0, 'sensors/data', ... (17 bytes))
1764806102: Sending PUBLISH to auto-2595CEB4-FCFB-F2B6-7545-A4F3D20B82B6 (d0, q0, r0, m0, 'sensors/data', ... (17 bytes))
1764806103: Received PINGREQ from auto-2595CEB4-FCFB-F2B6-7545-A4F3D20B82B6
1764806103: Sending PINGRESP to auto-2595CEB4-FCFB-F2B6-7545-A4F3D20B82B6
1764806107: Received PUBLISH from auto-DF6BCC01-258D-AB27-75CB-3608071A57B9 (d0, q0, r0, m0, 'sensors/data', ... (17 bytes))
1764806107: Sending PUBLISH to auto-2595CEB4-FCFB-F2B6-7545-A4F3D20B82B6 (d0, q0, r0, m0, 'sensors/data', ... (17 bytes))
1764806112: Received PUBLISH from auto-DF6BCC01-258D-AB27-75CB-3608071A57B9 (d0, q0, r0, m0, 'sensors/data', ... (17 bytes))
1764806112: Sending PUBLISH to auto-2595CEB4-FCFB-F2B6-7545-A4F3D20B82B6 (d0, q0, r0, m0, 'sensors/data', ... (17 bytes))
1764806117: Received PUBLISH from auto-DF6BCC01-258D-AB27-75CB-3608071A57B9 (d0, q0, r0, m0, 'sensors/data', ... (15 bytes))
1764806117: Sending PUBLISH to auto-2595CEB4-FCFB-F2B6-7545-A4F3D20B82B6 (d0, q0, r0, m0, 'sensors/data', ... (15 bytes))
1764806122: Received PUBLISH from auto-DF6BCC01-258D-AB27-75CB-3608071A57B9 (d0, q0, r0, m0, 'sensors/data', ... (15 bytes))
1764806122: Sending PUBLISH to auto-2595CEB4-FCFB-F2B6-7545-A4F3D20B82B6 (d0, q0, r0, m0, 'sensors/data', ... (15 bytes))
1764806127: Received PUBLISH from auto-DF6BCC01-258D-AB27-75CB-3608071A57B9 (d0, q0, r0, m0, 'sensors/data', ... (14 bytes))
1764806127: Sending PUBLISH to auto-2595CEB4-FCFB-F2B6-7545-A4F3D20B82B6 (d0, q0, r0, m0, 'sensors/data', ... (14 bytes))
1764806132: Received PUBLISH from auto-DF6BCC01-258D-AB27-75CB-3608071A57B9 (d0, q0, r0, m0, 'sensors/data', ... (17 bytes))
1764806132: Sending PUBLISH to auto-2595CEB4-FCFB-F2B6-7545-A4F3D20B82B6 (d0, q0, r0, m0, 'sensors/data', ... (17 bytes))
1764806137: Received PUBLISH from auto-DF6BCC01-258D-AB27-75CB-3608071A57B9 (d0, q0, r0, m0, 'sensors/data', ... (17 bytes))
1764806137: Sending PUBLISH to auto-2595CEB4-FCFB-F2B6-7545-A4F3D20B82B6 (d0, q0, r0, m0, 'sensors/data', ... (17 bytes))
1764806142: Received PUBLISH from auto-DF6BCC01-258D-AB27-75CB-3608071A57B9 (d0, q0, r0, m0, 'sensors/data', ... (17 bytes))
1764806142: Sending PUBLISH to auto-2595CEB4-FCFB-F2B6-7545-A4F3D20B82B6 (d0, q0, r0, m0, 'sensors/data', ... (17 bytes))
1764806147: Received PUBLISH from auto-DF6BCC01-258D-AB27-75CB-3608071A57B9 (d0, q0, r0, m0, 'sensors/data', ... (17 bytes))
1764806147: Sending PUBLISH to auto-2595CEB4-FCFB-F2B6-7545-A4F3D20B82B6 (d0, q0, r0, m0, 'sensors/data', ... (17 bytes))
1764806152: Received PUBLISH from auto-DF6BCC01-258D-AB27-75CB-3608071A57B9 (d0, q0, r0, m0, 'sensors/data', ... (14 bytes))
1764806152: Sending PUBLISH to auto-2595CEB4-FCFB-F2B6-7545-A4F3D20B82B6 (d0, q0, r0, m0, 'sensors/data', ... (14 bytes))
1764806158: Received PUBLISH from auto-DF6BCC01-258D-AB27-75CB-3608071A57B9 (d0, q0, r0, m0, 'sensors/data', ... (14 bytes))
1764806158: Sending PUBLISH to auto-2595CEB4-FCFB-F2B6-7545-A4F3D20B82B6 (d0, q0, r0, m0, 'sensors/data', ... (14 bytes))
1764806163: Received PUBLISH from auto-DF6BCC01-258D-AB27-75CB-3608071A57B9 (d0, q0, r0, m0, 'sensors/data', ... (15 bytes))
1764806163: Sending PUBLISH to auto-2595CEB4-FCFB-F2B6-7545-A4F3D20B82B6 (d0, q0, r0, m0, 'sensors/data', ... (15 bytes))
1764806164: Received PINGREQ from auto-2595CEB4-FCFB-F2B6-7545-A4F3D20B82B6
1764806164: Sending PINGRESP to auto-2595CEB4-FCFB-F2B6-7545-A4F3D20B82B6
1764806168: Received PUBLISH from auto-DF6BCC01-258D-AB27-75CB-3608071A57B9 (d0, q0, r0, m0, 'sensors/data', ... (15 bytes))
1764806168: Sending PUBLISH to auto-2595CEB4-FCFB-F2B6-7545-A4F3D20B82B6 (d0, q0, r0, m0, 'sensors/data', ... (15 bytes))
1764806173: Received PUBLISH from auto-DF6BCC01-258D-AB27-75CB-3608071A57B9 (d0, q0, r0, m0, 'sensors/data', ... (15 bytes))
1764806173: Sending PUBLISH to auto-2595CEB4-FCFB-F2B6-7545-A4F3D20B82B6 (d0, q0, r0, m0, 'sensors/data', ... (15 bytes))
1764806178: Received PUBLISH from auto-DF6BCC01-258D-AB27-75CB-3608071A57B9 (d0, q0, r0, m0, 'sensors/data', ... (14 bytes))
1764806178: Sending PUBLISH to auto-2595CEB4-FCFB-F2B6-7545-A4F3D20B82B6 (d0, q0, r0, m0, 'sensors/data', ... (14 bytes))
1764806183: Received PUBLISH from auto-DF6BCC01-258D-AB27-75CB-3608071A57B9 (d0, q0, r0, m0, 'sensors/data', ... (15 bytes))
1764806183: Sending PUBLISH to auto-2595CEB4-FCFB-F2B6-7545-A4F3D20B82B6 (d0, q0, r0, m0, 'sensors/data', ... (15 bytes))
1764806188: Received PUBLISH from auto-DF6BCC01-258D-AB27-75CB-3608071A57B9 (d0, q0, r0, m0, 'sensors/data', ... (15 bytes))
1764806188: Sending PUBLISH to auto-2595CEB4-FCFB-F2B6-7545-A4F3D20B82B6 (d0, q0, r0, m0, 'sensors/data', ... (15 bytes))
1764806193: Received PUBLISH from auto-DF6BCC01-258D-AB27-75CB-3608071A57B9 (d0, q0, r0, m0, 'sensors/data', ... (14 bytes))
1764806193: Sending PUBLISH to auto-2595CEB4-FCFB-F2B6-7545-A4F3D20B82B6 (d0, q0, r0, m0, 'sensors/data', ... (14 bytes))
1764806198: Received PUBLISH from auto-DF6BCC01-258D-AB27-75CB-3608071A57B9 (d0, q0, r0, m0, 'sensors/data', ... (15 bytes))
1764806198: Sending PUBLISH to auto-2595CEB4-FCFB-F2B6-7545-A4F3D20B82B6 (d0, q0, r0, m0, 'sensors/data', ... (15 bytes))
1764806203: Received PUBLISH from auto-DF6BCC01-258D-AB27-75CB-3608071A57B9 (d0, q0, r0, m0, 'sensors/data', ... (15 bytes))
1764806203: Sending PUBLISH to auto-2595CEB4-FCFB-F2B6-7545-A4F3D20B82B6 (d0, q0, r0, m0, 'sensors/data', ... (15 bytes))
1764806208: Received PUBLISH from auto-DF6BCC01-258D-AB27-75CB-3608071A57B9 (d0, q0, r0, m0, 'sensors/data', ... (14 bytes))
1764806208: Sending PUBLISH to auto-2595CEB4-FCFB-F2B6-7545-A4F3D20B82B6 (d0, q0, r0, m0, 'sensors/data', ... (14 bytes))
1764806213: Received PUBLISH from auto-DF6BCC01-258D-AB27-75CB-3608071A57B9 (d0, q0, r0, m0, 'sensors/data', ... (15 bytes))
1764806213: Sending PUBLISH to auto-2595CEB4-FCFB-F2B6-7545-A4F3D20B82B6 (d0, q0, r0, m0, 'sensors/data', ... (15 bytes))
1764806219: Received PUBLISH from auto-DF6BCC01-258D-AB27-75CB-3608071A57B9 (d0, q0, r0, m0, 'sensors/data', ... (17 bytes))
1764806219: Sending PUBLISH to auto-2595CEB4-FCFB-F2B6-7545-A4F3D20B82B6 (d0, q0, r0, m0, 'sensors/data', ... (17 bytes))
1764806224: Received PUBLISH from auto-DF6BCC01-258D-AB27-75CB-3608071A57B9 (d0, q0, r0, m0, 'sensors/data', ... (15 bytes))
1764806224: Sending PUBLISH to auto-2595CEB4-FCFB-F2B6-7545-A4F3D20B82B6 (d0, q0, r0, m0, 'sensors/data', ... (15 bytes))
1764806225: Received PINGREQ from auto-2595CEB4-FCFB-F2B6-7545-A4F3D20B82B6
1764806225: Sending PINGRESP to auto-2595CEB4-FCFB-F2B6-7545-A4F3D20B82B6
1764806229: Received PUBLISH from auto-DF6BCC01-258D-AB27-75CB-3608071A57B9 (d0, q0, r0, m0, 'sensors/data', ... (17 bytes))
1764806229: Sending PUBLISH to auto-2595CEB4-FCFB-F2B6-7545-A4F3D20B82B6 (d0, q0, r0, m0, 'sensors/data', ... (17 bytes))
1764806234: Received PUBLISH from auto-DF6BCC01-258D-AB27-75CB-3608071A57B9 (d0, q0, r0, m0, 'sensors/data', ... (15 bytes))
1764806234: Sending PUBLISH to auto-2595CEB4-FCFB-F2B6-7545-A4F3D20B82B6 (d0, q0, r0, m0, 'sensors/data', ... (15 bytes))
1764806239: Received PUBLISH from auto-DF6BCC01-258D-AB27-75CB-3608071A57B9 (d0, q0, r0, m0, 'sensors/data', ... (17 bytes))
1764806239: Sending PUBLISH to auto-2595CEB4-FCFB-F2B6-7545-A4F3D20B82B6 (d0, q0, r0, m0, 'sensors/data', ... (17 bytes))
1764806244: Received PUBLISH from auto-DF6BCC01-258D-AB27-75CB-3608071A57B9 (d0, q0, r0, m0, 'sensors/data', ... (14 bytes))
1764806244: Sending PUBLISH to auto-2595CEB4-FCFB-F2B6-7545-A4F3D20B82B6 (d0, q0, r0, m0, 'sensors/data', ... (14 bytes))
1764806249: Received PUBLISH from auto-DF6BCC01-258D-AB27-75CB-3608071A57B9 (d0, q0, r0, m0, 'sensors/data', ... (15 bytes))
1764806249: Sending PUBLISH to auto-2595CEB4-FCFB-F2B6-7545-A4F3D20B82B6 (d0, q0, r0, m0, 'sensors/data', ... (15 bytes))
1764806254: Received PUBLISH from auto-DF6BCC01-258D-AB27-75CB-3608071A57B9 (d0, q0, r0, m0, 'sensors/data', ... (14 bytes))
1764806254: Sending PUBLISH to auto-2595CEB4-FCFB-F2B6-7545-A4F3D20B82B6 (d0, q0, r0, m0, 'sensors/data', ... (14 bytes))
1764806259: Received PUBLISH from auto-DF6BCC01-258D-AB27-75CB-3608071A57B9 (d0, q0, r0, m0, 'sensors/data', ... (15 bytes))
1764806259: Sending PUBLISH to auto-2595CEB4-FCFB-F2B6-7545-A4F3D20B82B6 (d0, q0, r0, m0, 'sensors/data', ... (15 bytes))
1764806264: Received PUBLISH from auto-DF6BCC01-258D-AB27-75CB-3608071A57B9 (d0, q0, r0, m0, 'sensors/data', ... (14 bytes))
1764806264: Sending PUBLISH to auto-2595CEB4-FCFB-F2B6-7545-A4F3D20B82B6 (d0, q0, r0, m0, 'sensors/data', ... (14 bytes))
1764806269: Received PUBLISH from auto-DF6BCC01-258D-AB27-75CB-3608071A57B9 (d0, q0, r0, m0, 'sensors/data', ... (17 bytes))
1764806269: Sending PUBLISH to auto-2595CEB4-FCFB-F2B6-7545-A4F3D20B82B6 (d0, q0, r0, m0, 'sensors/data', ... (17 bytes))
1764806274: Received PUBLISH from auto-DF6BCC01-258D-AB27-75CB-3608071A57B9 (d0, q0, r0, m0, 'sensors/data', ... (15 bytes))
1764806274: Sending PUBLISH to auto-2595CEB4-FCFB-F2B6-7545-A4F3D20B82B6 (d0, q0, r0, m0, 'sensors/data', ... (15 bytes))
1764806280: Received PUBLISH from auto-DF6BCC01-258D-AB27-75CB-3608071A57B9 (d0, q0, r0, m0, 'sensors/data', ... (15 bytes))
1764806280: Sending PUBLISH to auto-2595CEB4-FCFB-F2B6-7545-A4F3D20B82B6 (d0, q0, r0, m0, 'sensors/data', ... (15 bytes))
1764806285: Received PUBLISH from auto-DF6BCC01-258D-AB27-75CB-3608071A57B9 (d0, q0, r0, m0, 'sensors/data', ... (17 bytes))
1764806285: Sending PUBLISH to auto-2595CEB4-FCFB-F2B6-7545-A4F3D20B82B6 (d0, q0, r0, m0, 'sensors/data', ... (17 bytes))
1764806286: Received PINGREQ from auto-2595CEB4-FCFB-F2B6-7545-A4F3D20B82B6
1764806286: Sending PINGRESP to auto-2595CEB4-FCFB-F2B6-7545-A4F3D20B82B6
1764806290: Received PUBLISH from auto-DF6BCC01-258D-AB27-75CB-3608071A57B9 (d0, q0, r0, m0, 'sensors/data', ... (15 bytes))
1764806290: Sending PUBLISH to auto-2595CEB4-FCFB-F2B6-7545-A4F3D20B82B6 (d0, q0, r0, m0, 'sensors/data', ... (15 bytes))
1764806295: Received PUBLISH from auto-DF6BCC01-258D-AB27-75CB-3608071A57B9 (d0, q0, r0, m0, 'sensors/data', ... (14 bytes))
1764806295: Sending PUBLISH to auto-2595CEB4-FCFB-F2B6-7545-A4F3D20B82B6 (d0, q0, r0, m0, 'sensors/data', ... (14 bytes))
1764806300: Received PUBLISH from auto-DF6BCC01-258D-AB27-75CB-3608071A57B9 (d0, q0, r0, m0, 'sensors/data', ... (15 bytes))
1764806300: Sending PUBLISH to auto-2595CEB4-FCFB-F2B6-7545-A4F3D20B82B6 (d0, q0, r0, m0, 'sensors/data', ... (15 bytes))
1764806305: Received PUBLISH from auto-DF6BCC01-258D-AB27-75CB-3608071A57B9 (d0, q0, r0, m0, 'sensors/data', ... (17 bytes))
1764806305: Sending PUBLISH to auto-2595CEB4-FCFB-F2B6-7545-A4F3D20B82B6 (d0, q0, r0, m0, 'sensors/data', ... (17 bytes))
1764806310: Received PUBLISH from auto-DF6BCC01-258D-AB27-75CB-3608071A57B9 (d0, q0, r0, m0, 'sensors/data', ... (17 bytes))
1764806310: Sending PUBLISH to auto-2595CEB4-FCFB-F2B6-7545-A4F3D20B82B6 (d0, q0, r0, m0, 'sensors/data', ... (17 bytes))
1764806315: Received PUBLISH from auto-DF6BCC01-258D-AB27-75CB-3608071A57B9 (d0, q0, r0, m0, 'sensors/data', ... (17 bytes))
1764806315: Sending PUBLISH to auto-2595CEB4-FCFB-F2B6-7545-A4F3D20B82B6 (d0, q0, r0, m0, 'sensors/data', ... (17 bytes))
1764806320: Received PUBLISH from auto-DF6BCC01-258D-AB27-75CB-3608071A57B9 (d0, q0, r0, m0, 'sensors/data', ... (15 bytes))
1764806320: Sending PUBLISH to auto-2595CEB4-FCFB-F2B6-7545-A4F3D20B82B6 (d0, q0, r0, m0, 'sensors/data', ... (15 bytes))
1764806325: Received PUBLISH from auto-DF6BCC01-258D-AB27-75CB-3608071A57B9 (d0, q0, r0, m0, 'sensors/data', ... (16 bytes))
1764806325: Sending PUBLISH to auto-2595CEB4-FCFB-F2B6-7545-A4F3D20B82B6 (d0, q0, r0, m0, 'sensors/data', ... (16 bytes))
1764806330: Received PUBLISH from auto-DF6BCC01-258D-AB27-75CB-3608071A57B9 (d0, q0, r0, m0, 'sensors/data', ... (14 bytes))
1764806330: Sending PUBLISH to auto-2595CEB4-FCFB-F2B6-7545-A4F3D20B82B6 (d0, q0, r0, m0, 'sensors/data', ... (14 bytes))
1764806335: Received PUBLISH from auto-DF6BCC01-258D-AB27-75CB-3608071A57B9 (d0, q0, r0, m0, 'sensors/data', ... (16 bytes))
1764806335: Sending PUBLISH to auto-2595CEB4-FCFB-F2B6-7545-A4F3D20B82B6 (d0, q0, r0, m0, 'sensors/data', ... (16 bytes))
1764806341: Received PUBLISH from auto-DF6BCC01-258D-AB27-75CB-3608071A57B9 (d0, q0, r0, m0, 'sensors/data', ... (15 bytes))
1764806341: Sending PUBLISH to auto-2595CEB4-FCFB-F2B6-7545-A4F3D20B82B6 (d0, q0, r0, m0, 'sensors/data', ... (15 bytes))
1764806346: Received PUBLISH from auto-DF6BCC01-258D-AB27-75CB-3608071A57B9 (d0, q0, r0, m0, 'sensors/data', ... (17 bytes))
1764806346: Sending PUBLISH to auto-2595CEB4-FCFB-F2B6-7545-A4F3D20B82B6 (d0, q0, r0, m0, 'sensors/data', ... (17 bytes))
1764806347: Received PINGREQ from auto-2595CEB4-FCFB-F2B6-7545-A4F3D20B82B6
1764806347: Sending PINGRESP to auto-2595CEB4-FCFB-F2B6-7545-A4F3D20B82B6
1764806351: Received PUBLISH from auto-DF6BCC01-258D-AB27-75CB-3608071A57B9 (d0, q0, r0, m0, 'sensors/data', ... (15 bytes))
1764806351: Sending PUBLISH to auto-2595CEB4-FCFB-F2B6-7545-A4F3D20B82B6 (d0, q0, r0, m0, 'sensors/data', ... (15 bytes))
1764806356: Received PUBLISH from auto-DF6BCC01-258D-AB27-75CB-3608071A57B9 (d0, q0, r0, m0, 'sensors/data', ... (15 bytes))
1764806356: Sending PUBLISH to auto-2595CEB4-FCFB-F2B6-7545-A4F3D20B82B6 (d0, q0, r0, m0, 'sensors/data', ... (15 bytes))
1764806361: Received PUBLISH from auto-DF6BCC01-258D-AB27-75CB-3608071A57B9 (d0, q0, r0, m0, 'sensors/data', ... (15 bytes))
1764806361: Sending PUBLISH to auto-2595CEB4-FCFB-F2B6-7545-A4F3D20B82B6 (d0, q0, r0, m0, 'sensors/data', ... (15 bytes))
1764806366: Received PUBLISH from auto-DF6BCC01-258D-AB27-75CB-3608071A57B9 (d0, q0, r0, m0, 'sensors/data', ... (15 bytes))
1764806366: Sending PUBLISH to auto-2595CEB4-FCFB-F2B6-7545-A4F3D20B82B6 (d0, q0, r0, m0, 'sensors/data', ... (15 bytes))
1764806371: Received PUBLISH from auto-DF6BCC01-258D-AB27-75CB-3608071A57B9 (d0, q0, r0, m0, 'sensors/data', ... (17 bytes))
1764806371: Sending PUBLISH to auto-2595CEB4-FCFB-F2B6-7545-A4F3D20B82B6 (d0, q0, r0, m0, 'sensors/data', ... (17 bytes))
1764806376: Received PUBLISH from auto-DF6BCC01-258D-AB27-75CB-3608071A57B9 (d0, q0, r0, m0, 'sensors/data', ... (15 bytes))
1764806376: Sending PUBLISH to auto-2595CEB4-FCFB-F2B6-7545-A4F3D20B82B6 (d0, q0, r0, m0, 'sensors/data', ... (15 bytes))
1764806381: Received PUBLISH from auto-DF6BCC01-258D-AB27-75CB-3608071A57B9 (d0, q0, r0, m0, 'sensors/data', ... (15 bytes))
1764806381: Sending PUBLISH to auto-2595CEB4-FCFB-F2B6-7545-A4F3D20B82B6 (d0, q0, r0, m0, 'sensors/data', ... (15 bytes))
1764806386: Received PUBLISH from auto-DF6BCC01-258D-AB27-75CB-3608071A57B9 (d0, q0, r0, m0, 'sensors/data', ... (15 bytes))
1764806386: Sending PUBLISH to auto-2595CEB4-FCFB-F2B6-7545-A4F3D20B82B6 (d0, q0, r0, m0, 'sensors/data', ... (15 bytes))
1764806391: Received PUBLISH from auto-DF6BCC01-258D-AB27-75CB-3608071A57B9 (d0, q0, r0, m0, 'sensors/data', ... (15 bytes))
1764806391: Sending PUBLISH to auto-2595CEB4-FCFB-F2B6-7545-A4F3D20B82B6 (d0, q0, r0, m0, 'sensors/data', ... (15 bytes))
1764806396: Received PUBLISH from auto-DF6BCC01-258D-AB27-75CB-3608071A57B9 (d0, q0, r0, m0, 'sensors/data', ... (15 bytes))
1764806396: Sending PUBLISH to auto-2595CEB4-FCFB-F2B6-7545-A4F3D20B82B6 (d0, q0, r0, m0, 'sensors/data', ... (15 bytes))
1764806402: Received PUBLISH from auto-DF6BCC01-258D-AB27-75CB-3608071A57B9 (d0, q0, r0, m0, 'sensors/data', ... (15 bytes))
1764806402: Sending PUBLISH to auto-2595CEB4-FCFB-F2B6-7545-A4F3D20B82B6 (d0, q0, r0, m0, 'sensors/data', ... (15 bytes))
1764806407: Received PUBLISH from auto-DF6BCC01-258D-AB27-75CB-3608071A57B9 (d0, q0, r0, m0, 'sensors/data', ... (15 bytes))
1764806407: Sending PUBLISH to auto-2595CEB4-FCFB-F2B6-7545-A4F3D20B82B6 (d0, q0, r0, m0, 'sensors/data', ... (15 bytes))
1764806408: Received PINGREQ from auto-2595CEB4-FCFB-F2B6-7545-A4F3D20B82B6
1764806408: Sending PINGRESP to auto-2595CEB4-FCFB-F2B6-7545-A4F3D20B82B6
1764806412: Received PUBLISH from auto-DF6BCC01-258D-AB27-75CB-3608071A57B9 (d0, q0, r0, m0, 'sensors/data', ... (15 bytes))
1764806412: Sending PUBLISH to auto-2595CEB4-FCFB-F2B6-7545-A4F3D20B82B6 (d0, q0, r0, m0, 'sensors/data', ... (15 bytes))
1764806417: Received PUBLISH from auto-DF6BCC01-258D-AB27-75CB-3608071A57B9 (d0, q0, r0, m0, 'sensors/data', ... (15 bytes))
1764806417: Sending PUBLISH to auto-2595CEB4-FCFB-F2B6-7545-A4F3D20B82B6 (d0, q0, r0, m0, 'sensors/data', ... (15 bytes))
1764806422: Received PUBLISH from auto-DF6BCC01-258D-AB27-75CB-3608071A57B9 (d0, q0, r0, m0, 'sensors/data', ... (17 bytes))
1764806422: Sending PUBLISH to auto-2595CEB4-FCFB-F2B6-7545-A4F3D20B82B6 (d0, q0, r0, m0, 'sensors/data', ... (17 bytes))
1764806427: Received PUBLISH from auto-DF6BCC01-258D-AB27-75CB-3608071A57B9 (d0, q0, r0, m0, 'sensors/data', ... (15 bytes))
1764806427: Sending PUBLISH to auto-2595CEB4-FCFB-F2B6-7545-A4F3D20B82B6 (d0, q0, r0, m0, 'sensors/data', ... (15 bytes))
1764806432: Received PUBLISH from auto-DF6BCC01-258D-AB27-75CB-3608071A57B9 (d0, q0, r0, m0, 'sensors/data', ... (15 bytes))
1764806432: Sending PUBLISH to auto-2595CEB4-FCFB-F2B6-7545-A4F3D20B82B6 (d0, q0, r0, m0, 'sensors/data', ... (15 bytes))
1764806437: Received PUBLISH from auto-DF6BCC01-258D-AB27-75CB-3608071A57B9 (d0, q0, r0, m0, 'sensors/data', ... (15 bytes))
1764806437: Sending PUBLISH to auto-2595CEB4-FCFB-F2B6-7545-A4F3D20B82B6 (d0, q0, r0, m0, 'sensors/data', ... (15 bytes))
1764806442: Received PUBLISH from auto-DF6BCC01-258D-AB27-75CB-3608071A57B9 (d0, q0, r0, m0, 'sensors/data', ... (17 bytes))
1764806442: Sending PUBLISH to auto-2595CEB4-FCFB-F2B6-7545-A4F3D20B82B6 (d0, q0, r0, m0, 'sensors/data', ... (17 bytes))
1764806447: Received PUBLISH from auto-DF6BCC01-258D-AB27-75CB-3608071A57B9 (d0, q0, r0, m0, 'sensors/data', ... (16 bytes))
1764806447: Sending PUBLISH to auto-2595CEB4-FCFB-F2B6-7545-A4F3D20B82B6 (d0, q0, r0, m0, 'sensors/data', ... (16 bytes))
1764806452: Received PUBLISH from auto-DF6BCC01-258D-AB27-75CB-3608071A57B9 (d0, q0, r0, m0, 'sensors/data', ... (17 bytes))
1764806452: Sending PUBLISH to auto-2595CEB4-FCFB-F2B6-7545-A4F3D20B82B6 (d0, q0, r0, m0, 'sensors/data', ... (17 bytes))
1764806457: Received PUBLISH from auto-DF6BCC01-258D-AB27-75CB-3608071A57B9 (d0, q0, r0, m0, 'sensors/data', ... (14 bytes))
1764806457: Sending PUBLISH to auto-2595CEB4-FCFB-F2B6-7545-A4F3D20B82B6 (d0, q0, r0, m0, 'sensors/data', ... (14 bytes))
1764806462: Received PUBLISH from auto-DF6BCC01-258D-AB27-75CB-3608071A57B9 (d0, q0, r0, m0, 'sensors/data', ... (14 bytes))
1764806462: Sending PUBLISH to auto-2595CEB4-FCFB-F2B6-7545-A4F3D20B82B6 (d0, q0, r0, m0, 'sensors/data', ... (14 bytes))
1764806468: Received PUBLISH from auto-DF6BCC01-258D-AB27-75CB-3608071A57B9 (d0, q0, r0, m0, 'sensors/data', ... (15 bytes))
1764806468: Sending PUBLISH to auto-2595CEB4-FCFB-F2B6-7545-A4F3D20B82B6 (d0, q0, r0, m0, 'sensors/data', ... (15 bytes))
1764806469: Received PINGREQ from auto-2595CEB4-FCFB-F2B6-7545-A4F3D20B82B6
1764806469: Sending PINGRESP to auto-2595CEB4-FCFB-F2B6-7545-A4F3D20B82B6
1764806473: Received PUBLISH from auto-DF6BCC01-258D-AB27-75CB-3608071A57B9 (d0, q0, r0, m0, 'sensors/data', ... (14 bytes))
1764806473: Sending PUBLISH to auto-2595CEB4-FCFB-F2B6-7545-A4F3D20B82B6 (d0, q0, r0, m0, 'sensors/data', ... (14 bytes))
1764806478: Received PUBLISH from auto-DF6BCC01-258D-AB27-75CB-3608071A57B9 (d0, q0, r0, m0, 'sensors/data', ... (17 bytes))
1764806478: Sending PUBLISH to auto-2595CEB4-FCFB-F2B6-7545-A4F3D20B82B6 (d0, q0, r0, m0, 'sensors/data', ... (17 bytes))
1764806483: Received PUBLISH from auto-DF6BCC01-258D-AB27-75CB-3608071A57B9 (d0, q0, r0, m0, 'sensors/data', ... (15 bytes))
1764806483: Sending PUBLISH to auto-2595CEB4-FCFB-F2B6-7545-A4F3D20B82B6 (d0, q0, r0, m0, 'sensors/data', ... (15 bytes))
1764806488: Received PUBLISH from auto-DF6BCC01-258D-AB27-75CB-3608071A57B9 (d0, q0, r0, m0, 'sensors/data', ... (15 bytes))
1764806488: Sending PUBLISH to auto-2595CEB4-FCFB-F2B6-7545-A4F3D20B82B6 (d0, q0, r0, m0, 'sensors/data', ... (15 bytes))
1764806493: Received PUBLISH from auto-DF6BCC01-258D-AB27-75CB-3608071A57B9 (d0, q0, r0, m0, 'sensors/data', ... (17 bytes))
1764806493: Sending PUBLISH to auto-2595CEB4-FCFB-F2B6-7545-A4F3D20B82B6 (d0, q0, r0, m0, 'sensors/data', ... (17 bytes))
1764806498: Received PUBLISH from auto-DF6BCC01-258D-AB27-75CB-3608071A57B9 (d0, q0, r0, m0, 'sensors/data', ... (14 bytes))
1764806498: Sending PUBLISH to auto-2595CEB4-FCFB-F2B6-7545-A4F3D20B82B6 (d0, q0, r0, m0, 'sensors/data', ... (14 bytes))
1764806502: Client auto-2595CEB4-FCFB-F2B6-7545-A4F3D20B82B6 closed its connection.
1764806503: Received PUBLISH from auto-DF6BCC01-258D-AB27-75CB-3608071A57B9 (d0, q0, r0, m0, 'sensors/data', ... (15 bytes))
1764806508: Received PUBLISH from auto-DF6BCC01-258D-AB27-75CB-3608071A57B9 (d0, q0, r0, m0, 'sensors/data', ... (16 bytes))
1764806513: Received PUBLISH from auto-DF6BCC01-258D-AB27-75CB-3608071A57B9 (d0, q0, r0, m0, 'sensors/data', ... (15 bytes))
1764806516: Client auto-DF6BCC01-258D-AB27-75CB-3608071A57B9 closed its connection.
1764806528: mosquitto version 2.0.22 terminating
1764806675: mosquitto version 2.0.22 starting
1764806675: Config loaded from /mosquitto/config/mosquitto.conf.
1764806675: Opening ipv4 listen socket on port 1883.
1764806675: mosquitto version 2.0.22 running
1764806678: New connection from 172.19.0.3:48963 on port 1883.
1764806678: New client connected from 172.19.0.3:48963 as auto-48607CE7-2736-8E91-D289-53883276697B (p2, c1, k60).
1764806678: No will message specified.
1764806678: Sending CONNACK to auto-48607CE7-2736-8E91-D289-53883276697B (0, 0)
1764806678: Received SUBSCRIBE from auto-48607CE7-2736-8E91-D289-53883276697B
1764806678: 	sensors/data (QoS 0)
1764806678: auto-48607CE7-2736-8E91-D289-53883276697B 0 sensors/data
1764806678: Sending SUBACK to auto-48607CE7-2736-8E91-D289-53883276697B
1764806681: New connection from 172.19.0.4:40069 on port 1883.
1764806681: New client connected from 172.19.0.4:40069 as auto-67EF4461-BB7C-529E-223B-0053A6F26798 (p2, c1, k60).
1764806681: No will message specified.
1764806681: Sending CONNACK to auto-67EF4461-BB7C-529E-223B-0053A6F26798 (0, 0)
1764806681: Received PUBLISH from auto-67EF4461-BB7C-529E-223B-0053A6F26798 (d0, q0, r0, m0, 'sensors/data', ... (15 bytes))
1764806681: Sending PUBLISH to auto-48607CE7-2736-8E91-D289-53883276697B (d0, q0, r0, m0, 'sensors/data', ... (15 bytes))
1764806686: Received PUBLISH from auto-67EF4461-BB7C-529E-223B-0053A6F26798 (d0, q0, r0, m0, 'sensors/data', ... (17 bytes))
1764806686: Sending PUBLISH to auto-48607CE7-2736-8E91-D289-53883276697B (d0, q0, r0, m0, 'sensors/data', ... (17 bytes))
1764806691: Received PUBLISH from auto-67EF4461-BB7C-529E-223B-0053A6F26798 (d0, q0, r0, m0, 'sensors/data', ... (15 bytes))
1764806691: Sending PUBLISH to auto-48607CE7-2736-8E91-D289-53883276697B (d0, q0, r0, m0, 'sensors/data', ... (15 bytes))
1764806697: Received PUBLISH from auto-67EF4461-BB7C-529E-223B-0053A6F26798 (d0, q0, r0, m0, 'sensors/data', ... (17 bytes))
1764806697: Sending PUBLISH to auto-48607CE7-2736-8E91-D289-53883276697B (d0, q0, r0, m0, 'sensors/data', ... (17 bytes))
1764806702: Received PUBLISH from auto-67EF4461-BB7C-529E-223B-0053A6F26798 (d0, q0, r0, m0, 'sensors/data', ... (16 bytes))
1764806702: Sending PUBLISH to auto-48607CE7-2736-8E91-D289-53883276697B (d0, q0, r0, m0, 'sensors/data', ... (16 bytes))
1764806707: Received PUBLISH from auto-67EF4461-BB7C-529E-223B-0053A6F26798 (d0, q0, r0, m0, 'sensors/data', ... (15 bytes))
1764806707: Sending PUBLISH to auto-48607CE7-2736-8E91-D289-53883276697B (d0, q0, r0, m0, 'sensors/data', ... (15 bytes))
1764806712: Received PUBLISH from auto-67EF4461-BB7C-529E-223B-0053A6F26798 (d0, q0, r0, m0, 'sensors/data', ... (17 bytes))
1764806712: Sending PUBLISH to auto-48607CE7-2736-8E91-D289-53883276697B (d0, q0, r0, m0, 'sensors/data', ... (17 bytes))
1764806717: Received PUBLISH from auto-67EF4461-BB7C-529E-223B-0053A6F26798 (d0, q0, r0, m0, 'sensors/data', ... (15 bytes))
1764806717: Sending PUBLISH to auto-48607CE7-2736-8E91-D289-53883276697B (d0, q0, r0, m0, 'sensors/data', ... (15 bytes))
1764806722: Received PUBLISH from auto-67EF4461-BB7C-529E-223B-0053A6F26798 (d0, q0, r0, m0, 'sensors/data', ... (15 bytes))
1764806722: Sending PUBLISH to auto-48607CE7-2736-8E91-D289-53883276697B (d0, q0, r0, m0, 'sensors/data', ... (15 bytes))
1764806727: Received PUBLISH from auto-67EF4461-BB7C-529E-223B-0053A6F26798 (d0, q0, r0, m0, 'sensors/data', ... (15 bytes))
1764806727: Sending PUBLISH to auto-48607CE7-2736-8E91-D289-53883276697B (d0, q0, r0, m0, 'sensors/data', ... (15 bytes))
1764806732: Received PUBLISH from auto-67EF4461-BB7C-529E-223B-0053A6F26798 (d0, q0, r0, m0, 'sensors/data', ... (15 bytes))
1764806732: Sending PUBLISH to auto-48607CE7-2736-8E91-D289-53883276697B (d0, q0, r0, m0, 'sensors/data', ... (15 bytes))
1764806737: Received PUBLISH from auto-67EF4461-BB7C-529E-223B-0053A6F26798 (d0, q0, r0, m0, 'sensors/data', ... (14 bytes))
1764806737: Sending PUBLISH to auto-48607CE7-2736-8E91-D289-53883276697B (d0, q0, r0, m0, 'sensors/data', ... (14 bytes))
1764806738: Received PINGREQ from auto-48607CE7-2736-8E91-D289-53883276697B
1764806738: Sending PINGRESP to auto-48607CE7-2736-8E91-D289-53883276697B
1764806742: Received PUBLISH from auto-67EF4461-BB7C-529E-223B-0053A6F26798 (d0, q0, r0, m0, 'sensors/data', ... (15 bytes))
1764806742: Sending PUBLISH to auto-48607CE7-2736-8E91-D289-53883276697B (d0, q0, r0, m0, 'sensors/data', ... (15 bytes))
1764806747: Received PUBLISH from auto-67EF4461-BB7C-529E-223B-0053A6F26798 (d0, q0, r0, m0, 'sensors/data', ... (15 bytes))
1764806747: Sending PUBLISH to auto-48607CE7-2736-8E91-D289-53883276697B (d0, q0, r0, m0, 'sensors/data', ... (15 bytes))
1764806752: Received PUBLISH from auto-67EF4461-BB7C-529E-223B-0053A6F26798 (d0, q0, r0, m0, 'sensors/data', ... (15 bytes))
1764806752: Sending PUBLISH to auto-48607CE7-2736-8E91-D289-53883276697B (d0, q0, r0, m0, 'sensors/data', ... (15 bytes))
1764806758: Received PUBLISH from auto-67EF4461-BB7C-529E-223B-0053A6F26798 (d0, q0, r0, m0, 'sensors/data', ... (15 bytes))
1764806758: Sending PUBLISH to auto-48607CE7-2736-8E91-D289-53883276697B (d0, q0, r0, m0, 'sensors/data', ... (15 bytes))
1764806763: Received PUBLISH from auto-67EF4461-BB7C-529E-223B-0053A6F26798 (d0, q0, r0, m0, 'sensors/data', ... (15 bytes))
1764806763: Sending PUBLISH to auto-48607CE7-2736-8E91-D289-53883276697B (d0, q0, r0, m0, 'sensors/data', ... (15 bytes))
1764806768: Received PUBLISH from auto-67EF4461-BB7C-529E-223B-0053A6F26798 (d0, q0, r0, m0, 'sensors/data', ... (16 bytes))
1764806768: Sending PUBLISH to auto-48607CE7-2736-8E91-D289-53883276697B (d0, q0, r0, m0, 'sensors/data', ... (16 bytes))
1764806773: Received PUBLISH from auto-67EF4461-BB7C-529E-223B-0053A6F26798 (d0, q0, r0, m0, 'sensors/data', ... (15 bytes))
1764806773: Sending PUBLISH to auto-48607CE7-2736-8E91-D289-53883276697B (d0, q0, r0, m0, 'sensors/data', ... (15 bytes))
1764806778: Received PUBLISH from auto-67EF4461-BB7C-529E-223B-0053A6F26798 (d0, q0, r0, m0, 'sensors/data', ... (17 bytes))
1764806778: Sending PUBLISH to auto-48607CE7-2736-8E91-D289-53883276697B (d0, q0, r0, m0, 'sensors/data', ... (17 bytes))
1764806783: Received PUBLISH from auto-67EF4461-BB7C-529E-223B-0053A6F26798 (d0, q0, r0, m0, 'sensors/data', ... (17 bytes))
1764806783: Sending PUBLISH to auto-48607CE7-2736-8E91-D289-53883276697B (d0, q0, r0, m0, 'sensors/data', ... (17 bytes))
1764806788: Received PUBLISH from auto-67EF4461-BB7C-529E-223B-0053A6F26798 (d0, q0, r0, m0, 'sensors/data', ... (15 bytes))
1764806788: Sending PUBLISH to auto-48607CE7-2736-8E91-D289-53883276697B (d0, q0, r0, m0, 'sensors/data', ... (15 bytes))
1764806793: Received PUBLISH from auto-67EF4461-BB7C-529E-223B-0053A6F26798 (d0, q0, r0, m0, 'sensors/data', ... (14 bytes))
1764806793: Sending PUBLISH to auto-48607CE7-2736-8E91-D289-53883276697B (d0, q0, r0, m0, 'sensors/data', ... (14 bytes))
1764806798: Received PUBLISH from auto-67EF4461-BB7C-529E-223B-0053A6F26798 (d0, q0, r0, m0, 'sensors/data', ... (17 bytes))
1764806798: Sending PUBLISH to auto-48607CE7-2736-8E91-D289-53883276697B (d0, q0, r0, m0, 'sensors/data', ... (17 bytes))
1764806799: Received PINGREQ from auto-48607CE7-2736-8E91-D289-53883276697B
1764806799: Sending PINGRESP to auto-48607CE7-2736-8E91-D289-53883276697B
1764806803: Received PUBLISH from auto-67EF4461-BB7C-529E-223B-0053A6F26798 (d0, q0, r0, m0, 'sensors/data', ... (17 bytes))
1764806803: Sending PUBLISH to auto-48607CE7-2736-8E91-D289-53883276697B (d0, q0, r0, m0, 'sensors/data', ... (17 bytes))
1764806808: Received PUBLISH from auto-67EF4461-BB7C-529E-223B-0053A6F26798 (d0, q0, r0, m0, 'sensors/data', ... (15 bytes))
1764806808: Sending PUBLISH to auto-48607CE7-2736-8E91-D289-53883276697B (d0, q0, r0, m0, 'sensors/data', ... (15 bytes))
1764806813: Received PUBLISH from auto-67EF4461-BB7C-529E-223B-0053A6F26798 (d0, q0, r0, m0, 'sensors/data', ... (17 bytes))
1764806813: Sending PUBLISH to auto-48607CE7-2736-8E91-D289-53883276697B (d0, q0, r0, m0, 'sensors/data', ... (17 bytes))
1764806819: Received PUBLISH from auto-67EF4461-BB7C-529E-223B-0053A6F26798 (d0, q0, r0, m0, 'sensors/data', ... (16 bytes))
1764806819: Sending PUBLISH to auto-48607CE7-2736-8E91-D289-53883276697B (d0, q0, r0, m0, 'sensors/data', ... (16 bytes))
1764806824: Received PUBLISH from auto-67EF4461-BB7C-529E-223B-0053A6F26798 (d0, q0, r0, m0, 'sensors/data', ... (15 bytes))
1764806824: Sending PUBLISH to auto-48607CE7-2736-8E91-D289-53883276697B (d0, q0, r0, m0, 'sensors/data', ... (15 bytes))
1764806829: Received PUBLISH from auto-67EF4461-BB7C-529E-223B-0053A6F26798 (d0, q0, r0, m0, 'sensors/data', ... (15 bytes))
1764806829: Sending PUBLISH to auto-48607CE7-2736-8E91-D289-53883276697B (d0, q0, r0, m0, 'sensors/data', ... (15 bytes))
1764806834: Received PUBLISH from auto-67EF4461-BB7C-529E-223B-0053A6F26798 (d0, q0, r0, m0, 'sensors/data', ... (17 bytes))
1764806834: Sending PUBLISH to auto-48607CE7-2736-8E91-D289-53883276697B (d0, q0, r0, m0, 'sensors/data', ... (17 bytes))
1764806839: Received PUBLISH from auto-67EF4461-BB7C-529E-223B-0053A6F26798 (d0, q0, r0, m0, 'sensors/data', ... (15 bytes))
1764806839: Sending PUBLISH to auto-48607CE7-2736-8E91-D289-53883276697B (d0, q0, r0, m0, 'sensors/data', ... (15 bytes))
1764806844: Received PUBLISH from auto-67EF4461-BB7C-529E-223B-0053A6F26798 (d0, q0, r0, m0, 'sensors/data', ... (15 bytes))
1764806844: Sending PUBLISH to auto-48607CE7-2736-8E91-D289-53883276697B (d0, q0, r0, m0, 'sensors/data', ... (15 bytes))
1764806849: Received PUBLISH from auto-67EF4461-BB7C-529E-223B-0053A6F26798 (d0, q0, r0, m0, 'sensors/data', ... (15 bytes))
1764806849: Sending PUBLISH to auto-48607CE7-2736-8E91-D289-53883276697B (d0, q0, r0, m0, 'sensors/data', ... (15 bytes))
1764806854: Received PUBLISH from auto-67EF4461-BB7C-529E-223B-0053A6F26798 (d0, q0, r0, m0, 'sensors/data', ... (15 bytes))
1764806854: Sending PUBLISH to auto-48607CE7-2736-8E91-D289-53883276697B (d0, q0, r0, m0, 'sensors/data', ... (15 bytes))
1764806859: Received PUBLISH from auto-67EF4461-BB7C-529E-223B-0053A6F26798 (d0, q0, r0, m0, 'sensors/data', ... (17 bytes))
1764806859: Sending PUBLISH to auto-48607CE7-2736-8E91-D289-53883276697B (d0, q0, r0, m0, 'sensors/data', ... (17 bytes))
1764806860: Received PINGREQ from auto-48607CE7-2736-8E91-D289-53883276697B
1764806860: Sending PINGRESP to auto-48607CE7-2736-8E91-D289-53883276697B
1764806864: Received PUBLISH from auto-67EF4461-BB7C-529E-223B-0053A6F26798 (d0, q0, r0, m0, 'sensors/data', ... (17 bytes))
1764806864: Sending PUBLISH to auto-48607CE7-2736-8E91-D289-53883276697B (d0, q0, r0, m0, 'sensors/data', ... (17 bytes))
1764806869: Received PUBLISH from auto-67EF4461-BB7C-529E-223B-0053A6F26798 (d0, q0, r0, m0, 'sensors/data', ... (15 bytes))
1764806869: Sending PUBLISH to auto-48607CE7-2736-8E91-D289-53883276697B (d0, q0, r0, m0, 'sensors/data', ... (15 bytes))
1764806874: Received PUBLISH from auto-67EF4461-BB7C-529E-223B-0053A6F26798 (d0, q0, r0, m0, 'sensors/data', ... (14 bytes))
1764806874: Sending PUBLISH to auto-48607CE7-2736-8E91-D289-53883276697B (d0, q0, r0, m0, 'sensors/data', ... (14 bytes))
1764806880: Received PUBLISH from auto-67EF4461-BB7C-529E-223B-0053A6F26798 (d0, q0, r0, m0, 'sensors/data', ... (15 bytes))
1764806880: Sending PUBLISH to auto-48607CE7-2736-8E91-D289-53883276697B (d0, q0, r0, m0, 'sensors/data', ... (15 bytes))
1764806885: Received PUBLISH from auto-67EF4461-BB7C-529E-223B-0053A6F26798 (d0, q0, r0, m0, 'sensors/data', ... (15 bytes))
1764806885: Sending PUBLISH to auto-48607CE7-2736-8E91-D289-53883276697B (d0, q0, r0, m0, 'sensors/data', ... (15 bytes))
1764806890: Received PUBLISH from auto-67EF4461-BB7C-529E-223B-0053A6F26798 (d0, q0, r0, m0, 'sensors/data', ... (15 bytes))
1764806890: Sending PUBLISH to auto-48607CE7-2736-8E91-D289-53883276697B (d0, q0, r0, m0, 'sensors/data', ... (15 bytes))
1764806895: Received PUBLISH from auto-67EF4461-BB7C-529E-223B-0053A6F26798 (d0, q0, r0, m0, 'sensors/data', ... (15 bytes))
1764806895: Sending PUBLISH to auto-48607CE7-2736-8E91-D289-53883276697B (d0, q0, r0, m0, 'sensors/data', ... (15 bytes))
1764806900: Received PUBLISH from auto-67EF4461-BB7C-529E-223B-0053A6F26798 (d0, q0, r0, m0, 'sensors/data', ... (14 bytes))
1764806900: Sending PUBLISH to auto-48607CE7-2736-8E91-D289-53883276697B (d0, q0, r0, m0, 'sensors/data', ... (14 bytes))
1764806905: Received PUBLISH from auto-67EF4461-BB7C-529E-223B-0053A6F26798 (d0, q0, r0, m0, 'sensors/data', ... (15 bytes))
1764806905: Sending PUBLISH to auto-48607CE7-2736-8E91-D289-53883276697B (d0, q0, r0, m0, 'sensors/data', ... (15 bytes))
1764806910: Received PUBLISH from auto-67EF4461-BB7C-529E-223B-0053A6F26798 (d0, q0, r0, m0, 'sensors/data', ... (16 bytes))
1764806910: Sending PUBLISH to auto-48607CE7-2736-8E91-D289-53883276697B (d0, q0, r0, m0, 'sensors/data', ... (16 bytes))
1764806915: Received PUBLISH from auto-67EF4461-BB7C-529E-223B-0053A6F26798 (d0, q0, r0, m0, 'sensors/data', ... (15 bytes))
1764806915: Sending PUBLISH to auto-48607CE7-2736-8E91-D289-53883276697B (d0, q0, r0, m0, 'sensors/data', ... (15 bytes))
1764806920: Received PUBLISH from auto-67EF4461-BB7C-529E-223B-0053A6F26798 (d0, q0, r0, m0, 'sensors/data', ... (16 bytes))
1764806920: Sending PUBLISH to auto-48607CE7-2736-8E91-D289-53883276697B (d0, q0, r0, m0, 'sensors/data', ... (16 bytes))
1764806921: Received PINGREQ from auto-48607CE7-2736-8E91-D289-53883276697B
1764806921: Sending PINGRESP to auto-48607CE7-2736-8E91-D289-53883276697B
1764806925: Received PUBLISH from auto-67EF4461-BB7C-529E-223B-0053A6F26798 (d0, q0, r0, m0, 'sensors/data', ... (15 bytes))
1764806925: Sending PUBLISH to auto-48607CE7-2736-8E91-D289-53883276697B (d0, q0, r0, m0, 'sensors/data', ... (15 bytes))
1764806930: Received PUBLISH from auto-67EF4461-BB7C-529E-223B-0053A6F26798 (d0, q0, r0, m0, 'sensors/data', ... (14 bytes))
1764806930: Sending PUBLISH to auto-48607CE7-2736-8E91-D289-53883276697B (d0, q0, r0, m0, 'sensors/data', ... (14 bytes))
1764806935: Received PUBLISH from auto-67EF4461-BB7C-529E-223B-0053A6F26798 (d0, q0, r0, m0, 'sensors/data', ... (16 bytes))
1764806935: Sending PUBLISH to auto-48607CE7-2736-8E91-D289-53883276697B (d0, q0, r0, m0, 'sensors/data', ... (16 bytes))
1764806941: Received PUBLISH from auto-67EF4461-BB7C-529E-223B-0053A6F26798 (d0, q0, r0, m0, 'sensors/data', ... (15 bytes))
1764806941: Sending PUBLISH to auto-48607CE7-2736-8E91-D289-53883276697B (d0, q0, r0, m0, 'sensors/data', ... (15 bytes))
1764806946: Received PUBLISH from auto-67EF4461-BB7C-529E-223B-0053A6F26798 (d0, q0, r0, m0, 'sensors/data', ... (15 bytes))
1764806946: Sending PUBLISH to auto-48607CE7-2736-8E91-D289-53883276697B (d0, q0, r0, m0, 'sensors/data', ... (15 bytes))
1764806951: Received PUBLISH from auto-67EF4461-BB7C-529E-223B-0053A6F26798 (d0, q0, r0, m0, 'sensors/data', ... (17 bytes))
1764806951: Sending PUBLISH to auto-48607CE7-2736-8E91-D289-53883276697B (d0, q0, r0, m0, 'sensors/data', ... (17 bytes))
1764806956: Received PUBLISH from auto-67EF4461-BB7C-529E-223B-0053A6F26798 (d0, q0, r0, m0, 'sensors/data', ... (14 bytes))
1764806956: Sending PUBLISH to auto-48607CE7-2736-8E91-D289-53883276697B (d0, q0, r0, m0, 'sensors/data', ... (14 bytes))
1764806961: Received PUBLISH from auto-67EF4461-BB7C-529E-223B-0053A6F26798 (d0, q0, r0, m0, 'sensors/data', ... (16 bytes))
1764806961: Sending PUBLISH to auto-48607CE7-2736-8E91-D289-53883276697B (d0, q0, r0, m0, 'sensors/data', ... (16 bytes))
1764806966: Received PUBLISH from auto-67EF4461-BB7C-529E-223B-0053A6F26798 (d0, q0, r0, m0, 'sensors/data', ... (17 bytes))
1764806966: Sending PUBLISH to auto-48607CE7-2736-8E91-D289-53883276697B (d0, q0, r0, m0, 'sensors/data', ... (17 bytes))
1764806971: Received PUBLISH from auto-67EF4461-BB7C-529E-223B-0053A6F26798 (d0, q0, r0, m0, 'sensors/data', ... (17 bytes))
1764806971: Sending PUBLISH to auto-48607CE7-2736-8E91-D289-53883276697B (d0, q0, r0, m0, 'sensors/data', ... (17 bytes))
1764806976: Received PUBLISH from auto-67EF4461-BB7C-529E-223B-0053A6F26798 (d0, q0, r0, m0, 'sensors/data', ... (14 bytes))
1764806976: Sending PUBLISH to auto-48607CE7-2736-8E91-D289-53883276697B (d0, q0, r0, m0, 'sensors/data', ... (14 bytes))
1764806981: Received PUBLISH from auto-67EF4461-BB7C-529E-223B-0053A6F26798 (d0, q0, r0, m0, 'sensors/data', ... (15 bytes))
1764806981: Sending PUBLISH to auto-48607CE7-2736-8E91-D289-53883276697B (d0, q0, r0, m0, 'sensors/data', ... (15 bytes))
1764806982: Received PINGREQ from auto-48607CE7-2736-8E91-D289-53883276697B
1764806982: Sending PINGRESP to auto-48607CE7-2736-8E91-D289-53883276697B
1764806986: Received PUBLISH from auto-67EF4461-BB7C-529E-223B-0053A6F26798 (d0, q0, r0, m0, 'sensors/data', ... (15 bytes))
1764806986: Sending PUBLISH to auto-48607CE7-2736-8E91-D289-53883276697B (d0, q0, r0, m0, 'sensors/data', ... (15 bytes))
1764806991: Received PUBLISH from auto-67EF4461-BB7C-529E-223B-0053A6F26798 (d0, q0, r0, m0, 'sensors/data', ... (14 bytes))
1764806991: Sending PUBLISH to auto-48607CE7-2736-8E91-D289-53883276697B (d0, q0, r0, m0, 'sensors/data', ... (14 bytes))
1764806996: Received PUBLISH from auto-67EF4461-BB7C-529E-223B-0053A6F26798 (d0, q0, r0, m0, 'sensors/data', ... (15 bytes))
1764806996: Sending PUBLISH to auto-48607CE7-2736-8E91-D289-53883276697B (d0, q0, r0, m0, 'sensors/data', ... (15 bytes))
1764807001: Received PUBLISH from auto-67EF4461-BB7C-529E-223B-0053A6F26798 (d0, q0, r0, m0, 'sensors/data', ... (15 bytes))
1764807001: Sending PUBLISH to auto-48607CE7-2736-8E91-D289-53883276697B (d0, q0, r0, m0, 'sensors/data', ... (15 bytes))
1764807007: Received PUBLISH from auto-67EF4461-BB7C-529E-223B-0053A6F26798 (d0, q0, r0, m0, 'sensors/data', ... (17 bytes))
1764807007: Sending PUBLISH to auto-48607CE7-2736-8E91-D289-53883276697B (d0, q0, r0, m0, 'sensors/data', ... (17 bytes))
1764807012: Received PUBLISH from auto-67EF4461-BB7C-529E-223B-0053A6F26798 (d0, q0, r0, m0, 'sensors/data', ... (15 bytes))
1764807012: Sending PUBLISH to auto-48607CE7-2736-8E91-D289-53883276697B (d0, q0, r0, m0, 'sensors/data', ... (15 bytes))
1764807017: Received PUBLISH from auto-67EF4461-BB7C-529E-223B-0053A6F26798 (d0, q0, r0, m0, 'sensors/data', ... (15 bytes))
1764807017: Sending PUBLISH to auto-48607CE7-2736-8E91-D289-53883276697B (d0, q0, r0, m0, 'sensors/data', ... (15 bytes))
1764807022: Received PUBLISH from auto-67EF4461-BB7C-529E-223B-0053A6F26798 (d0, q0, r0, m0, 'sensors/data', ... (15 bytes))
1764807022: Sending PUBLISH to auto-48607CE7-2736-8E91-D289-53883276697B (d0, q0, r0, m0, 'sensors/data', ... (15 bytes))
1764807027: Received PUBLISH from auto-67EF4461-BB7C-529E-223B-0053A6F26798 (d0, q0, r0, m0, 'sensors/data', ... (17 bytes))
1764807027: Sending PUBLISH to auto-48607CE7-2736-8E91-D289-53883276697B (d0, q0, r0, m0, 'sensors/data', ... (17 bytes))
1764807032: Received PUBLISH from auto-67EF4461-BB7C-529E-223B-0053A6F26798 (d0, q0, r0, m0, 'sensors/data', ... (15 bytes))
1764807032: Sending PUBLISH to auto-48607CE7-2736-8E91-D289-53883276697B (d0, q0, r0, m0, 'sensors/data', ... (15 bytes))
1764807037: Received PUBLISH from auto-67EF4461-BB7C-529E-223B-0053A6F26798 (d0, q0, r0, m0, 'sensors/data', ... (15 bytes))
1764807037: Sending PUBLISH to auto-48607CE7-2736-8E91-D289-53883276697B (d0, q0, r0, m0, 'sensors/data', ... (15 bytes))
1764807042: Received PUBLISH from auto-67EF4461-BB7C-529E-223B-0053A6F26798 (d0, q0, r0, m0, 'sensors/data', ... (15 bytes))
1764807042: Sending PUBLISH to auto-48607CE7-2736-8E91-D289-53883276697B (d0, q0, r0, m0, 'sensors/data', ... (15 bytes))
1764807043: Received PINGREQ from auto-48607CE7-2736-8E91-D289-53883276697B
1764807043: Sending PINGRESP to auto-48607CE7-2736-8E91-D289-53883276697B
1764807047: Received PUBLISH from auto-67EF4461-BB7C-529E-223B-0053A6F26798 (d0, q0, r0, m0, 'sensors/data', ... (17 bytes))
1764807047: Sending PUBLISH to auto-48607CE7-2736-8E91-D289-53883276697B (d0, q0, r0, m0, 'sensors/data', ... (17 bytes))
1764807052: Received PUBLISH from auto-67EF4461-BB7C-529E-223B-0053A6F26798 (d0, q0, r0, m0, 'sensors/data', ... (15 bytes))
1764807052: Sending PUBLISH to auto-48607CE7-2736-8E91-D289-53883276697B (d0, q0, r0, m0, 'sensors/data', ... (15 bytes))
1764807057: Received PUBLISH from auto-67EF4461-BB7C-529E-223B-0053A6F26798 (d0, q0, r0, m0, 'sensors/data', ... (17 bytes))
1764807057: Sending PUBLISH to auto-48607CE7-2736-8E91-D289-53883276697B (d0, q0, r0, m0, 'sensors/data', ... (17 bytes))
1764807062: Received PUBLISH from auto-67EF4461-BB7C-529E-223B-0053A6F26798 (d0, q0, r0, m0, 'sensors/data', ... (17 bytes))
1764807062: Sending PUBLISH to auto-48607CE7-2736-8E91-D289-53883276697B (d0, q0, r0, m0, 'sensors/data', ... (17 bytes))
1764807068: Received PUBLISH from auto-67EF4461-BB7C-529E-223B-0053A6F26798 (d0, q0, r0, m0, 'sensors/data', ... (17 bytes))
1764807068: Sending PUBLISH to auto-48607CE7-2736-8E91-D289-53883276697B (d0, q0, r0, m0, 'sensors/data', ... (17 bytes))
1764807073: Received PUBLISH from auto-67EF4461-BB7C-529E-223B-0053A6F26798 (d0, q0, r0, m0, 'sensors/data', ... (17 bytes))
1764807073: Sending PUBLISH to auto-48607CE7-2736-8E91-D289-53883276697B (d0, q0, r0, m0, 'sensors/data', ... (17 bytes))
1764807078: Received PUBLISH from auto-67EF4461-BB7C-529E-223B-0053A6F26798 (d0, q0, r0, m0, 'sensors/data', ... (15 bytes))
1764807078: Sending PUBLISH to auto-48607CE7-2736-8E91-D289-53883276697B (d0, q0, r0, m0, 'sensors/data', ... (15 bytes))
1764807083: Received PUBLISH from auto-67EF4461-BB7C-529E-223B-0053A6F26798 (d0, q0, r0, m0, 'sensors/data', ... (17 bytes))
1764807083: Sending PUBLISH to auto-48607CE7-2736-8E91-D289-53883276697B (d0, q0, r0, m0, 'sensors/data', ... (17 bytes))
1764807088: Received PUBLISH from auto-67EF4461-BB7C-529E-223B-0053A6F26798 (d0, q0, r0, m0, 'sensors/data', ... (14 bytes))
1764807088: Sending PUBLISH to auto-48607CE7-2736-8E91-D289-53883276697B (d0, q0, r0, m0, 'sensors/data', ... (14 bytes))
1764807093: Received PUBLISH from auto-67EF4461-BB7C-529E-223B-0053A6F26798 (d0, q0, r0, m0, 'sensors/data', ... (15 bytes))
1764807093: Sending PUBLISH to auto-48607CE7-2736-8E91-D289-53883276697B (d0, q0, r0, m0, 'sensors/data', ... (15 bytes))
1764807098: Client auto-48607CE7-2736-8E91-D289-53883276697B closed its connection.
1764807098: Received PUBLISH from auto-67EF4461-BB7C-529E-223B-0053A6F26798 (d0, q0, r0, m0, 'sensors/data', ... (17 bytes))
1764807103: Received PUBLISH from auto-67EF4461-BB7C-529E-223B-0053A6F26798 (d0, q0, r0, m0, 'sensors/data', ... (15 bytes))
1764807108: Received PUBLISH from auto-67EF4461-BB7C-529E-223B-0053A6F26798 (d0, q0, r0, m0, 'sensors/data', ... (17 bytes))
1764807113: Received PUBLISH from auto-67EF4461-BB7C-529E-223B-0053A6F26798 (d0, q0, r0, m0, 'sensors/data', ... (14 bytes))
1764807114: Client auto-67EF4461-BB7C-529E-223B-0053A6F26798 closed its connection.
1764807126: mosquitto version 2.0.22 terminating
